id,name
1,OnAir50792827286
2,Paradise07663862175
3,l_ng_c_2026
4,Trip49632276562
5,Go24271942310
6,Adventure19385216773
7,Go51807767602
8,Voyager16834915160
9,Wander12950578217
10,DayTrip20144423861
11,h_uduyt2026
12,Quest24903050590
13,Getaway67455396903
14,Resort30519959724
15,GoPlaces67042067671
16,Sherpa29200137694
17,b_nhc2026
18,kh_v2026
19,Odyssey15782079357
20,NorthStar64443628663
21,Roam19591555126
22,ng_ctri_mv2025
23,O3840OBlinhn
24,Cruiser24545491507
25,Curious25603466592
26,Safari20928859586
27,Paradise35326639525
28,163ho_ngb
29,Passport41510436053
30,Jet30267451609
31,Travel59702468341
32,Dreamer13962583653
33,caztushouse
34,Sunflower032023
35,CatRot2012
36,LuckyMoneyvn2022
37,GoPlaces11841210347
38,maihuongkhanh
39,501tuanv
40,nguy_nquangh2019
41,623_ct
42,hainguyen961210
43,415trangt
44,vuduong253842
45,Hoanglamlm
46,lienucmas
47,chinhthang
48,tranthinam
49,791_p
50,ltdat1618
51,BaKhoiLe
52,HoaBinhTT
53,TheNemo
54,Eric_Trang
55,Loeylee
56,Nguyen_Van_Bao_Quoc
57,dolacat
58,sumibaobao
59,thuybuibam
60,Trail797719
61,LocL99
62,hieu2017
63,lindajayned2017
64,urbantourist2015
65,ColinRichardBowles
66,Siobhain32
67,CJT10
68,FelicityK76
69,haohiepptbt
70,JiS137
71,NgoHieuDanny
72,anhtuanhoang
73,YooMissi
74,truongvanbaot
75,DuyI2
76,auhon
77,purpilphoenix
78,lucassus
79,XuanVuong
80,elsa874193
81,beanhunter2019
82,Phuc2606
83,lamtranminhtam
84,tienthanhnguyen
85,AriSawa
86,xiaohuang999
87,aloloven
88,tessealive
89,PiPotravel_NAC
90,HT8057
91,Minhthetraveller
92,ice-row
93,hoasua2010
94,Linhmy61
95,DichCuu
96,BoardingPass821428
97,NVT36
98,lokivo
99,ntttip
100,OnAir682391
101,jangjunseo1234
102,Sunshine830074
103,LucasTran9723
104,thanhnhaxyz
105,Hoang2111
106,ShereKhang
107,Winny2107
108,PhanT349
109,Deann32
110,phamhungyini
111,longn765
112,dotriethoc72
113,VietQuyenH
114,LoanbtT
115,Curiosity793748
116,dangminht77
117,Road762571
118,minhducd2018
119,thkk1361
120,MalieMeow
121,Guide694210
122,tramluan
123,TavivuVN
124,huyd167
125,giaolam1715
126,Takani
127,435nguy_nv
128,ToiVu
129,248t_iv
130,Infinity_Nhatrang
131,Footprints735339
132,nguyenhochinh
133,Go757365
134,877ti_nt
135,Freemanhp
136,YuminakaY
137,baod495
138,nhac55
139,tuannguyenspt
140,h_n855
141,499winnyt
142,_inhth_thanht
143,Exploration726109
144,CrystalTMH
145,ThaoQB
146,nguyenph2017
147,CuiB6
148,ThuBaL3
149,AnhABC
150,Micheal12412
151,Lax_LeHoang
152,thaophamvtavn
153,Lucisvu
154,1nguy_nl
155,quangvinhb3
156,LoveTravel687313
157,trangdang123
158,HaiNghia
159,Sherpa679607
160,Serenahuynh
161,nguyennub
162,huyentrangnguyen234
163,833tr_ngt
164,thaithaonguyen37
165,sun6112015
166,49vun
167,jacquelinen514
168,dukhach123
169,trietdan3010
170,Camper664783
171,Relax576777
172,trieubom
173,Thuy-Haibara
174,phuongthao952
175,danielpr1127
176,158vinht
177,Phat_Tran
178,thaoyunj
179,Jackbuffalo2014
180,trungnguyen0909
181,TRANDUCDANTHINH
182,Ashleyvietnam
183,linga7979
184,nguyentrongcac
185,phuongdang1709
186,Ly096
187,camgiangn
188,kousuke_kun
189,nguyenhunghaisaigon
190,706tr_l
191,Annyhuynh
192,Oeilletvivi
193,LaLaHCM
194,ainhotel
195,NicholasMatrix
196,nganhahotel190
197,tuananh1747
198,Uyenphuong242
199,PhatTruong
200,duyv0
201,Adventurer598033
202,ChauNguyenTo
203,JennyPhuong
204,LIENTHANHHOTEL
205,Tezin-Gyalpo
206,hoanganh2020
207,DuongHong
208,Linhlinh2014
209,phamlinh_hn
210,Taikaivietnam
211,toiyeuThanhHoa36
212,597t_it
213,LaMata39
214,GlobeTrotting696920
215,Voyager42128931837
216,huonglan1
217,485_v_nd
218,bobbied865
219,OnAir33436708417
220,Anh_tran12345654321
221,PhanN102
222,ph_mh0_in
223,40ph_ngp
224,h_xu_n_2019
225,l_th_ng_ch2019
226,840hoan
227,_th_kimt2019
228,tr_nth_p2019
229,520_th_d
230,ThaoNguyenNg
231,Phamngocuyen
232,NTHT_aries1998
233,EvaNguyen2020
234,phanysan
235,Sanle0101
236,nh_tp2019
237,ifitnessvn1
238,JohnTran0510
239,nguyenminhtri140217
240,tranhanhtruongtho92
241,HuyTuanNguyen
242,tam445
243,quanglan
244,DinhN104
245,donneyly
246,EssexTimmy
247,Elly261290
248,LuongVi
249,konykino
250,mrprark
251,Nguyen_Khang
252,chinhiz
253,Travel54348234816
254,HenryHungDao
255,Khabitt
256,thanhbinh_crh
257,PuchinPham
258,juhyunseo
259,vohung56
260,rocky4508
261,Henry_Tuan
262,Truongp20
263,Wanderer821450
264,Stay797592
265,ALy07HD
266,trucnguyen102
267,hoaiphongk
268,let90483
269,Thuyho0202
270,419hoangn
271,Khoisgt
272,PhongT218
273,Pioneer794845
274,NguyenP65
275,Candy1908
276,pemayman14
277,trantramanh2512
278,quangluu
279,HongQuanMaiT
280,ThanhDuyL3
281,phamthang2918
282,Curiosity765359
283,Freedom764185
284,HOANGHUYVO
285,daken05
286,850elainet
287,dohungthanh3012
288,ltloc83
289,KhanhL128
290,BikeStationvn
291,thuyn765
292,loann308
293,contraibati
294,DanhBui
295,DaChau
296,Travel724112
297,Vacation720278
298,497minhl
299,453nh_nn
300,508nhungl
301,giole142
302,pizzasunflower
303,mlinh89
304,724phong
305,jouney2017
306,TranV144
307,ki_nphongc
308,juliet-yen1990
309,JenniferLinh
310,medusao
311,lovekjt
312,pluyen
313,ToanQL
314,cuongl507
315,PurpleCherry17
316,hahaha882005
317,nhatrang1908
318,candyi2017
319,thanhtamboney
320,Hoanghongloan_1967
321,anna_ni2013
322,q_lend
323,Relax665361
324,JudokaL1
325,dulichladamme
326,banhtrai6630
327,thaitrinhpham
328,hanhnhan
329,Khoapda
330,nkhanle
331,Tuongvan1906
332,TuyetHanh0602
333,SonHa2015
334,locn860
335,let534
336,Chuong2015
337,Sinny1610
338,nguyenle87
339,LyTaKimLong
340,Vanquoc61
341,Vptour-Hanoi
342,Dannyank
343,nuongvo
344,Anniele123
345,quanminhhong
346,141quangn
347,Phong85
348,startourvietnam
349,591tuen
350,Annguyenthuy
351,Journey60556389670
352,nh_ph_ngp2024
353,Passenger13696406999
354,ThanhTraveler11
355,lud868
356,GoPlaces62229730183
357,tut413
358,h_ob798
359,Wander30601987708
360,705ngh_a_
361,baolinh312396
362,Haokat_0507
363,chungvihung
364,GRLUK
365,Akisanlaila
366,436SueM
367,Oanhcute
368,nganchukim
369,muju5253
370,Lynntan921
371,nihadel
372,blockbuster89
373,michellewQ3988QU
374,Asiadream
375,jaceo246
376,884jennim
377,PaulE493
378,kaylajk28
379,Emmafinns
380,LiveWellAndThrive777
381,patsyrecline
382,forknbeans
383,BradM1178
384,richardhall73
385,laurenk200
386,raykool
387,juliee109
388,Micha1952
389,Quest689102
390,O9617BZscotth
391,caelanf10
392,My932000
393,jessicachoubb
394,jennifertsl429
395,Lindatravelista
396,H5209MArogers
397,Kelstar2014
398,CarolineW104
399,michaelsumner5764
400,alvinlhting
401,CECILE_MANOU
402,orino2016
403,ellabella425
404,jessiesanfran
405,northvan05
406,maddad636
407,vickij339
408,edwardrO7002XO
409,KateKateBa
410,sarahmG8884JR
411,sigorilla
412,Sept19-3
413,bethanyhutchinson52
414,369sandyl
415,phatle11
416,audreyrr2015
417,Hooshmand
418,Bintangkechil
419,sheilamiranda6817
420,steveduhart6790
421,brendankang2762
422,wengSDK
423,c00kie76
424,DerekT1002
425,solacey
426,treechange69
427,Lenny778
428,908francov
429,giselef71
430,marleneo543
431,hatrancute
432,DragonVinh93
433,daokhanh87
434,897han
435,Kathy_Pham_hcm
436,Minh2860
437,Storyteller738150
438,hokkaa
439,OSHIOVN
440,Candypham
441,tranphuocyem
442,TrinhMai
443,khanhtc2019
444,Tour763191
445,dannyho250593
446,LennaVii
447,AnhQuocN4
448,nguyenvitravel
449,mail868
450,YenN291
451,956phank
452,NorthStar739744
453,h_myv
454,71minhq
455,NgocMai06
456,Tranhatam
457,Tris_Dinh
458,Coastal721818
459,travellersb2017
460,Minia1305
461,Sightseer703220
462,OanhV30
463,ThoaiTran2508
464,Trung_Pham_Duc
465,nguyenh604
466,langthang159
467,Sightseer672028
468,JamesR6324
469,camvan1412
470,538ph_mh
471,rubyc1096
472,_iquy_nt
473,thanhthiftu2
474,tralanh1712
475,linhtran86
476,NgocDungP3
477,Escape648839
478,Adventurer647925
479,Daviddu123
480,duyson14995
481,hai_dang_ng
482,j0liepham0209
483,390minhh
484,KingMins
485,hoanguyenvan
486,KyDuyenTon174
487,11kassie11
488,Hemant_Ggn
489,UV1951
490,B1130WWmelissal
491,liaduziel
492,CottiTheresa
493,gastronaut_11
494,mel2018263
495,364katrinab
496,DAROHATH
497,HongKongMIchelle
498,B138877
499,KarlosV_12
500,197gabes
501,ihabismail
502,piccolam2015
503,Dreamer09375346680
504,dp1980
505,AshviniS10
506,Per_K_1969
507,elikel2016
508,rachaelelizabeth75
509,etchory1108
510,PCzns
511,outtadundee
512,Resort702051
513,billiewg
514,enedina01
515,StevesHappyTimes
516,idoadmoni
517,chenadmoni
518,teresafU6695EC
519,670erana
520,Kjames4221
521,SigDug
522,SKim646
523,yenlinh512
524,amysfacsoflife
525,HollieNZ
526,Sotontraveller
527,katiamilovanova
528,lynleeb2016
529,camuche123
530,Tropica123
531,themrsons
532,LieuL10
533,amydreverman
534,maychen1105
535,fluffymonkey
536,giaminhking
537,7minhh
538,DungN593
539,Nguyenkhactrongnhan
540,phansitrung1192
541,vuthuydauyen
542,ptahoa
543,anhkiet280
544,qu_cph_cth_nhn2026
545,924y_nv
546,ckun_panda
547,maiv203
548,nghongnhung2023
549,8ngh_an
550,ngvietnghia
551,GrandTour43725210135
552,G8588BOalexd
553,Toonhei443
554,tr_nth_o2019
555,KienBinhpk
556,thithuhuenguyen351
557,361nguy_nth_h
558,Getaway09978036126
559,bichphuongqn
560,nguy_nth_ng_ch2019
561,134h_ngk
562,nguy_nth_g2019
563,trantrongthu
564,tapdoantrananh
565,hothanhminh
566,BaBiNgo1
567,Nguyenho123
568,Rainbow_ThuThu
569,HoaHa
570,Jshshaja
571,myanhnguyenthi
572,Andydjp
573,johnmack96
574,linnman
575,martyb0513
576,highimpactuk
577,Aussie-x
578,Orpenitin
579,pegstav21
580,364aravinthr
581,thetravellingfugu
582,PatThanhLan
583,jk-liu
584,markwJ9075NB
585,L6568ZFscottl
586,Setiabudi67
587,auemporn
588,802iant
589,Sonia70milano
590,LJDTravel
591,354stepheny
592,jamestY1487CK
593,TienVuN3
594,ZaiTri
595,tuantibon
596,DuyenThuy
597,NhanDang98
598,RanCantabile
599,libreenfrance
600,Tam_le_vietnam
601,luongthaibuu
602,DzungV6
603,VanN651
604,ThanhN1016
605,phuong29071996
606,HungN733
607,603huongp
608,namnguyenBIDV
609,NguyenN861
610,vant459
611,137duyh
612,MISA167
613,123Blue-sky123
614,CarlDo_Thomson
615,henrypham88
616,Flyer666789
617,t_anhl2017
618,dungtanphu
619,duy_nk2017
620,chienanhh
621,HuyTim
622,DranaiNguyen
623,ThanhCongNguyen
624,Curiosity676058
625,tuannguyenbt
626,ktsphuong68
627,cheryl_thp
628,JOYC2169
629,nguyenkhanhlinhsg
630,ZungZe
631,sujun12
632,vuquangtien
633,maynguyen273
634,TrangChuppy
635,Nau0411
636,tidolun
637,phuocvnh
638,Jourmas3
639,chaus2013
640,536vyh
641,Laptizicutiqa
642,Shuu98
643,Travel34353061610
644,thuhangzt
645,fostere283
646,Hoangmy312
647,ken_march19
648,aquarian_India
649,Ozer
650,tastingtravelyoutube
651,MaryH686
652,Tercoltrip
653,fras65
654,331colinw
655,leitrim65
656,kanishk2611
657,B2117ZUpaulw
658,tommyo47
659,sambJ6332ZV
660,991royd
661,nyleb2018
662,MikeFromSherburn
663,RG02
664,jmsilverfox
665,vickvan20
666,eytanin
667,AliceMatulessy
668,jennysL642IT
669,Q3492Yadrian
670,RGSCEW
671,FOL-1003
672,mexicanonthego
673,kmratesplates
674,461philg
675,Lenka90
676,SteveByfleet
677,TheCount69
678,2905meerak
679,FraserM350
680,youngtravellers222
681,toannguyenaustralia
682,badmintontim
683,Koenaki
684,Goldenbeach2010
685,Ace6foot8
686,1234emma
687,rachelmR2978EH
688,davidhP5567XE
689,darren000000
690,chrislock
691,zarniwoop
692,oscarv431
693,D1671JPjonb
694,kennethmC4093YX
695,958vinayd
696,mariek584
697,399antoinek
698,Voyager829604
699,NunesK
700,SomedaydotBike
701,CSD111
702,EricaA1833
703,vegaspeck
704,JLandMike
705,SalinahS9
706,bethsweet1
707,117georgep
708,jerrys895
709,ELRamsden1994
710,efCologne
711,SshuddhoGhosh
712,Trail276248
713,ICC256
714,arah_hadi
715,teggalew
716,piyushrp
717,0xA1
718,OceanShark
719,1hker1
720,Mawebb
721,Swissgirl87
722,571travel
723,akeong
724,P6405YXrobertm
725,myzatul_mye
726,Tremblant110
727,983eduS
728,rdhillon89
729,M1754HFjuliel
730,helenlY8743MC
731,pendragon19
732,bowpak
733,W3772EEmichaelw
734,Gurano
735,80petel
736,GuiWong
737,395carlam
738,I6308YNdavidb
739,1TravlinTim
740,tovohostel
741,713missg
742,MATJosephL
743,Pioneer828249
744,SureePop
745,CatarinaA434
746,cocojazzy14
747,nikola975
748,454Dave11
749,izoels
750,ChantelleGoodman
751,markc584
752,NandiNella
753,phgcsg
754,roin802
755,maellejc
756,SamuelPiette
757,KalyaniG50
758,342gills
759,W4206SOvincentg
760,mardibrayton
761,sumo1404
762,aruotnof
763,umsoares
764,almazhodzhaev145
765,btb1952
766,BangkokJoey
767,mcpheet
768,909yvesw
769,danbrindley75
770,shermWC
771,dontevenjoke
772,traceeCee
773,hali104
774,burkey23
775,downunderbaby
776,foxcobble
777,Safari538051
778,robadobabob
779,NguyenQuocTruong
780,ya13do10
781,RiNnaB_12
782,henryleeca
783,SingaporeSwoon
784,Tousoxeu
785,haplo89
786,angelsR5492SF
787,StarTraveller25
788,Lukedudlee
789,Mold54
790,Ryaiserz
791,sharonmU724PI
792,Sam_cat_danglish
793,Davefmcc
794,IanEharding
795,munisxc
796,320jacquesf
797,adventuresofkaymay
798,BcbchilliBr
799,865ChrisL
800,Chususuchusu
801,EthelGeNee
802,Bourne2fish
803,ongjanice1
804,OnVisited
805,HIU_HIP
806,redemigrant
807,DaycareDi
808,lexine985
809,kdoi2017
810,denisbU8639TN
811,Jomama_Fosho
812,kingdomjeremy
813,lozzdog
814,jacks204
815,896malcolml
816,F7081TYkarens
817,shaunybrian
818,288megan
819,kenmoore2018
820,174Soares
821,BaliBugus
822,loukiaky
823,T4907BGrichardh
824,114sherylc
825,mizahanif03
826,Loves2travel_GE
827,AnjaliSahrawat
828,14raj
829,stormrunner
830,CarlosEnFZ
831,Murp52
832,kyle2015
833,theoloniousfunk
834,PCliveR
835,beatef159
836,431EricC
837,12AlisonW
838,ciaranstimeout
839,2luxurytravellers
840,makohoshina
841,Beachgrammy56
842,timochua
843,kkp45162
844,olietui
845,RichandJamesPeterson
846,P3422CGmegans
847,simondE9801OX
848,goodguyjas
849,sueo545
850,binonatrip
851,275michalisp
852,KohilamK
853,Relax94949
854,639matthiasd
855,13abigaill
856,dhura
857,NgocMaiCatdady
858,NNHA
859,vut105
860,Excursion774151
861,trannlinhchi2307
862,Elisehanhnguyen
863,NhuN110
864,cornv786
865,QuynhAnhN1
866,khanhduy103
867,Alexander-Nguyen1909
868,c_mmit
869,nguyenduy2011
870,anhthutm181195
871,TheAnhC1
872,Voyage673325
873,Excursion64870260032
874,thyt785
875,Duc_Trinh
876,ColeSolomon
877,Arriety_L
878,_ngocnga1342
879,rinc2016
880,hanthuyen228
881,KingYacht
882,832kh_nhk
883,AnBuiPhoto
884,huonglan1211
885,TeddyStubborn
886,linhmai0510
887,Trail25117094066
888,Nomad42336677810
889,62t_nn_
890,Quest08525734278
891,Companion56416232477
892,thuhuongh2025
893,Scenic35416489821
894,Jet55049232666
895,rooster888
896,vann862
897,847nguyens
898,ilungy
899,_E6218DU
900,Camper41498440626
901,kentphamvn
902,Mikisani51
903,Getaway779705
904,ReusM7
905,ponotran
906,larap150
907,Excursion476361
908,Paradise28319823813
909,Sherpa21830167709
910,thangpham12
911,120ph_mt
912,602lucn
913,Stay23862204542
914,ngyenanh2021
915,fanboeing78710
916,giakhangvt
917,chubbyman8x
918,LeHong
919,Companion04629138579
920,thoanguyen_91
921,Lamvungtau
922,Sonvungtau17
923,nguyenquocdan
924,akmkyo
925,tominer1110
926,palmonglang
927,tramtran1812
928,kunal-explorer
929,_rachrachie
930,BN151
931,robmckay48
932,4779
933,michaelc276
934,tonyp767
935,isabella_deruiter
936,Star1310
937,JefeTejas
938,txnat
939,AndrewH656
940,chloemcdonaldhnco
941,Billhartsia
942,masumilly-a30
943,deyasminro49
944,2011_Vanessa
945,SusanM5489
946,tingman1
947,Ginger9312
948,yelena64
949,Di1di
950,khara102017
951,amason1968
952,872lizj
953,lumsbridge
954,crdm2017
955,Lovebigpig
956,haianh12112011
957,Kimanh144
958,S64KShenryb
959,trong_cool
960,Chanchan_8696
961,Pathfinder825775
962,nguyenhau1
963,Venture754972
964,titkit
965,Ruaquocte
966,Go753270
967,tranmydung
968,535lev
969,phanp79
970,Partrickamien
971,pemayman1403
972,vyt157
973,493nguyent
974,Discover716785
975,thanh1
976,622t_h
977,ThanhT743
978,Josh_Diep
979,NhungP61
980,Chrisitne_Tran
981,mina_0913
982,Tieu3312
983,h_ot176
984,TheBestJoy
985,Halocal
986,423ducn
987,h0_ngc_ngc
988,Dream04297625095
989,484hi_nn
990,Fearless43312137269
991,mayhutchankhongyamaf
992,Saigoj
993,Pioneer23295712464
994,ng_ca2023
995,luadaiviet
996,quynhhuongh2
997,962h_n
998,jas0nbaker
999,ashishdeora123
1000,sezzyloulou
1001,PMB1231
1002,CJBARR
1003,sydneygirl31
1004,digitalroc
1005,peekaboo19
1006,wholenewworld2
1007,773hilalk
1008,gnadeylime
1009,CheeWM2014
1010,Dungohere
1011,Muktasarawar
1012,roadrunnner7691
1013,PhilipD977
1014,Deecrazycoconut
1015,vishals654
1016,AndyandLucy2019
1017,marcellinawolfgramm
1018,Northwalessightseer
1019,SiddhanthChaganti
1020,Dr_Mark_Belokopytov
1021,668omidk
1022,2ickst3r
1023,randyp152
1024,JoNzOnONon
1025,bbkate
1026,mforster23
1027,328robertw
1028,timm6
1029,Tour53337030959
1030,606kylies
1031,Abrwn
1032,SmileyFace56
1033,656dy
1034,minimalriley
1035,148karene
1036,bharatd715
1037,1987dan
1038,RoddyPayne
1039,Claudiabacca
1040,AkashMaurya
1041,mariaaP3191YL
1042,137bharathb
1043,ReviewerIndo
1044,Daydream274242
1045,ddiva77
1046,BritneyLisa123
1047,Lisafromwa
1048,ShirH3
1049,gab072015
1050,JrL464
1051,ElyzaM28
1052,yastayeb
1053,bluecrystal248
1054,Sreydy
1055,davidyang85
1056,Jacky_Bhagat
1057,llcsummer
1058,lazdesilva80
1059,henghown
1060,Duykay
1061,Chenjuqin
1062,Jennyloveken
1063,lili19920808
1064,MissShell06
1065,gazza909
1066,Seaweed87
1067,Cathy0795
1068,Givparis
1069,slapperd
1070,Daria822
1071,MrAnhPhan
1072,truongv751
1073,tuananh1990
1074,kolia88
1075,Scenic822145
1076,0898157105
1077,Expedition383324
1078,tthostelhcm
1079,328tr_ng_
1080,Journey770883
1081,fangahyen16112017
1082,822nhih
1083,Trong_Khanh
1084,Sengarden
1085,Trip719745
1086,625giangd
1087,Hanoi01
1088,HoaTrip
1089,QuyenN118
1090,huyenn162
1091,nh_qu_nhn2018
1092,55kiett
1093,hoanb2016
1094,ktl90_90
1095,tuannhatvu
1096,vananhdang
1097,ThuPham2015
1098,sonnguyen_sam
1099,TylerNguyen0810
1100,AnVu2
1101,AndelaHN
1102,986minht
1103,ho_nn536
1104,maip387
1105,SORAbar2412
1106,Flyer54563825580
1107,dieu0929414611
1108,hoangl977
1109,thanhtruchh
1110,macsauly
1111,loin64
1112,richardintx
1113,265rudij
1114,HannahKS2020
1115,bmelland
1116,Avntheothers
1117,202caryl
1118,b00merangguesth0use
1119,shellbuckle
1120,436suej
1121,sophylee
1122,jessicalightfoot
1123,ibonaol
1124,kk62
1125,F4225RPmikem
1126,itineranti2015
1127,Wadavers
1128,jdesgagnes
1129,seanjC9428RP
1130,CaneloLeche
1131,sealavie2019
1132,Travelaround59
1133,FernieSimon
1134,DianneG498
1135,474Julia13
1136,Travelelite88
1137,Nublet
1138,NatO45
1139,travelingtalia
1140,H1411APmichaelm
1141,welltravelledteacher
1142,LisaJ2703
1143,Smrutirekha
1144,sierrapilar
1145,Pioneer790302
1146,Greenclifflady
1147,emmat0105
1148,mariancJ962TZ
1149,MikeNguyenOC
1150,alexc436
1151,702gunnarm
1152,sheilalakey61
1153,richardcampion
1154,-Meesh1992
1155,F5155FZfrankc
1156,buntyck
1157,laurenevei
1158,epruuu
1159,Foodeveloper
1160,familyofsixSydney
1161,yaneb2019
1162,parrusk
1163,409walterj
1164,N1804OLpeters
1165,Joely38
1166,DavidDean78
1167,retaxus
1168,VPea001
1169,theflyingball
1170,cjmzc
1171,Megsta21
1172,bettyboop155
1173,lousunde
1174,JohnNetherlands90
1175,Mairwen1
1176,Belfast_Bowler
1177,788ScottS788
1178,689nadiaw
1179,SeoulbigB
1180,GlassHalfFull13
1181,SGCharlie
1182,Hong_Qiu_Ling
1183,Adam_Bang
1184,Japan_tourguide712
1185,stredel
1186,GalG114
1187,ArmyRangeratMIT
1188,RedrockJunction
1189,coolexplorer313
1190,JPloves2travel
1191,ramond76
1192,jeremynM8137ML
1193,Naughtee
1194,OJ_1999
1195,pompsk
1196,Fidhaullah786
1197,daanjansen743
1198,adamsB9075NN
1199,Szymon1978
1200,d13m19
1201,olbaido
1202,gracekava
1203,PamD1484
1204,Piggogo
1205,Penguin9999699999
1206,petermJ7065RW
1207,R7131KIstuartc
1208,asmodien
1209,travelbug-lauren
1210,davidhosg
1211,SouthCoastFamilyMan
1212,AlixDav
1213,carnegiegirlcp
1214,LittleDi2
1215,Schhel
1216,759stevet
1217,tppgijsbrechts
1218,HoaNguyen297
1219,Nilz07
1220,norbertk840
1221,C5060EKmatthewp
1222,1william5555
1223,Jelli5
1224,Christina23071903
1225,monttexan
1226,alisonmI2067BS
1227,GalaNangGala
1228,stevenrhannan
1229,DeanS403
1230,mheggiejane
1231,-_calum_ldn_-
1232,SteveTheRed931
1233,549graemef
1234,shakeh2019
1235,Guest048
1236,jamespF8996EU
1237,alexandra_anthonsen
1238,mrbonesmom
1239,H651TCjimm
1240,Zuribob
1241,kellyl547
1242,kyranoordhof
1243,hansibrahim
1244,Travelling_SE_Asia
1245,Katiestabler
1246,Travelingjohn123
1247,riverMelbourne
1248,gregc243
1249,ow0519
1250,844philippr
1251,TracyLeigh141
1252,Heather560
1253,TJJINDI
1254,Denbu11
1255,angelor960
1256,declan-au
1257,586deepakk
1258,Sheree61
1259,JustRose_CH
1260,JJFlash7
1261,luisaa443
1262,HelenKH2678
1263,dreamtgrace
1264,jgriess10
1265,robinbL9309SB
1266,691katrinab
1267,tysontrip
1268,fungineerviolet
1269,Monica_Rith
1270,lucymeds
1271,T1739RHdavet
1272,Wongagirl
1273,NedK85
1274,indranv
1275,S4nnyBunny
1276,Wakeuplara
1277,EliV124
1278,HK1966LB
1279,PatL900
1280,jadelashbrook
1281,H8596YJannab
1282,K1167XBjoec
1283,Kristhor87
1284,ajhaeh
1285,Sally2018A
1286,543NickP
1287,Elliecontreras
1288,michaelcO7934FA
1289,foranalan
1290,CamillePaname
1291,sofieDBXI
1292,deono2017
1293,steve01096
1294,raymondang57
1295,butch2431
1296,jenniferadoyle
1297,594orlah
1298,CMBobbo
1299,kyvo2807
1300,tr_nhanhd
1301,haitrong567
1302,trangthithua
1303,NgaTran90
1304,NTVThienVan
1305,janepham1004
1306,815ttt
1307,Maianh11011
1308,bobmN3829OR
1309,jamesnC3139BK
1310,juvygacutan
1311,coreymG5326SB
1312,GardenCafeInKemaman
1313,1957peterc
1314,bill_turner220610
1315,Chanaka_Unantenne
1316,need2travel4ever
1317,Patrick-M1996
1318,lineasy2
1319,TashiNorbu
1320,GleanneF
1321,Pedrotattoo666
1322,Dinaisabella
1323,kenwalker1959
1324,chutiichut
1325,ejmartin11
1326,170ChrisB
1327,K1416OMjanm
1328,stevemac77
1329,erika040
1330,StephenK322
1331,natters14
1332,229kevinc
1333,yumyumsiksik22
1334,handi_suyadi
1335,Amalourde
1336,JITENDRAV107
1337,cynderellaa
1338,mikate232001
1339,pookj2018
1340,edwardwong76
1341,Barneyridge
1342,nickg280
1343,TamaramaSydney
1344,aungdand
1345,larissam434
1346,hienmailt99
1347,MonKevin
1348,itsmeashish
1349,vgada79
1350,acemitok
1351,JaniceY889
1352,romag753
1353,meghoughtongilmour
1354,AngeliNacino
1355,Whomyrah
1356,Jo-AnnE
1357,Bella_VK
1358,angelinetimnguyen
1359,vietquangd2025
1360,ng0ctraip
1361,259thanhh
1362,E9882FJbenn
1363,susantT318GF
1364,Celticshamrock67
1365,Aloolaf
1366,h_ngh_nht1234569
1367,savvytrveler123
1368,hanmaeumbbq
1369,hamelr2024
1370,756duy_nn
1371,939th_om
1372,Thaonguyen19
1373,Sunshine34079902322
1374,Anhtuan2131986
1375,268h_ngn
1376,anhnF686RW
1377,thuyhien22
1378,thuhongzz
1379,anduc3925
1380,ngockhanhpt
1381,TGHaiSan86
1382,Thangwin15
1383,444annettem
1384,Hongan050701
1385,Oldabb
1386,KimGTravels
1387,Quest368266
1388,Singlelove
1389,lshapspro
1390,mol17345
1391,TMOH8
1392,oneesta
1393,Hanlituk
1394,hadensandor
1395,almarsvendsen130692
1396,Custom53
1397,Lindaserra
1398,LMAKIEVE
1399,Steve_of_N21
1400,186ziyad
1401,thilok361
1402,aleksandarkrc
1403,emmelief2018
1404,Travelinezy
1405,jofunkyfacepainter
1406,Clive-HCMC
1407,journeytriptravel
1408,Soko37
1409,hongnhungzuemvlog
1410,ZfyEd
1411,StraightTalkUK
1412,SGNReview
1413,Cigaroftheday
1414,jackih192
1415,John_P_H9430
1416,loanh65
1417,yhisayoshi114
1418,sandybeachha
1419,I4549BRsimonh
1420,4591293
1421,chiewken
1422,864merlr
1423,VivaHawaii
1424,parravicino246
1425,trananhbd
1426,Bluejeanboy
1427,nickimai
1428,DatH56
1429,297tr_nh
1430,c_ml_m2017
1431,briantrandung
1432,Sightseer764747
1433,cangbiencom
1434,455v_np
1435,VyV76
1436,landainguyen23
1437,Cruiser698972
1438,TriT187
1439,R583KHkims
1440,AbbyNguyen1310
1441,NhuBao
1442,yenly161192
1443,huycuongduong
1444,thaodory212
1445,thehoangd
1446,ShiinMez
1447,HoangTrungLa
1448,lthyen75
1449,GoldNguyen
1450,LeH467
1451,Harryainsworthh
1452,Passenger54841113407
1453,loann00046
1454,dongtandongninh
1455,JennieKim121
1456,D860MUnguyent
1457,sharkland1
1458,Vacation14557476247
1459,Violetvz
1460,Passenger762830
1461,cherrytomj
1462,phannhuminh
1463,bomivian
1464,Noodle1409
1465,parakid
1466,hthtnvc
1467,vannhi9
1468,myhanhH2
1469,dothanhhoan
1470,Global751449
1471,Coastal47328326413
1472,thanhngocta
1473,Nhim510
1474,Freedom820859
1475,Scenic704466
1476,195phanm
1477,tylevang
1478,nguy_nl_c2018
1479,PTMDANG
1480,Huong-Nguyen
1481,nhamaylien
1482,LightPacker732165
1483,NhaUyenL
1484,quynhn196
1485,vyl29
1486,TonnyH125
1487,Mainguyen1512
1488,Hunter162
1489,Dailinh
1490,BanhGiaT
1491,MayaaMTL
1492,huuth
1493,Passport664141
1494,tzvan
1495,NorthStar650865
1496,TrangLe14032016
1497,129lau2016
1498,830thachn
1499,jasonj562
1500,hakimyen16392
1501,Meander38794013729
1502,dthithuy714
1503,Huong92313
1504,ph_mth_t2020
1505,hi_ulinhn2019
1506,ng_nhtr_ngh2019
1507,NgocNghi
1508,songk947
1509,KodoDrummer
1510,Inspire774033
1511,Joejamebub
1512,JeniferAniston123
1513,DrSaadSHAMA
1514,oat1976
1515,Joe_martini128
1516,switchedoff
1517,240nitind
1518,shanoa
1519,NICOL62
1520,shimunc2016
1521,xiaomaichao
1522,rk-art
1523,JojoBreda
1524,TravTeach-2019
1525,Ina_Dil
1526,PLan977
1527,Robbo44Melbourne
1528,robk148
1529,LightPacker380763
1530,Z2810VVtimw
1531,Thanhtudpham
1532,KhaiT47
1533,Wolv3rin3
1534,cclye
1535,yas0tharan
1536,rschagrin
1537,colnel76
1538,tintin692019
1539,JPSWashington_DC
1540,Redaugust347
1541,Chrisneoh69
1542,crosis
1543,shellym713
1544,nguyenle2486
1545,120MichaelG120
1546,IanEmmanuel
1547,yycyycyyc
1548,PRG1956
1549,jamesnguyen_us
1550,v_v761
1551,Nomad740622
1552,rtramanh
1553,Thinhtong
1554,MongU1
1555,/Profile
1556,Thanhtung123
1557,492sethl
1558,JennieCV
1559,Communicationcog
1560,jainils2017
1561,Utepil
1562,alexandra_yali
1563,trav39
1564,Bookmom17
1565,Elbandi
1566,Worldtravelbug1
1567,alanreg
1568,MikeYKK
1569,Y8375VWjeffw
1570,dan_newton95
1571,Natsy42
1572,733carolem
1573,950puneeta
1574,mel_pinto
1575,RaggedBaggage
1576,kerkerbeauty
1577,374judithl
1578,koji992018
1579,Anna_June_2011
1580,O3301OYamandar
1581,AnneC4446
1582,hmbow
1583,anneP9577SE
1584,MaheshN354
1585,Wander25788109113
1586,GrandTour28240712092
1587,Travel57150535310
1588,Happiness46309354991
1589,minhph_ngl2022
1590,luy_nn2019
1591,922sirins
1592,TheTravelers1960286
1593,TriciaBishop
1594,711tainat
1595,peterharpswell
1596,RCHopkins
1597,Dino282
1598,jaykay659
1599,terryh659
1600,RossD57
1601,ChristineJ730
1602,WaryDubai
1603,sauraumpfa
1604,Frequentraveller004
1605,FE123456
1606,traveltolivelifenow
1607,Namasteandgreetings
1608,Michael7299
1609,JrnyJunkie
1610,Foxy1766
1611,Sandeepnvarma
1612,852joelk
1613,SeanTravelz
1614,dinahill
1615,JhovsMedico
1616,YogaEfendi
1617,colin1201
1618,OzKK
1619,beingvandoan
1620,sampA1953SI
1621,PJstravels3567
1622,283marlaa
1623,kpramono99
1624,cmatthewschulz
1625,JosephHuynh
1626,candlel2013
1627,Pob-Bob
1628,andrea2359
1629,ClaireC860
1630,Bui120
1631,TravelBird74
1632,fattyboy8
1633,570nickm
1634,kusak2019
1635,robbZ5583HR
1636,AMRHoliday
1637,GenoMichiganYooper
1638,Bridstow
1639,huyenht
1640,PhoaL1
1641,chienn2017
1642,dangduyit
1643,378vanp
1644,Road00786130640
1645,PTHa74
1646,Vianmacngheonan
1647,315jodier
1648,chesterlowman
1649,TRUMAGENCY
1650,U5794DLdanielk
1651,r0landbrunner
1652,Prince_Brand999
1653,lioneln446
1654,Petermu7
1655,Skywalker008
1656,477atefb
1657,Madame_Trey
1658,Dreamer103
1659,RRVNV
1660,jordand267
1661,psk1972
1662,jadeorchid10
1663,janeyb0368
1664,123jeroens
1665,annalizayolandas
1666,wolv
1667,JohnInItaly
1668,rememr
1669,SongChi
1670,shereenkhan25
1671,Flyer23764642142
1672,622nguy_nh
1673,Scenic15070715362
1674,Annabell1802
1675,Rin_oozora
1676,19550827
1677,Toriv29
1678,carajaneh2016
1679,lukeluce12
1680,Babesy66
1681,732emeric
1682,RoamingRebels
1683,kklowlow
1684,juane931
1685,AgnesBlanche2014
1686,happytwanderer
1687,OanhNguyenNguyen
1688,Alexxchen
1689,SophieB179
1690,ScotlandtoVietnam
1691,ThePearss
1692,adwardb2019
1693,Veepham
1694,wenrobbo
1695,MLarz
1696,hpizka
1697,Nikunj---vietnam
1698,Labienus
1699,508mikea
1700,359duncanc
1701,748katrinet
1702,trubbel11
1703,chieuta73
1704,thanhhang2018
1705,794tranp
1706,343ng_cv
1707,linhlinhlinh
1708,lamkd32
1709,Tour00501143994
1710,870ph_cn
1711,minhthuongvt
1712,Sherpa58802271585
1713,Hoanglanly
1714,HuongJesse
1715,cdmarhefke
1716,diinslc
1717,771bryane
1718,Jess_Pigcat
1719,XavierNY
1720,394janee
1721,Objectivetraveller22
1722,pertpetunia
1723,freshair123
1724,sunchymeno9
1725,SarahFlemming83
1726,145Australia
1727,vkrombach
1728,hadleotour
1729,blueberries88
1730,GirlTravelFactor
1731,570beths
1732,AmusingMomLara
1733,scottscpa
1734,PetraY_12
1735,extravelagent
1736,kimmytran89
1737,paulafredio
1738,philsY951KL
1739,696elizabethd
1740,DavidR635
1741,D4835DTandrewm
1742,rockminimus
1743,JudefromAus
1744,UrsulaHans
1745,EuanR412
1746,VAtoCarolina
1747,JohnBarclay444
1748,avishaih2019
1749,mrjohn2019
1750,donnaz4
1751,philipl497
1752,noneofy94
1753,DungT297
1754,840erika
1755,In-Mom-Jeans
1756,Fredwilpop
1757,512aislinnr
1758,Jenny_18067
1759,vickiphair
1760,RafaelloTravel
1761,KCtravelator
1762,Denstrip
1763,795pjs
1764,Lin0515
1765,Brynlliw2008
1766,Misty6613
1767,Kimmyle123
1768,isbl106
1769,ssbelltx
1770,Safari653259
1771,dothinheo
1772,NguyenH1528
1773,Traveler53270441540
1774,147StephenM
1775,tina0207cn
1776,Hongkongron
1777,Inbi12
1778,171traviss
1779,rumbakerry
1780,StephenClifton
1781,AlanW717
1782,rbedmondson
1783,teacher006
1784,floflo5896
1785,cyclinghobo
1786,boba840
1787,Travellaine101
1788,Bisickle
1789,IanG762
1790,fadanothai
1791,cait0811
1792,PJMY
1793,bsktravels
1794,MeganD999
1795,thurnestar
1796,DMRSingapore
1797,futureplace
1798,Travelwellhk
1799,JaimeI1578
1800,GerardD896
1801,jwc209
1802,cristinap809
1803,Lionkittentravel
1804,166meghant
1805,BobK466
1806,John67-7
1807,LamN_12
1808,JanuaryMania_2018
1809,AndrewMm9
1810,brettc13579
1811,jindaknguyen
1812,298trungk
1813,Discover34534886079
1814,kendy511
1815,pra51
1816,awadheshkumarm
1817,Romanticplac
1818,Hardy347
1819,davidahawley
1820,Q5335BIjeffm
1821,Halitonsoteni
1822,steveN3734RT
1823,BarG15
1824,Boguszooo
1825,Kaymtravel7
1826,on_the_mish
1827,AndieM717
1828,PeggyB689
1829,Adventure403346
1830,wayne260957
1831,cpl_v
1832,JCBH_1
1833,mrstromain
1834,DutchBrother
1835,Seaside22552440413
1836,HollyL1338
1837,wooichint
1838,heatherkT1135LJ
1839,jamesbR3663OD
1840,Muguncjb2015
1841,rachelbY518QT
1842,ezen2018
1843,timmynguyenle
1844,Discover44435435807
1845,NorthStar20703217579
1846,tuyetnguyen55555
1847,tessharken95
1848,sinnerman07
1849,AndyBales
1850,Applepielb
1851,ella1822
1852,Kitiekoong
1853,suepN3025GY
1854,Pheebslo
1855,Z271EZjackl
1856,josurejame
1857,Jalloun
1858,DeepakB90
1859,LNBTNKN
1860,llansonsfelipecarlos
1861,StartSolo
1862,kinhnghiemso
1863,Shanghai123169
1864,JessieR02
1865,592oanht
1866,517gryh
1867,mpmilestogo
1868,roltay2005
1869,myexperiencewas0
1870,spacec0y0te
1871,E1248XWsusanl
1872,Dreamer19467360134
1873,Trip17699830092
1874,thanhngannk
1875,673trant
1876,1kko
1877,khoatwist
1878,Romilshah
1879,chloeng123
1880,lpollard80
1881,needtoholiday
1882,thanh347189
1883,darlingyogi
1884,IevaVarpa
1885,Ceekay707
1886,Gukki2612
1887,ban1245
1888,Mai_xyh
1889,620h_ngc
1890,BitcoB
1891,maritanlinz
1892,xinhayquentoi
1893,Thomas_Phan
1894,_truongthikimphung97
1895,Candynguyen2012
1896,420nh_b
1897,Johnnykuty
1898,pha_mt205
1899,vinhtranvina
1900,WilliamWillieWilson
1901,JeromeB101
1902,378juliusc
1903,SharonMGZA
1904,jonwick
1905,navagoa201
1906,lbslgooding65
1907,KhinKantKaw
1908,LaurenPhil
1909,terryfI874FA
1910,Xcuse
1911,Liefhebber19
1912,DRW44
1913,Arnoldmick
1914,2019liketravel
1915,mikli3214
1916,legendcoffeetour
1917,BHL_168
1918,haroldw243
1919,Seaview5
1920,SouthernhighlandsAB
1921,baotin237
1922,tewaiwaia82
1923,HenryBalfour
1924,EPoonie
1925,cymrobangor
1926,VananhN59
1927,thu1234
1928,Thienphuoctravel
1929,hanguyen2710
1930,Explore59612295217
1931,Vietnamtourguides_vn
1932,thehotelskylark
1933,879jimmyg
1934,betteskid
1935,katiedeloux
1936,ECJ1968
1937,Mmarymomm
1938,derekmonkey
1939,WRHOTEN
1940,NgocThiYenNguyen9559
1941,B7043IZandreak
1942,WJAllen
1943,leechok
1944,CarstenG65
1945,ITrvl4fn
1946,Redensignoz
1947,E743MHsamanthap
1948,Hanyut
1949,DrProf12
1950,cdiet
1951,Pick_E_Diner
1952,jclperipatetic47
1953,Ninh_Ha
1954,RoeFamilyLondon
1955,293ColinP
1956,790suel
1957,garyalpert2
1958,darrens911
1959,mitodo2011
1960,billbG9955PB
1961,GrandTour27230842605
1962,312h_t
1963,palawanismyhome
1964,vincentpK9648VR
1965,AussieRicho1
1966,robertlB2015IP
1967,SergiuSMC
1968,Rodman100
1969,403roxier
1970,sk009
1971,Endtz
1972,our56
1973,JimmyT67
1974,phanminht2017
1975,TOUR9630
1976,Jessie_Vu
1977,Flower2223
1978,lindaphan3883
1979,Tour55804868791
1980,lytutrongm
1981,trathu20
1982,warnersky
1983,Gthyunhg123
1984,Resty2010
1985,taidong3105
1986,Jung112
1987,430rickys
1988,DrCUR
1989,tuyennl210297
1990,quangminhv2017
1991,477fredericc
1992,bibobell
1993,Cfab777
1994,lawdylawdy
1995,williamhanlonb
1996,Drew9999
1997,988cherryn
1998,lungbungqp
1999,C8603LocNguyen
2000,thuyhanhvt
2001,amberphan0309
2002,skparakh
2003,rhubris
2004,xuyenh2020
2005,Kimyounghoo
2006,G9076MJwillj
2007,baghdadlian
2008,raymondd453
2009,davidbF2109QV
2010,A2683ANallenc
2011,634thaiv
2012,Arnewoodian
2013,yumyum132
2014,Scdwc
2015,DaoL57
2016,Penny0081
2017,A4419PXthomass
2018,WIWIandBRAD
2019,KarlFiona
2020,Mr_HanNg
2021,KhoaLV
2022,trangle324
2023,kimhung2014
2024,JessicaD5918
2025,loann2025
2026,cheesechilraba2002
2027,Journey03126272657
2028,Daydream40803213119
2029,tr_cn2020
2030,Jet61265646044
2031,Daydream12216147579
2032,Culture661838
2033,OnAir31732348105
2034,Guide31609735583
2035,Venture16891520913
2036,Guide28063465337
2037,Stay27605492887
2038,Connector40902373718
2039,Daydream68405050202
2040,OnAir27721522344
2041,Discover56795570167
2042,Navigate13789978927
2043,Inspire67238971642
2044,Fearless57928542036
2045,Sightsee25222729802
2046,tenv2023
2047,Relax68032484207
2048,Camper63873950608
2049,Coastal07999414259
2050,Tour20189618415
2051,Scenic06970297499
2052,Tourist15433633795
2053,Passenger09525176820
2054,Passport10444485157
2055,DayTrip66630310850
2056,Climber45657455565
2057,Passenger23436122209
2058,V1802ASthanht
2059,889phongn
2060,Voyager47210427523
2061,TLBT2020
2062,Passenger56328618267
2063,793ryn
2064,Navigator11069849148
2065,Escape43430504287
2066,Companion57191328678
2067,GrandTour44595096173
2068,NorthStar44770569782
2069,Z8949QCjoyn
2070,Curious14571451590
2071,Passenger04786322708
2072,Trip08885490599
2073,uhn1708
2074,khoih748
2075,Voyage00977056006
2076,tr_nt455
2077,Dream56368820505
2078,Sherpa51560238999
2079,Go18803135384
2080,Stay33179967330
2081,Angie6591
2082,thienphi
2083,ix0rad
2084,FederickP2
2085,robinvn
2086,maria_garshina
2087,pttbw
2088,Quynhchuoi
2089,CMLN2016
2090,ZaratustraEstomacal
2091,rays912
2092,Jrudolphs
2093,the_merri_fields
2094,amarkoul
2095,voh2019
2096,liangvn
2097,Jay_Steven
2098,Thanhbinh9503
2099,phuonganhnice
2100,Ambler_12
2101,paulcT8185CX
2102,mikeyp3
2103,Ken53
2104,Kaleighpot
2105,larrybiboy
2106,helken2014
2107,techmarauder2018
2108,Pvc96
2109,Cocukdr
2110,592vall
2111,dionisec
2112,KitTan1110
2113,RobD859
2114,PeterG873
2115,O1551SZmandyb
2116,eldamesss
2117,353thud
2118,trianhb
2119,philipbS565MS
2120,hungwenh2025
2121,sonnyt980
2122,1Khronos
2123,Noodles7749
2124,AndrewS334Montgomery
2125,mkushlan
2126,amityisland13
2127,glenn1gc
2128,513travellersa
2129,waget
2130,roamwithash
2131,Munyoz-7
2132,520sanjayn
2133,deenzp
2134,Sherpa21667211220
2135,Wander08734484187
2136,Relax63155181871
2137,Tour31727853737
2138,Journey03989184092
2139,Sherpa27845869997
2140,Roam30350758979
2141,Voyager57979289388
2142,Jet04349842677
2143,Departure30817408367
2144,Safari63771571361
2145,Lan447799
2146,Curiosity17232094006
2147,Safari05999213851
2148,Sam_Nguyen123
2149,Ducmanh6264
2150,Hung0914
2151,Nguyenminhdat16
2152,Thienthemytruong
2153,Thuha_1985_2022
2154,Camkhon
2155,Hkh-83
2156,Khanhpro1978
2157,Happiness62294392432
2158,nguyenpro123
2159,thanhloanrh
2160,S0vf
2161,mrs-J-Joergensen
2162,L1841UUkateo
2163,887isabellah
2164,Johnathan34726
2165,Sean4891
2166,DDPrasad
2167,tomcZ5933RV
2168,nhatruong
2169,aavittiglio
2170,912vyv
2171,LTPhong
2172,DoM536
2173,mocb1
2174,cuc100299
2175,Sightseer706702
2176,luut2014
2177,Socdangyeu4
2178,Victordao76
2179,Dinhvinh
2180,vinhtran2014
2181,Dreamer10706125145
2182,khacdungzz
2183,185ngav
2184,Kenny_the_advisor
2185,D3767NJjohnf
2186,117mattil
2187,Travelbug291
2188,X9289ZNharryd
2189,odessam2017
2190,K6181SKianc
2191,612wongw
2192,MrsScott11
2193,SimpleSimX
2194,kaywoonping
2195,atulr877
2196,anhviettourists
2197,Companion43386012489
2198,ngocanh_932
2199,nhanphuong50523
2200,josnguyen
2201,alexh11494
2202,mollfla
2203,timbarrable
2204,DileepKay
2205,Jameskeane86
2206,Decastroab
2207,patber66
2208,lamerz93
2209,darinkammie
2210,calvin246778
2211,Jacuzik
2212,restaurantizzy
2213,Iloveuyun
2214,Staffing_Man
2215,SaigonNezumi
2216,pandaat501
2217,Dreamer817103
2218,nrlnatsh
2219,MariatranDK
2220,jemimadring
2221,evesgh
2222,pinpaksisaunicorn
2223,KennyLeeCS
2224,MyD110
2225,Getaway735959
2226,236vin
2227,DayTrip439629
2228,846maheshj
2229,Zambisi
2230,phylesiam
2231,Jules20056
2232,Wanderlust1271
2233,pictoncampers
2234,valeriansan
2235,CharlesMcCaul
2236,adrian444
2237,SevenSpaSG
2238,zRoyz
2239,tokyotrader
2240,barbaraaN1282BL
2241,TravelerO279
2242,Denmayer
2243,suemT8227SW
2244,TeresaN1405
2245,Naina-Damani
2246,vynvang
2247,508anthonyc
2248,Burrowes
2249,sarahgR7098ZM
2250,shubhrom2017
2251,Glwf
2252,JulieVan_Van
2253,JyotiVenkatesh
2254,Leeanddave
2255,travelhelper666
2256,sage125
2257,Colleentricky
2258,111clayf
2259,mrnmrsr2014
2260,walktheearth
2261,698anas
2262,ponie
2263,Emilyvu2015
2264,SBJ_Travel
2265,Passenger31037181570
2266,Quest61109011064
2267,Scenic20643711547
2268,tuyettruong1234
2269,Trek42765411693
2270,phuonganht32
2271,ng_nm2020
2272,MaxManila
2273,341maggiev
2274,NhiN233
2275,garycH4360DW
2276,901aayushk
2277,andrey157
2278,saigonmunchies
2279,minhth_ngt2018
2280,HappyCsillag
2281,phaimaut
2282,HuyHoangM1
2283,TrailBlazer683895
2284,foxy_bong
2285,Journey46313133056
2286,Adventure49698087092
2287,axelsL1196YB
2288,Ogy_Kovachev
2289,Eimear99
2290,JSTrip_77
2291,lennoxs205
2292,CaliGuy01
2293,HuaRenPekanbaru
2294,TTrung1975
2295,L6488FBmc
2296,430bertv
2297,gtate50
2298,NeilInOz51
2299,shiraziwine
2300,Y3471PWdavidr
2301,R3975JAmiket
2302,KPR1955
2303,Maddi555
2304,CY_Chung
2305,Horlicks88
2306,ron88ron
2307,Ronaldet
2308,dadssl
2309,tramxinhdep0407
2310,244ashleighl
2311,19nico50
2312,drvenkat7799
2313,485danat
2314,Mullows1971
2315,vipina776
2316,Virgo_Van
2317,nguyensg
2318,DrSuviK
2319,mrpetenorth
2320,KimBlok1971
2321,tungcuongdaisy
2322,Cacullom
2323,angiekent
2324,sumomoc
2325,RayBigden
2326,triciastravels75
2327,nguyenducky
2328,michaelvG319ED
2329,487katc
2330,VietN201
2331,thannvs3
2332,Linh-H890
2333,SangNguyenTanPhuoc
2334,YenV20
2335,4quay
2336,hotdealstour
2337,Phubikestation
2338,DoraVy
2339,chivo307
2340,13hun
2341,nikhilmediratta5
2342,wto1962
2343,Xdolph
2344,JordiOV
2345,TheHumbleTravellers
2346,reefafafa
2347,ptrpdrm
2348,patrickgermain9953
2349,sebastianp567
2350,Ama963
2351,hethongcongnghe
2352,bytejk
2353,cmbreuer2016
2354,patrickmX6805RY
2355,hommie1
2356,carriagehouse37
2357,HoneyBadgerBex
2358,karen2558
2359,Voyage14315329734
2360,Tour12064627352
2361,Fearless62351980749
2362,377ducp
2363,GoPlaces43318049073
2364,Wander16754642456
2365,anthonypalermo
2366,Sdiamonds
2367,spktravels
2368,Goochmaster
2369,LanVuon
2370,677lienn
2371,LiWhiteLotus
2372,thomasnC2600TI
2373,AdrianS6128
2374,AbhainSaigon
2375,fastcapri
2376,nora2013149
2377,tomnN4365RJ
2378,tis2018
2379,Go42597581074
2380,Navigate02930692591
2381,nirmals520
2382,AnnieH235
2383,djrevans2018
2384,nelsonia_11
2385,aysgu
2386,ESVoogd
2387,wksohn31
2388,elfin27
2389,K2-BellyDancer
2390,zzzman82
2391,LASportsNut
2392,nikkisingh
2393,roto2
2394,davidbE5207RQ
2395,alex198876
2396,Grossmutter1957
2397,Jan-OlofO
2398,alyt616
2399,762thuyd
2400,SriLanka_11
2401,yogiacomo
2402,merlej27
2403,jpgrygus
2404,A5438RLdanielr
2405,JoHinshropshireUK
2406,andrewjamesm2019
2407,Alneatz
2408,Palman13
2409,InfoCabrio
2410,947AndrewM947
2411,Paradise17963523293
2412,Danthi52304
2413,803arianner
2414,926patrika
2415,425bethw
2416,mikeymikeAU
2417,BJandAli
2418,AliAzzam
2419,libnbib84
2420,BrianJay2014
2421,sonyas127
2422,Russellx4
2423,Wpaulc
2424,FirstTimerHochiminh
2425,mrswhitneymoore
2426,noahlambert64209
2427,Dungduong0123
2428,FancyFree55
2429,Jamydvintage24
2430,risha2019
2431,czarrayray
2432,chevalchic
2433,Janie12
2434,Where_to_travel_next
2435,spotonfishing
2436,mh0611
2437,jannnicolas
2438,Peace2508
2439,Kitch67
2440,AustraliaOwen
2441,bronzencop
2442,dekalbill
2443,steverL2009JO
2444,Staybest123
2445,leebK7813RU
2446,sathiankaruna
2447,281cornelias
2448,KCJena900
2449,701ranjeetp
2450,screen689
2451,stevef697
2452,fairy087
2453,rlayneholley
2454,Cruiser28857395171
2455,Vanlong0105
2456,Nikki_Nhi94
2457,M7437FHdeanb
2458,yulianaismyname
2459,Elche12
2460,HockeyMummy
2461,Darkocean479
2462,ezekiel19
2463,MinhSNG
2464,Coastal07962296391
2465,Mobile61779393739
2466,JollyVuu
2467,khoicao2211
2468,BoVatVa
2469,NorthStar715094
2470,Caothuphuong486
2471,Chuong123oi
2472,phucthinh1999
2473,Boingoc68
2474,Starfive4
2475,Rextuannguyen
2476,tannguyen1996
2477,111quy_nt
2478,Madrid0942
2479,Hohainguyen
2480,Vinh082016
2481,SaturdayGreat
2482,kimlM6905TZ
2483,Mitanguyen1612
2484,700ho_nga
2485,jadec830
2486,GeorgiaAust
2487,491nathano
2488,Mhtt1123
2489,th_op673
2490,tadhghr
2491,carlossanchezibiza
2492,violin715
2493,Ssetsset92
2494,863malcolmr
2495,powwg
2496,204tungn
2497,Escape806395
2498,torzellaitalia
2499,stefanotI5209RW
2500,xuannit89
2501,regode
2502,O2466KZkevint
2503,Quynh1410
2504,maureenbI3661JX
2505,HungD208
2506,Huynhchau123
2507,JABTC
2508,C2793FBbradb
2509,Glennaloyd
2510,AnnaL0203
2511,kathmarwick
2512,erichl2015
2513,fourappleseeds
2514,annabels184
2515,Tanniundbjoern
2516,Chungvan
2517,CloundMay
2518,32viil
2519,qtkiz
2520,Excursion10918301803
2521,kindyloannguyen
2522,Explore16152176405
2523,Quest19217092695
2524,Sherpa18883519714
2525,Companion03985737284
2526,phuonglanzt
2527,Guide57126002307
2528,Odessa74
2529,tjcarroll67
2530,cbbpoetry
2531,jaros_awc678
2532,kakodyca30
2533,aiuby-mae93
2534,viellagre18
2535,maickery70
2536,nicolan34
2537,gutenbergs2019
2538,katrown70899
2539,ronnyk967
2540,Richard_Smith567
2541,Grantwatson777
2542,VN_Avengers
2543,hamo306
2544,Liza_Gamo
2545,ElgaK_12
2546,huynhanhvu
2547,V2638BDstuartm
2548,didywan
2549,CFEIII
2550,jonasgurrich
2551,Gustavodr08
2552,tysonp406
2553,Tour60765280119
2554,Maps31411721381
2555,huyv729
2556,664oranc
2557,Sherpa49105631234
2558,211quyenl
2559,N2371PEdaisyn
2560,Curious04982339605
2561,Climber51107484349
2562,ph_ngb994
2563,ng_cthanhtr_ct2025
2564,Pioneer60878619866
2565,N6120UYthanht
2566,Stay45589277123
2567,Voyage63435915779
2568,Passenger34408773002
2569,Paradise32467999979
2570,Trek30067983214
2571,ph_ngn884
2572,Pioneer02114428825
2573,Irissss_Nguyen
2574,Meander42648619598
2575,Seaside31112411598
2576,nhit183
2577,thus_ngt2025
2578,123d_ngt
2579,Escape14152723878
2580,477myt
2581,DayTrip02423904985
2582,Navigate07317646001
2583,Voyage11513124918
2584,Happiness54886195716
2585,Global49540155196
2586,Maps56884979274
2587,Camper15143325509
2588,NorthStar19662447281
2589,thienthanc2015
2590,Escape47914005041
2591,Culture24088868147
2592,Tour51156968602
2593,Odyssey07123341977
2594,Go30074781878
2595,Guide13052223741
2596,72dungn
2597,Guide05502606141
2598,lephuc911
2599,NorthStar06448254404
2600,balaxibum
2601,Navigator26351879773
2602,KonchokChaze
2603,Journey37017402737
2604,Culture63123113233
2605,tranu2025
2606,Excursion25507682171
2607,GrandTour67682064404
2608,Adventure10812615807
2609,DayTrip16623872140
2610,Adventure30986186928
2611,JulieC137
2612,Nunngo
2613,Antonio8069
2614,Tashabegood
2615,_i_nl2015
2616,NigelG407
2617,NiranjanH_12
2618,vietnamyachtclub
2619,381zackc
2620,alandO8887AW
2621,SaigonStorage
2622,WilliamS254
2623,738chungt
2624,Marek_Majko
2625,rrwashing
2626,VanessaM7846
2627,U2703CFjohnh
2628,CaliCo2455
2629,Lukejdstravels
2630,Boobikebuilder
2631,WishIWasThere2000
2632,zapumal
2633,674arlenes
2634,PeterD449
2635,glenellis16
2636,sunfun4850
2637,junalf2020
2638,debanderson90808
2639,SC-NY-CT-PA-GA
2640,AKHarkara
2641,kathyh6642017
2642,tlrtraveler2014
2643,cnigro150
2644,rhondac750
2645,josiel2809
2646,GeorgeAndLennie
2647,JanYam69
2648,MJBRB
2649,Ginny9999
2650,Panch007
2651,friofrio
2652,biscuitboy0109
2653,hermannvonkatte
2654,Zindabaad
2655,rrheipel
2656,SimPei80
2657,Henny1911
2658,alfie_eats
2659,Q5964LWchrisd
2660,CXGTraveller
2661,meenhox
2662,mariecorner1
2663,Latino_Loco
2664,tarnee2015
2665,Ludo-Owen
2666,christophersH5018KA
2667,874AndrewE
2668,sarajames32
2669,ALANC333
2670,hackmancassidy
2671,donniemariec
2672,v1ck12014
2673,SUEG213
2674,KalieL_12
2675,L929
2676,JeffreyCheah2020
2677,Skaramoosh
2678,Inspire38249913362
2679,Voyager08108068148
2680,Connector46736368270
2681,Vacation35638513068
2682,GoPlaces20171166695
2683,847ait
2684,Stay05256399883
2685,Quest33403056815
2686,Safari51389590194
2687,oanhn853
2688,374phuongl
2689,h_ngnhungb2025
2690,Annabella_Tran
2691,390huynhd
2692,Cruiser34176303652
2693,Safari29068584902
2694,Getaway27329691679
2695,734giangt
2696,Flyer11867048141
2697,Curious15516547524
2698,Companion10236761345
2699,Trail33641958394
2700,Maps31823946578
2701,NorthStar01671065310
2702,pearlshell276
2703,Flyer58378173761
2704,503nghiah
2705,472danhn
2706,356duy_nl
2707,v_p252
2708,tr_cp2025
2709,Freedom26018439013
2710,trinhn309
2711,874tiffanyv
2712,730phanl
2713,Getaway18834861603
2714,KhoaiTaylun
2715,329h_ngv
2716,Cruiser48328257998
2717,Navigator14404492913
2718,Pioneer04726697656
2719,823ti_nn
2720,472lanc
2721,doann326
2722,h0ngh0ah
2723,521ng_nk
2724,duy_n_669
2725,Daydream51792219209
2726,848hangn
2727,Road40239528060
2728,phongh294
2729,Fearless48654070737
2730,260huy_np
2731,389vyh
2732,587vin
2733,75nhiy
2734,Yunahelen
2735,Stay24610620062
2736,nqmai_000
2737,Flyer34692705758
2738,tindrshop
2739,Wander55232472337
2740,958huyt
2741,Meander27043344464
2742,lyh539
2743,Culture55932948137
2744,Samcolbourn
2745,EZMurray
2746,Megmegmeg91
2747,alexbF7422HC
2748,rkoszykowski
2749,charlied1987
2750,ACL3112
2751,BusyMumAJB
2752,Anbangseaadventure
2753,maryloud2014
2754,Jamesghurst
2755,jenniferlC7354AP
2756,mathiasb459
2757,Okiejer
2758,539jeansebr
2759,karimpelkonen
2760,ChrisDCBelgium
2761,lilykayellis
2762,SusannahP191
2763,leonap813
2764,spiz44
2765,K5417NOiang
2766,lynleyh_13
2767,Traveller30096
2768,pam4967
2769,394ThomasS
2770,gaijindad
2771,kimdKIMD
2772,Garylok79
2773,Sightsee401500
2774,davidwM8909GF
2775,benmW7018JE
2776,J4178AGnataliec
2777,280av
2778,trulsl2019
2779,matendam
2780,vyly2k
2781,Ilovetotravel21
2782,ChiaR78
2783,sande585
2784,tomdX9852JH
2785,ughlyssa
2786,dinaloginova
2787,Keenan-1999
2788,marcoz584
2789,Beckylyooons
2790,Blimey123
2791,alacoc123
2792,travellervl
2793,ValentyD
2794,hoatg1523
2795,abbiefountain
2796,KelLoves2Travel
2797,tengooo
2798,VanDieu
2799,sgtlincolno
2800,X5553YEneilb
2801,fachrizahari
2802,johnlA9450IZ
2803,adikastar
2804,YusufW_12
2805,snrm91
2806,N8699PYpeterw
2807,Dessert_Traveller
2808,Yangxinh
2809,PhucMa_SaiGon
2810,PaengReyes
2811,hiepru
2812,Thinh_Nguyen_Phuoc
2813,Jussieu1986
2814,marybH6827RY
2815,n0tmuchtime
2816,bbargavdevyani
2817,Voyager25671196770
2818,kimphattravel
2819,HappyHitomi
2820,ianbarbb
2821,MarkF153
2822,Pouxie11
2823,LowYC
2824,alexmarinee
2825,xuchengrui
2826,921mellyp
2827,Waimakariri0056
2828,lawrencet857
2829,danpham1303
2830,Momotei
2831,Sonnyday63
2832,ttxcsttxcs
2833,J3466EDstevem
2834,jackmW2406HW
2835,Dan_Welsh1995
2836,whereonearthnext
2837,Curious638022
2838,476curtm
2839,Longreach747
2840,geoffy694
2841,526time
2842,haileythegolden
2843,Grantman66
2844,jorel424
2845,Jet63756429315
2846,emma8576
2847,ailan2020
2848,petrabound
2849,oscarzimmermann
2850,minhthu7979
2851,V8386HJsharons
2852,Szeljaro
2853,AmbreSimard
2854,nittyas
2855,Eva1833
2856,Kokestravelled
2857,christophera856
2858,Mitpham
2859,Shanti1211
2860,DestinyInk
2861,Rebeccie
2862,charlotteo477
2863,th_h0_ithun
2864,Tran053
2865,Nga4Lan
2866,Z5365WTrobg
2867,2kathrynr
2868,536rhondam
2869,enricop990
2870,NatalieN_280796
2871,XciterXplorers
2872,Pauline121096
2873,Maps402024
2874,Iampyd
2875,Maria_TramNguyen
2876,Uyenhannah167
2877,deuxpolo
2878,TeachingCouple
2879,591renuk
2880,Magnoliaannie
2881,JLNZ13
2882,HiltonL_13
2883,41libbyc
2884,all_travel_now
2885,JRSTARJR
2886,852warrenh
2887,HeretoEverywhere
2888,tjD8419MD
2889,Aussie7leagueboots
2890,charlestontarheel
2891,Ekara18
2892,R7960LBpeterj
2893,phomuseum2026
2894,Kerren2015
2895,mariamailacamino
2896,672highf
2897,angelat241
2898,thaole0399
2899,ericathecat
2900,T9726GDpeterv
2901,vietnamjeep2019
2902,Hienvinh2011
2903,X5836SNcarolh
2904,Julie888_12
2905,760francineb
2906,ThuyTruc_travel
2907,Hoangvinhart
2908,lindan704
2909,LittleCurrant
2910,youngfam2017
2911,hienanhd2018
2912,Nomisruption
2913,HuyBi
2914,NgocLe19
2915,telcom3
2916,haiv88
2917,ngohuan
2918,leetromas
2919,mariolehan
2920,DangThiTuyetNhu
2921,Hoanghcm
2922,locdalat
2923,NhiGiaHL
2924,chaleenl2019
2925,Teddy1312
2926,jasmainef
2927,938jod
2928,konstantinas162
2929,marlises2015
2930,kosky101
2931,Global12285902517
2932,Roam32109526237
2933,Jet35088878893
2934,Freedom22105008278
2935,Excursion23699007025
2936,Sherpa64972459408
2937,Coastal20606802780
2938,Huy512005
2939,jay_zzz0
2940,thsmoon212
2941,quynh_nlth
2942,ViT268
2943,trannhuvinhtho123
2944,Tan888_13
2945,Departure22491159090
2946,Traveller18855
2947,Tbomb30
2948,veerpal1313
2949,mfwonders
2950,HueP34
2951,asiajane56
2952,842emilyh
2953,andr_b853
2954,Johnny-Vu
2955,Vacationer704694
2956,Jet12096245477
2957,mickknap
2958,georgialinton
2959,sonsputnik
2960,SopTay
2961,Western-Mimosa
2962,tuancoi11121
2963,amit_agarwal
2964,FlySingapore
2965,U5056TRgeoffc
2966,AndrewM422
2967,282chewf
2968,DooverDixon
2969,kiwikim13
2970,E5330ESchrisd
2971,TrinhLe2210
2972,paulcI2703TA
2973,Michaela
2974,ThereseNguyen
2975,utkanu2017
2976,stevebrook
2977,cebcolpitts
2978,jccooray
2979,EleenC
2980,jeromem253
2981,HenkkaNieminen
2982,reteehit3
2983,DanW440
2984,MooBeefSteak-35NDK
2985,751laureng
2986,adventureintellect
2987,Z4297UOandym
2988,L_K1509
2989,KGB777
2990,CraftBeerDean
2991,98krissb
2992,MocNhienvegan
2993,orrenozkilgour
2994,shintaria
2995,andrewkK2720RB
2996,seanashley1234u
2997,Leanneb310
2998,dothidung
2999,Tuan06
3000,D1959GUjuliew
3001,claren506
3002,Baci2312
3003,Syl8938
3004,Perth1966
3005,Escapementality
3006,khanhl193
3007,j0ellel0uise
3008,efrat-exploring
3009,Funrun75
3010,easterntreker
3011,tonybedhcm
3012,phuongn933
3013,Ntad_7726
3014,Sammi309
3015,katielittlered87
3016,Congthinh
3017,Sontary
3018,Susy-1974
3019,TaDaYeah
3020,Uijeongbu
3021,SamaritanoN66
3022,FionaN603
3023,Global62529971208
3024,Explore62315399830
3025,Dream17056991134
3026,Fearless41524484572
3027,Culture59960776526
3028,wong577
3029,Excursion26155425487
3030,KIML4186
3031,lapk2025
3032,Culture16284646890
3033,237hi_un
3034,qu_nhn148
3035,Wanderer62483524315
3036,Dreamer26905400976
3037,Alex301298
3038,Passport24402522054
3039,Sherpa64974361695
3040,OnAir28483663327
3041,683minhth_t
3042,Navigator20807996061
3043,Stay43431517664
3044,791diemp
3045,Wander14047886904
3046,nguyentL8512PB
3047,148qu_nhnh_l
3048,851mayd
3049,892tu_nl
3050,akitas2024
3051,Safari62301088110
3052,chouchou_678
3053,ngocm342
3054,JohnPham898
3055,Inspire63611381746
3056,nguy_nng_canht2022
3057,Conolila
3058,nguyenb917
3059,Mobile44021107372
3060,Roam38952387506
3061,582nhit
3062,maih_ngh2023
3063,Navigate61936446880
3064,GoPlaces54513827537
3065,Wanderer05401024966
3066,NoahWang_thefinest
3067,Passport14091363722
3068,OnAir26715967751
3069,V8824EQtrungn
3070,588nh_h
3071,th_n590
3072,Seaside30317824220
3073,317h_n
3074,702vyn
3075,maihuongggggg
3076,Discover44629866834
3077,Dream11208475900
3078,Sherpa28732486170
3079,th_nh_cn2023
3080,375t_nh_v
3081,Inspire39179847994
3082,Vuhungcuong
3083,Quocthinhne
3084,282ng_nt
3085,Beeboff
3086,th_x2023
3087,Y9624MMannet
3088,Yenthy0612
3089,Ts_rin94
3090,HuuVo0610
3091,Venture31221064547
3092,Wanderer25585792326
3093,818ph_ngt
3094,Tuan102
3095,mainG1583GB
3096,h_ngx2023
3097,h_ngn51
3098,Trek16246992676
3099,578hient
3100,cuongn457
3101,MaiCongThuan-123
3102,398_h_ngg
3103,418th_nhn
3104,764qu_nhd
3105,nh_h_u_2023
3106,863ngan
3107,karloz2012
3108,realtrip75
3109,JR_Essex
3110,B5171VCalisons
3111,nelsoli
3112,murphypickle
3113,phamduonggg
3114,lokki974
3115,deanosaur89
3116,GoPlaces828245
3117,Superhoopsgirl
3118,Sid989
3119,robertwD7057IG
3120,SinanU_38
3121,C1094ZKkarenj
3122,VickyT_TravelBug
3123,TheMithfitz
3124,681sandrineq
3125,travelbob1
3126,Sweetwater
3127,MostlyPlainJane
3128,cmbsOz
3129,petermE7578VT
3130,670sharnes
3131,tuldge
3132,MattSkull
3133,RamH59
3134,Robertal34
3135,ChannieN
3136,mandypitchers
3137,lee_the_traveller
3138,codylux
3139,Dionges1
3140,craice
3141,RWalker415
3142,Trip705406
3143,leandrog388
3144,I6512WIandrewf
3145,23SteveL
3146,Sue0130
3147,DarwinWendy
3148,JLspeaking
3149,MrW99
3150,anhnguyenoseven
3151,veronicau46
3152,susieb211
3153,Momof2_ks
3154,Dave456789
3155,13ferie
3156,AlessioAllegrucci86
3157,maz1
3158,alisdairt
3159,tinamin
3160,BrianH5919
3161,hanhan2018
3162,Charmayne72
3163,aprilapril000
3164,michaelO1421KO
3165,frankyagustinen
3166,kmonorean
3167,Echt
3168,howie999
3169,muntrof
3170,LiuXiaoping
3171,lapointeber
3172,961PaulB
3173,luctrang1982
3174,Coastal13064852405
3175,Pioneer24054612566
3176,Zippy-Oz
3177,Scenic803981
3178,jeg269
3179,JABNYC
3180,Exploration275227
3181,804cecilem
3182,time_forgotten
3183,cherriesfan_9
3184,steelriver2014
3185,shuyim1
3186,whelm46
3187,yuf921
3188,millyasw
3189,Navigate68093549450
3190,362anjaz
3191,322jackym
3192,Explorer714435
3193,828TJA
3194,Aingu11
3195,8989ori
3196,mariabR7768EM
3197,tracytreks
3198,Enjoyyourjourney1990
3199,petrahF2589NC
3200,110kerstins
3201,Esocamfra
3202,antonpO4274PZ
3203,396zenz
3204,cdiddyy
3205,franziska962
3206,kristisabo
3207,Jtakei
3208,alena1687
3209,C6321RZsharonl
3210,natalief745
3211,iraish03
3212,jjboon
3213,224hermanb
3214,Liss359
3215,Smile-Duyen
3216,361jakeu
3217,879bettinam
3218,Benjork
3219,bethjT6337ZD
3220,Inspiration76021
3221,SorrentoSun
3222,MathiasAbra
3223,nadinetan362628
3224,smog100
3225,eringQ13FY
3226,Zoe_courtney
3227,maninia2020
3228,minalic2020
3229,andrealP981MD
3230,Fai1337
3231,sherrrsss
3232,whu_w
3233,stinasonne
3234,lonnebekkers
3235,231jacquelines
3236,2946479201
3237,wpedicini
3238,tamaraschra
3239,Kristylim
3240,familycosto
3241,emjacome
3242,bnagle
3243,jeremydevs
3244,dylannzk
3245,simonmhuang
3246,keisunl
3247,654kongk
3248,Olliedswe
3249,ea196
3250,Chris2991955
3251,Emmakops
3252,Companion56884
3253,580aradhnas
3254,imswaminathan
3255,Navigate550016
3256,DominikMCZ
3257,AMO_NL
3258,Chrissy4828
3259,snehanaran
3260,RachelKim999
3261,yuvalt123
3262,443helenav
3263,857jiaweix
3264,marko657
3265,zubux
3266,kristinamarie412
3267,Z8519RZkimh
3268,paulbT9542AE
3269,Jay911999
3270,770richc
3271,timsJ600OT
3272,anthonylH2447TW
3273,kellymc925
3274,BhartiKT
3275,pocaprincess
3276,NiamhN25
3277,JBVH78
3278,TangieL1
3279,718fennac
3280,furtherfuther
3281,KarinE1574
3282,miniq261
3283,cheryldesiree
3284,GermaineG27
3285,georgias645
3286,twizzlerkc2002
3287,Ueanxc
3288,Lizelle17
3289,236cleoj
3290,travisde
3291,byronm786
3292,SOS56
3293,stahl
3294,rg100g40
3295,lexluther2016
3296,katiemccallum
3297,489emmah
3298,CarmenBD1
3299,AiHeong
3300,katyp752
3301,Alimberly
3302,Bellaluk
3303,lenggu
3304,randylynnmiller
3305,carafitz
3306,P247SDryanl
3307,Calvinyzf911
3308,ddink
3309,834anjam
3310,molliec194
3311,alexfV9229WD
3312,crammarc
3313,therezamello
3314,513yinniec
3315,13weishengt
3316,Wayneonglai
3317,jaymondng
3318,Cucu567
3319,692ellar
3320,J13CKC
3321,W5498YDcharlotteb
3322,joytrip2019
3323,lizziel47
3324,100enricod
3325,sab0675
3326,Alexrw410
3327,Skdkffijfjfjd
3328,meggied2019
3329,tamaramA4092HF
3330,romit_350
3331,CasperO16
3332,Flyer84289
3333,SFT118
3334,919beckym
3335,cTneo2019
3336,splim10
3337,22mayay
3338,angelaaR7962HQ
3339,blazingarcher
3340,22susanneo
3341,carlemilk
3342,942celinek
3343,MViola97
3344,Sharty_Mortz
3345,philippah488
3346,Toomber
3347,Ritaritasin
3348,meinsan
3349,youngpaz
3350,837nicholast
3351,X677OBgraceb
3352,Nomad529735
3353,429christyh
3354,Kagisk
3355,D9994BVaudreyp
3356,kaylat567
3357,Aforamandaaa
3358,112233M-M
3359,Alco_ho_222
3360,windblownbeard
3361,SZ29210302
3362,stevehY7287GB
3363,Tolga_O
3364,R2437FSchristinas
3365,costass232
3366,lisanneb2014
3367,48tuyetn
3368,nawnikka
3369,nolanwin
3370,brianphuv
3371,Farrahsitto
3372,Williambui
3373,Jmbthr33
3374,222marissav
3375,315rayk
3376,karlah214
3377,Mar13t
3378,Christoffdt
3379,JOSEPHCHAI28
3380,Nnomma
3381,606judel
3382,Travel130235
3383,858xavierah
3384,honorinega
3385,brooklynj394
3386,jessfQ5101OX
3387,joshwZ1709YN
3388,X3084ZEkaties
3389,75lindseyt
3390,FayeC924
3391,emmarI3970UE
3392,maddyhall7
3393,morganm28839
3394,ogorelaya15_dxb
3395,677alexandriah
3396,492annchristinm
3397,810ilsev
3398,76phul
3399,chimchillabeats
3400,jeh00005
3401,kevina9611
3402,XanZec
3403,brookstaylor15
3404,Charlottxlizabeth
3405,slackerbeeatch
3406,hazelyfoo
3407,maile99
3408,nivyp
3409,Uneverknow911
3410,crystalcB6977FR
3411,CheahJ8
3412,Lyn_A_Yeoh
3413,jsltan75
3414,virginiay2015
3415,Otis2004
3416,MrsGucci18
3417,abigailj1234
3418,astriana
3419,helk0s
3420,Janice1570
3421,Travel595085
3422,Ccapelcharlie
3423,edin7388473
3424,sharynwoodnorth
3425,ingunnf2019
3426,Micky0921
3427,yingsin
3428,jasminec111
3429,fattymeowmeow
3430,F7698GTkristys
3431,jac_sng
3432,230limy
3433,Tilly123435
3434,JennyL1925
3435,chrrul
3436,Just_Lien
3437,383sunt
3438,625kalic
3439,tashsn
3440,fionahm2018
3441,153nicolan
3442,lalaleah88
3443,jay172018
3444,janicewu426
3445,wanderoften
3446,RebeccaP3182
3447,doantonhu2016
3448,AllyQ9
3449,khoid583
3450,Paradise26212841388
3451,210emmd
3452,thanhng_n0fficial_
3453,hongthanhv2023
3454,Happiness47056820490
3455,Curiosity10219971485
3456,W8772XFmattt
3457,Safari00703893331
3458,Maps39942010811
3459,Trip00732861324
3460,Trek39199818629
3461,Pioneer24431238967
3462,Relax06085632283
3463,b_nhb2024
3464,424anhv
3465,Explorer02032159214
3466,Getaway50344734044
3467,minh_ngn2025
3468,Trip24393143637
3469,th_nhl654
3470,NorthStar04472947605
3471,Culture11243786469
3472,Trip38253630734
3473,Inspire43726849775
3474,Road27210803823
3475,Culture09823380843
3476,Coastal55250243806
3477,Freedom68244982792
3478,Pioneer41141256771
3479,Dreamer66128819131
3480,Flyer31054034656
3481,3billboards
3482,FernandodelRio
3483,ArielF628
3484,haiyenhh
3485,quangtung22
3486,ngocanhvt
3487,drsurya
3488,838linas
3489,Jsmyong55
3490,roaracle49
3491,simrx3
3492,fiyerol
3493,Squiggle10
3494,112calvinn
3495,223ziadr
3496,pehwinnie
3497,tnhmy
3498,lschaler
3499,travelerlse
3500,huongsessorjay92
3501,145ida74
3502,joyp826
3503,chrised01
3504,AngusH439
3505,Zurizip
3506,788aisham
3507,annaanddrake
3508,suachuagiatot
3509,thanhvan20
3510,phanhonghh
3511,32mattyd
3512,530robertj
3513,ChristinaD1825
3514,Tour718402
3515,hangontravelingwoman
3516,Sherpa0032
3517,danhdang211098
3518,DougieE992
3519,915doreenm
3520,Coryy20
3521,minimize940314
3522,LarryM38
3523,esthermL2132ER
3524,pietroporro
3525,lois302
3526,luc310
3527,993guillaumer
3528,262c_dricb
3529,WL1006
3530,LanP147
3531,976linht
3532,Camper44945171798
3533,LG_Kay
3534,Resort68104774981
3535,thanhhaph12
3536,thanhthuyzz
3537,Odyssey35233873054
3538,scrapmum
3539,Professor_Sparrow
3540,dungduyen
3541,charlie_coalatree
3542,County-Hunter
3543,thuhienp2017
3544,nellyt492
3545,Providence_RITom
3546,opalfly
3547,teachingtravel
3548,angelina1813
3549,Dreamer26788050605
3550,Voyage37348247786
3551,Stay58988951473
3552,Travel45941861879
3553,m_ngtrinhn2024
3554,hi_up422
3555,Explore21003058284
3556,dophbd
3557,kristenmendoza
3558,r1gjwm
3559,Daniko8
3560,Paradise706749
3561,elmila
3562,Paula110
3563,Merqu
3564,B2194LEandrewd
3565,dt9954
3566,UK_traveller_7
3567,Dotzujin
3568,Doantrungkien2010
3569,Voyager47165718283
3570,Roving20138486388
3571,W2462HDdc
3572,Passport44080607784
3573,Linhasdfgh
3574,Htngan273
3575,Pjeknja
3576,maryyeo
3577,eelSeattle
3578,lawlessrose
3579,JSREngineering
3580,sin42jjg
3581,V1682JEbarbarah
3582,Ellypham88
3583,MiS390
3584,Bill621
3585,janicevrjones
3586,chenc163
3587,Catkin31
3588,Freedom20205943159
3589,Curiosity27989801786
3590,Voyager60477075289
3591,LynaN32
3592,b_ong_nh949
3593,Explore50938276001
3594,Jolie2001
3595,TranUyen123654789
3596,stra98
3597,Meganmccoig1
3598,KeiisK
3599,nicolevN6571SF
3600,byjennifernguyen
3601,christinasomers
3602,goodone_417
3603,lingek2017
3604,chrislM6836CY
3605,v_h_0t
3606,V6714ZOleslieh
3607,kirbyt2019
3608,CheJ192
3609,L7775XDalinaa
3610,hale5497
3611,phanvy14061998
3612,kayi64822554
3613,vikag90
3614,Ashyrp
3615,marionv326
3616,tr_nge
3617,Peponio
3618,AnneWinther
3619,travelstylemile
3620,B8596FPrachelr
3621,H3667ROericb
3622,Minhvan3007
3623,combui9to
3624,M4rym11
3625,hmcgee888
3626,ValerieJ1008
3627,Pketh
3628,annieandfreya
3629,642lexiim
3630,cyyuuu
3631,466tie
3632,Kei-ki104
3633,LeggyLorna
3634,BrookeP178
3635,goldb357
3636,kaja627
3637,Sinafre
3638,RockCrocks
3639,angelmiumiu
3640,Dk99laura
3641,cindytunguyen
3642,guinevered2015
3643,NicolaH111
3644,nicolinen166
3645,tinaaxn
3646,Juliaputahatonit
3647,HannaN730
3648,YutingW67
3649,Rasakila
3650,suzukalin
3651,GraceHung079
3652,chewyn2019
3653,alexandralM1919AT
3654,VGorodetska
3655,AmandaM9562
3656,Meganbor
3657,150MBell
3658,bryonyc66
3659,15paulinav
3660,oceab2016
3661,Connector581233
3662,ch_t739
3663,HuynhNhu0509
3664,Tyinnn
3665,701bellam
3666,natleungyoga
3667,952erit
3668,aneekad2016
3669,thanhtrucpo
3670,MSG39
3671,761myb
3672,920nguyenl
3673,hothituyetn
3674,LinhN1294
3675,Jet00972280020
3676,jerryjab2016
3677,michellewZ6592RM
3678,Departure64749372620
3679,Roving20034160876
3680,Travel35701608117
3681,ng_ckh_ngduym2023
3682,Roving41237938585
3683,Dream24741584711
3684,Tourist37684965980
3685,DayTrip05068913633
3686,Dream47648664632
3687,Camper00918398443
3688,C632ST_cn
3689,GoPlaces48068640744
3690,d_ngt_np2026
3691,Seaside16103359094
3692,Getaway31997538507
3693,Seaside12167620369
3694,GrandTour62615625594
3695,DayTrip50504926138
3696,DayTrip65462460392
3697,576t_ot
3698,Getaway24131304859
3699,Maps64448706892
3700,Navigate23827198504
3701,Stay33999095012
3702,GoPlaces17482919836
3703,Compass12261312479
3704,harrynG5886AK
3705,Voyager47529150631
3706,Navigate06113713489
3707,Sunshine25834184165
3708,Meander20828691389
3709,Trip12600091225
3710,Travel36714877656
3711,Wander19715991213
3712,Road16388841758
3713,Trip65413093661
3714,Navigator46114196305
3715,Curiosity37591565803
3716,Cruiser23692791286
3717,Companion20082236612
3718,Adventure35873757878
3719,Passport17436797720
3720,Roam09266062678
3721,35ph_cn
3722,Departure00793553234
3723,Jet33836298648
3724,Safari62202898350
3725,Dream31371946894
3726,820thim
3727,Go68329438505
3728,Phanlongtu
3729,Journey11686861205
3730,Cruiser66006127349
3731,Happiness22900197433
3732,GrandTour44303444857
3733,Camper36296461861
3734,Departure67641117686
3735,VoC32
3736,LinnieEatsAllTheFood
3737,Go655281
3738,phuong-phamngoc
3739,luuyenman
3740,andrewlow22222
3741,Hoangthingocnu2303
3742,Tramnguyen1408
3743,240anninaa
3744,andrewaF2295GC
3745,victorlN1898WR
3746,HluA
3747,757noeg
3748,97kareema
3749,Kessand
3750,salomev959
3751,nicolebG8519LB
3752,saipriyac2020
3753,lindalustenberger
3754,MatthiasF836
3755,nicolekordecki18
3756,ksyushar2020
3757,416melvinh
3758,Rory_craven
3759,Joey_akhil27
3760,cp_ryannn
3761,nick1314567
3762,hayespho
3763,lionleo_sze
3764,chung_sopui
3765,964magdalenaz
3766,kacwoj
3767,piotrduszynski
3768,S889RDanna_
3769,alexkC5376QP
3770,HanK190
3771,728paum
3772,ParinayJ
3773,saraaS5983KE
3774,40lovel
3775,JishnuS
3776,f00diet0g0
3777,772arielh
3778,Alytravel25
3779,annlV7805HP
3780,alicew920
3781,sandiSRC
3782,julz14nz
3783,Berry_1985_Traveller
3784,Hoxton_Pro
3785,zaraanan
3786,isaackx9494
3787,imcindyyyyyyy
3788,yanshengh2019
3789,Neil120695
3790,veramimi
3791,steventhechef
3792,HammockLife
3793,fan1199
3794,skwokty
3795,nhagay
3796,F7459VOdavidm
3797,CharlesEdward94
3798,santravelnow
3799,655nhungn
3800,syuanisa
3801,misharoo
3802,Chels2210
3803,russellr763
3804,tracybui206
3805,ZhenCuiZ
3806,allen602001
3807,rmvestil
3808,C4135YKjackg
3809,Atschur
3810,ManmanL28
3811,Hiroyama87
3812,CharlotteF1963
3813,Darnibee
3814,chrisharvey123
3815,MelsFantasy
3816,dyonw
3817,robinbG8798WH
3818,valcty3375
3819,EllaMattea
3820,Odyssey410272
3821,163brianas
3822,337marsm
3823,710loriss
3824,G2282QQkarena
3825,Shana3456
3826,Sgtourist97
3827,WooHianT
3828,vietnamtourist12345
3829,enqii
3830,leofrhk
3831,ahannah939
3832,kw8911
3833,loktungc2019
3834,891liul
3835,svh94
3836,jennys71358
3837,nextgent
3838,Matt12345678927
3839,daniellim217
3840,acfuyu
3841,liengtranM
3842,Stevenpennington85
3843,annaclaudian2019
3844,Diassaveli
3845,amberying95
3846,yiks2019
3847,sanjivgill01
3848,Ryanbatesy19
3849,HeleneHenry96
3850,carolineghenry
3851,Meiksbeiks
3852,LenaBraeuni
3853,Pellet123
3854,thowies
3855,JK1730
3856,536erina
3857,takkinc2019
3858,Joyxinyi
3859,G7025MGkevinh
3860,mirima2012
3861,Haracutie
3862,G3nu5
3863,Janet1603
3864,Katya2906
3865,teigan93
3866,dezzzzzzzza
3867,emmat888
3868,MKM488
3869,Hraefn
3870,neeruk2019
3871,Sunawa
3872,Baoki
3873,Toluah
3874,Stay55928721198
3875,hnbets
3876,dothikimtien0
3877,LienD218
3878,StoreN1
3879,ChiB72
3880,BsjhsbsH
3881,giaoquynhcancer
3882,Hollywoodsatr
3883,sophiehI4212VF
3884,jent1079
3885,uyenk2017
3886,mandynguyen90
3887,hainguyen82
3888,Vuongho
3889,32dinhn
3890,649thu_d
3891,jadeflorencephoto
3892,LYLY49873
3893,MR_Travels1920
3894,CliffM1947
3895,133marcelh
3896,giangvyhung
3897,hoanb2014
3898,H364QRdavidr
3899,carinskow
3900,higg1279
3901,kencrow17
3902,P5334DGnickh
3903,alexeyd452
3904,Gridiron66
3905,rupes_Bath
3906,Asianbiker
3907,gauravsaini00
3908,Moines56
3909,jacquelinec628
3910,Trail66603898345
3911,antliewty
3912,KarenRobinson1
3913,vietmyxink
3914,Australiamac
3915,voyaging_foodies
3916,lyndons697
3917,shahnasis
3918,aigi1205
3919,F9793XXbryanc
3920,Bond2020515
3921,charlesbK5659MU
3922,Y9512IBnicoleb
3923,thegoodlifehealth
3924,Abe_Fan1976
3925,derkbusch
3926,RobbinLiz
3927,ALSH1967
3928,samueltJ7188DA
3929,SaiGonSam7
3930,X9480XFsophiem
3931,600curtiss
3932,98peih
3933,448codym
3934,Dzuyyy
3935,Omgcute
3936,g0nenh
3937,K5790AKlucaa
3938,docpp1
3939,Yogs49
3940,DavidM4233
3941,simonjune1984
3942,YuR008
3943,X8303ZRsimonw
3944,emr0se
3945,Maguzzii
3946,S2162COjayt
3947,TommyP1505
3948,Clo_TTW
3949,olivewater99
3950,chik165
3951,Advisor_Mio
3952,Coastal32212830071
3953,Voyage43995728640
3954,Escape58899851771
3955,Wanderer48646241399
3956,Adventure67741339468
3957,GoPlaces65835596614
3958,906hhhh
3959,thichngu02015145043
3960,Happiness35602280468
3961,FarAway33263210549
3962,Jet60386235382
3963,Resort68077348855
3964,Scenic45518205083
3965,Meander55639555366
3966,Wanderer62734999248
3967,Voyager65483726174
3968,Tourist09123361230
3969,Explore33441473915
3970,Discover59810175902
3971,Venture57529394425
3972,Voyage55743517797
3973,Compass49578489755
3974,Safari13807064505
3975,Roving50678306803
3976,Explore52563756007
3977,Getaway59624782420
3978,Jet38531147694
3979,Navigator53449002038
3980,Sightseer27912316153
3981,Freedom60597397783
3982,Explorer15977884158
3983,anhn2018
3984,crystal2039
3985,Trek23381930129
3986,truongvinh1711
3987,spparies
3988,Minhquan123
3989,Chautuanvinh
3990,Thuy0401
3991,dieupthao
3992,TrangTrang1022
3993,khaanh247
3994,tay20k
3995,Xuan91
3996,NgocN313
3997,danielbP5357WL
3998,dangkhoatang
3999,V817IMdianat
4000,nicolop578
4001,TienTienLuong
4002,chaubui96
4003,G6600JJjimh
4004,110elishas
4005,Ellz315
4006,ng_cch_ul2020
4007,anaghaana
4008,ChauTran231
4009,huongn854
4010,nebrouel
4011,tracylZ8721KV
4012,antoinet192
4013,ZHANGBENTHANH
4014,shiorih936
4015,hitty0101
4016,nguyenbv
4017,renbola
4018,emadinh2902
4019,Y1360CGalex
4020,Hirotakenaka
4021,kimcuongnguyen
4022,dohoangphuc
4023,h0angphuc
4024,Khanh-Dang
4025,kimyen1107
4026,phuongd625
4027,JackyTrung
4028,Venture795300
4029,NguyenD698
4030,thanhpham0801
4031,985carolinew
4032,janny28
4033,NguyenK236
4034,HienN285
4035,baophuong2505
4036,Quyenphan
4037,435duyn
4038,cocot505
4039,TheKastners
4040,wipaveec
4041,ngtpeng
4042,storyteller1215
4043,sannasan
4044,PetertheJustOkay
4045,barbrelax
4046,Yctravellery
4047,BerryT245
4048,2017S
4049,sunnywuwu
4050,JMDragonslayer
4051,967maristelar
4052,sevenpapa
4053,DChang
4054,Angie_YW
4055,BigFootPrints
4056,savanityvannah
4057,576wendyn
4058,TimothyCCS8
4059,lowisal
4060,Miriata1
4061,duckyhero
4062,craigm528
4063,jtk1962
4064,ci_demb2014
4065,W8976TAgabrielc
4066,482hwaj
4067,allegrabaring
4068,cheekiongg
4069,Sightseer25833179094
4070,892cicip
4071,GrandTour42463699394
4072,qu_k2026
4073,WChyen
4074,859to_np
4075,Departure10486976384
4076,Compass41733404248
4077,ng_ctr_manhh2026
4078,nguyennO2609CE
4079,Trek61265373304
4080,Companion16447666411
4081,Travel14206039687
4082,Travel02792092021
4083,786quyn
4084,865ch_ngn
4085,baobitrungthanh
4086,366nhut
4087,Getaway27093524581
4088,Vacation02349908048
4089,luongthanhh
4090,Maps33654925841
4091,nguy_nyanhh2025
4092,T5459HCkylev
4093,517khangd
4094,h_uh_un2015
4095,834vant
4096,Passenger30022013967
4097,729giangt
4098,Inspire01972260128
4099,Jet35695982185
4100,_S1112EI
4101,Wander68687828042
4102,Wanderer66253357563
4103,Travel06787643784
4104,675huyh
4105,L9754IXc_h
4106,Guide49211142738
4107,thietbivesinhtotov
4108,Bangtan_jimin
4109,225kh_nhlinhn
4110,lindachou1961
4111,CucNguyen66
4112,Trip724454
4113,giangl871
4114,phusonn2022
4115,nawaratr2017
4116,Garyhome
4117,jamiehH6921QK
4118,G3268BMalexanderv
4119,556dagmarb
4120,AnasAleks
4121,haturih
4122,katieb9197
4123,latson-kristina
4124,275natalik
4125,ingagalore
4126,jjmorales91
4127,lizinthecity
4128,SebasFlo
4129,shelbys470
4130,L1857HJmartag
4131,StephR516
4132,saichaithanyareddys
4133,K6663URannas
4134,carterikes
4135,piotrg572
4136,F1026JZtonyt
4137,jptioseco
4138,jadebassetto
4139,sophia_sciolti
4140,529verad
4141,Lassi_N
4142,karo9119
4143,atlantisman74
4144,Y768NAtom_m
4145,AdamRaciecki
4146,AnitaL3224
4147,MartinL6397
4148,pppeertti
4149,baot289
4150,DN2115
4151,Ckeetrip
4152,rysl329
4153,leinonenarttu
4154,Bee1987
4155,HuongNg80
4156,linhlt80
4157,mauricioaR7547MQ
4158,krakoskismakosz
4159,vinasumitro
4160,NailedItNow
4161,286lk
4162,kirstym75
4163,alyssaell
4164,DalmaS46
4165,adamphu
4166,Alex_19751
4167,ioanm990
4168,Mariahopeangel
4169,topiasmakela
4170,maxkX9241LY
4171,maurenel2020
4172,Lucasseger99
4173,328royw
4174,martyandtram
4175,Uelfchen
4176,ana_sv448
4177,anthonyvY3359PB
4178,192phuongl
4179,ChrisH7619
4180,sunbrouwer
4181,davidhL5135UQ
4182,spaghettifreak
4183,_I700NZ
4184,JulieJ865
4185,mikebY3380ZN
4186,milenam560
4187,miroslawbik
4188,Tate87
4189,321rosie
4190,JackGAA
4191,Whyteway
4192,Sightsee596269
4193,rvargaroman
4194,I4769ULjustinec
4195,Nipaqui
4196,TomasH1287
4197,gh67
4198,bart601
4199,DJWHO123
4200,bradkibbler
4201,Luke_S_Sydney
4202,AndyJackson88
4203,piotrmW4154QQ
4204,SeaborneZero88
4205,katikaka
4206,lubok742
4207,susantomic81
4208,palomazafra
4209,986wendyt
4210,antunezmars
4211,johannessH6983XM
4212,pradeepy2020
4213,Sisamuel
4214,krzysztofb599
4215,SachjNYC
4216,Georginad2211
4217,Anne-Maaike94
4218,MFoogle
4219,hende706
4220,Majklik
4221,Ksteinhausen
4222,tomcriso
4223,720hamishw
4224,681billn
4225,Franbenn
4226,N4569TMdamiend
4227,gilswagto
4228,137brookeg
4229,667jurec
4230,saifd2020
4231,minhaald2020
4232,Cosmopolitan287940
4233,Jstew5
4234,Healzey
4235,Rogeman
4236,Deniz5692
4237,ryane570
4238,masakos2020
4239,401katarinar
4240,N3798ORandrewg
4241,393julianh
4242,neils359
4243,BCooke_64
4244,Mumtraveling
4245,EmilyF1399
4246,dudolfb
4247,Jonniffen
4248,U9765IZnathanr
4249,brutusm2018
4250,Rein1990
4251,bwhite727
4252,milojesse
4253,escalkins
4254,Viettrwvlerr
4255,luddehyttinen
4256,oliviav511
4257,drudman
4258,merryx2020
4259,groinds
4260,KehekeshanR
4261,Y4265BGrichardn
4262,888sami
4263,Ealing1999
4264,lucatans
4265,Millie10s
4266,E5775RMkevinn
4267,Huynh_anh2000
4268,RedondoRobinson
4269,LinaSutedja
4270,bimal_04
4271,edwino346
4272,CanopyPower
4273,yuentinga
4274,Smilesandgiggles
4275,958curtisl
4276,alicezee246
4277,willr494
4278,850andreasd
4279,MarkDoorn
4280,mathijsg530
4281,joiji
4282,205ond_ejb
4283,rakeshmalik10
4284,nicote2011
4285,Voyage176666
4286,934catal
4287,drewcw0
4288,999yvess
4289,RichardUllger
4290,willn1588
4291,Maphi2112
4292,dudeDT
4293,SambutterflyA
4294,Nickido7
4295,jackiemK1918KB
4296,danielmD8688TQ
4297,930azhaarh
4298,Guide44882299012
4299,Boogsmaloo
4300,Artur17777
4301,j0e_75
4302,Veronica_na11
4303,Underground20926
4304,494ross
4305,MihaiIordache
4306,Matthewlsl31
4307,mertonyw
4308,Raphc92
4309,CalvinOneWorld333
4310,Braves77
4311,kellysh1
4312,31kunwarp
4313,sammyh650
4314,Davegrosso95
4315,srkim-77
4316,Pd_Stitt
4317,920emilieg
4318,cindyh191
4319,monikkc
4320,Lara_Dhanis
4321,Jet17965694398
4322,timcD1095PW
4323,jonruizz
4324,mattkX3868RW
4325,126hengs
4326,662mieszkom
4327,joelcY7820QT
4328,omartayem
4329,V9922OR_
4330,_K155LH
4331,Hherrante
4332,Phanganista
4333,T4026YCsarahc
4334,anamariap268
4335,O3127JWkennethp
4336,bjornvanhoutte
4337,laurenscas
4338,alicetoast
4339,I307SImonikas
4340,373atulb
4341,rrroryy
4342,ayoc777
4343,fisekk
4344,tjakrak
4345,RogerLew
4346,Brittaneyferguson
4347,7luizr
4348,anmuri
4349,apoorvv370
4350,biyahe54
4351,ndraiman
4352,dharshikag2019
4353,bj_rnjohnnyn
4354,mattd652
4355,Juliajetsetter
4356,peyo25
4357,hollydalethevet
4358,G7595REalexl
4359,KashuMc3
4360,94raet
4361,asieg15
4362,jayneeeee_t
4363,825audreyj
4364,CharlieKhawaja
4365,EmmaHes
4366,Andy1906
4367,amya442
4368,joannarabbs
4369,Omi_Maj
4370,Arunerady
4371,hlt108
4372,jaya7799
4373,Tomod12345
4374,AbhilashaM37
4375,kbaghibek
4376,pituha
4377,TKWitt89
4378,ji_375
4379,_O2935WJ
4380,laurabag94
4381,S3916VYroberta
4382,edwardm481
4383,262tianat
4384,U406HRleej
4385,MikeBruski
4386,Angelalisaw
4387,Dannydangmp
4388,akt12345678
4389,721nia
4390,Marl37876
4391,trizzk2019
4392,lisaO8902GO
4393,howienewi
4394,Bridgetocultures
4395,phi-Gar
4396,220jadea
4397,J1921GPbriank
4398,Mango21
4399,837noreenr
4400,865annaliesep
4401,seanhD515OJ
4402,G670MRlydial
4403,chitarrinib2019
4404,jenniferhU1272UJ
4405,28jbkh28
4406,hamirulb
4407,170valtteris
4408,Geoffrey23A
4409,GrandTour65629
4410,vivalafrance27
4411,mossa971
4412,2019Neetu
4413,Global791127
4414,joshbC1468YQ
4415,MatthewBMitchell
4416,connorr454
4417,Cruiser210420
4418,Jeonghyun1234
4419,Davidjohanseb23
4420,EdvinJakobsen
4421,Merleem
4422,anakujundzic
4423,glenises2015
4424,kveeeto90
4425,vaphung
4426,glennd668
4427,skylerhogan
4428,Tanhnguyen
4429,Treezytn
4430,800Alanb
4431,E9797IRannam
4432,fuzzc2019
4433,ryanmW4221DH
4434,Pod123444
4435,timmyz96
4436,J280VBstephaniea
4437,wisas001
4438,Oldtraveller1964
4439,garygoodrich
4440,leekM5918OF
4441,87AJB87
4442,Maxime2710
4443,yoshikoy204
4444,rorodan1
4445,jake9908
4446,MaYvo
4447,Dianoulinh
4448,Forbert09
4449,Sunnyfun123
4450,HMVJ
4451,kunalek
4452,ansonlws
4453,487cathym
4454,458jaggir
4455,937shers
4456,Ann_a_na11
4457,Pam85
4458,kqlim
4459,domikubis
4460,Jamaican_Girl2000
4461,xen2015
4462,mulianao
4463,JonesNew
4464,peted1702
4465,tiffsw8
4466,AlphaMaleAdi
4467,viliamdobyvatel
4468,saaaaamg
4469,JessandJamesReviews
4470,TedM759
4471,Pocketpandajohn
4472,elenapomfret
4473,suuuuusans
4474,tndvasarely
4475,AlexSegal
4476,Zucchini134
4477,Princ3yong
4478,Rechardremboke
4479,runawaytrails
4480,MG94992625
4481,GGAustralia
4482,aon_sapoo
4483,Aom_sapoo
4484,102analynv
4485,hitchy14
4486,marsmont
4487,julianvT9508HJ
4488,LKCW16
4489,CBlaise2394
4490,767mateja
4491,616rena
4492,323gilbertw
4493,Joshwtravels
4494,esvazw
4495,SariF1111
4496,johnphilipf2019
4497,SueAnneO
4498,niamhm877
4499,442jack
4500,katemF2321TV
4501,MichalSemo
4502,olgamilej
4503,Adriantan1990
4504,flyluka
4505,gienetbernal21
4506,estherrrh
4507,G445QUpaulf
4508,saifaz21
4509,Aerong
4510,stephencW6475KI
4511,209nataliam
4512,CruiseRadio
4513,622hindn
4514,johann927
4515,shannonn688
4516,SimoneD1850
4517,myreviews20
4518,Sightsee669152
4519,philmV5162AU
4520,davidlQ7271FC
4521,KJ-JOBO
4522,Chapina21
4523,eggrussing
4524,834petrj
4525,Carosh2014
4526,737beatrizl
4527,Lilslovestravel
4528,ryanbR3926AK
4529,karinbitt
4530,miahkai
4531,229rohitd
4532,Reviewer8938
4533,Choihyesoo
4534,123Dale321
4535,849ricardoo
4536,nicholasg137
4537,emmamC7326WE
4538,ccastano002
4539,jackies874
4540,457aaronk
4541,sheilac3
4542,Sightsee763515
4543,My8kidsrgr8
4544,Johney211
4545,ChrisM2644
4546,520priyaa
4547,tristanrainey
4548,mammaria2019
4549,malissaashle
4550,iandrea2831
4551,jonp751
4552,christinavM176XP
4553,flidar
4554,Qwuei
4555,CH0269
4556,612kediaa
4557,jancM6081NC
4558,ToDubaiAndBeyond
4559,Lazza47
4560,S8577AXmatth
4561,RCS8710
4562,IK70
4563,paultan
4564,555julianrosh
4565,B8130TX_
4566,m_rioe100
4567,anette_843
4568,patrickmD8970TR
4569,S440VQdanc
4570,Cildarie
4571,EmilyH2903
4572,AnnieC-J93
4573,simsul7
4574,T8565KNjennyl
4575,180tusharm
4576,AlexandreO1391
4577,279emmeto
4578,Girishahir
4579,laurao415
4580,71emilyv
4581,Stellina71276
4582,lgtravels2018
4583,chinagirlPH
4584,AaronA1244
4585,alicita2410
4586,ChchCantab
4587,DLH82
4588,Millsyj888888898
4589,LiborN_12
4590,r_t_thorn
4591,mts1715
4592,helenwE4281PT
4593,35alexu
4594,campervandays
4595,shlomodent
4596,joandjohnlennon
4597,cindyxu2010
4598,Katie7730
4599,jodis530
4600,charlottehO3179HI
4601,stuartg698
4602,kubazbrna
4603,shahamankumar
4604,445iratxeg
4605,thomastN5808AD
4606,W3543RHjosen
4607,adriane766
4608,suziesuz
4609,mvanbruchem
4610,jacey2012
4611,michellec8021
4612,993JP1
4613,Adr1el12
4614,hareeshanarayanas
4615,583meganj
4616,lilianae707
4617,claudia170195
4618,mahomedc2019
4619,Blissfullyawake
4620,MaxineM341
4621,sussanf2015
4622,jcavilla
4623,seasonfung
4624,MlleJade47
4625,TheOGMsapsFamily
4626,Geor123456
4627,552stelas
4628,TonyCoco75
4629,Excursion639058
4630,ameriexxxxx
4631,839wojtekg
4632,N3825LJdavidg
4633,christineo554
4634,avidtraveller0007
4635,H2411KSvladimirk
4636,123Duong
4637,Cansuma
4638,188petere
4639,JonatMG
4640,829hernandeza
4641,Maithaonguyen1001
4642,725benb
4643,jonashN9692TS
4644,floriann675
4645,StephenSnel54
4646,susannabrandi
4647,JeanG81
4648,chubby03
4649,TRAVELINGCWS
4650,charliej1991
4651,Jack-G071
4652,anverboomgaard
4653,martadZ3524JH
4654,tjorvenv2019
4655,rachelwinter987
4656,lisakV8845QB
4657,Andrej005
4658,krzysztofkL1879TE
4659,TStevens8
4660,27lukas93
4661,993onurk
4662,Ubertashy1234
4663,Y6356KDmartag
4664,xJudasHx
4665,mattjankowski7
4666,kartr74
4667,Lisaa_xD
4668,emilyea2595
4669,LiamBlacker
4670,Tonyfowler123
4671,dojczis
4672,Bruceandtuz
4673,mobbeg17
4674,Suzanne3213
4675,rayv433
4676,282nicop
4677,zaenner
4678,605bartv
4679,jonahjoel
4680,795yasint
4681,aussieboone
4682,Daviz75
4683,yasinturaner
4684,575annetteg
4685,HNeiva
4686,alshalls
4687,RESEA
4688,jchudson
4689,eloycstr
4690,emmavanschaik
4691,Shanemcv
4692,LSJDC
4693,AllenS62
4694,297minuc
4695,jayklee
4696,megans0421
4697,BrendaI176
4698,andrewlK4937DZ
4699,hsumichelle
4700,yeekhinw2019
4701,443namt
4702,hannahb0p
4703,laiao2013
4704,EggplantKing
4705,Lauragould37
4706,986ondrak
4707,Anmimian
4708,matthewlU9951NS
4709,MarkbyBike
4710,demetrischrist
4711,arslan787
4712,278calvinc
4713,szeyingy2019
4714,yeowoanyi
4715,Kiki955
4716,ninafsnlr
4717,Jnt3388
4718,takerodsotm
4719,117mylesc
4720,Vodios
4721,shepydan
4722,Astewart98
4723,Safari769745
4724,shin19m
4725,MalwiTim
4726,willt322
4727,jchanwh
4728,qingsie
4729,882tejast
4730,Zuzanak3010
4731,LlewePete
4732,C9928UBjordanp
4733,TGfoedie
4734,Yittlek
4735,louis_tstt
4736,vanillina123
4737,sophierJ8169RB
4738,JamesFromOrange2800
4739,T2714XKalexr
4740,baraze14
4741,chishamisom
4742,marvinsT2460FN
4743,Tiagobtour
4744,DinotravellerUK
4745,Adventurer748723
4746,Adventure33245965060
4747,liborb724
4748,ant0ni0al
4749,courtsmillar
4750,Ananas7
4751,Graciela7986
4752,kako1997
4753,Superbast1
4754,tobym22
4755,VLyd
4756,igonsa
4757,61yuhsuan
4758,N4711XQ_
4759,Jethromalik
4760,491juliusb
4761,andy_jim139
4762,970josho
4763,giuliacQ1585KZ
4764,simonx482
4765,jackbY6553QN
4766,ericfI2353HM
4767,clarodan
4768,357maheka
4769,myneslivia
4770,558catz
4771,giovannath
4772,lenachan7
4773,588marwink
4774,cameronj92
4775,SILASTAN
4776,537erezb
4777,201damienp
4778,conniem570
4779,vascosporelmundo
4780,caribtravelerg
4781,101shannont
4782,438findlayh
4783,chloechiang33
4784,TomFromBelgiom
4785,jacksonw908
4786,nikavojvodic
4787,kezza124
4788,matteogU5821WK
4789,931gertb
4790,Khite100
4791,X9684IKrichardb
4792,NGSquared
4793,357ellieb
4794,kyleha
4795,Juliaamdur1
4796,ingagotyofinga
4797,carlottaf552
4798,Leshk11
4799,F2953YPemilyw
4800,Noazinha
4801,D3605IOchristophers
4802,nickhE3957KI
4803,emilytaylor93
4804,proeppy90
4805,ronilb2019
4806,laurenschillaci
4807,631louisev
4808,O8093OZjonathanl
4809,greyjoyce
4810,laurenhekman96
4811,stephaniepZ6671AC
4812,CrazySnailTraveller
4813,LWQ97
4814,cheskag2015
4815,danielnbt
4816,809brendanp
4817,zgray4
4818,Duythanhtg
4819,MehmetAlbay
4820,Sherpa563652
4821,megangill920
4822,bbridge666
4823,JeroenKoot
4824,genichiro
4825,jbchua225
4826,lefaeb
4827,lucamQ1550ZZ
4828,ronanm776
4829,Williameerr
4830,T4210YRivand
4831,mats1956
4832,Quest496224
4833,FernandoL3364
4834,suzideane
4835,Compass49009
4836,712paolau
4837,VaclavBuben
4838,brendaf144
4839,ivord556
4840,pthao6669
4841,964isaiahj
4842,amberchw
4843,Lamijaaaa
4844,945kristiane
4845,Benz888
4846,189christophb
4847,VanessaTtravels
4848,luket240
4849,951tejasn
4850,sivajb508
4851,emmamT1192DE
4852,karimmaroisazam
4853,Tourist14254016001
4854,apekshadeep
4855,bekrussell
4856,O3511TScassandram
4857,aluisdergrosse
4858,Jackkygo
4859,Olivercrabb
4860,olgac84
4861,danielhD1358OS
4862,noem_o556
4863,25moriartyK
4864,jdhall74
4865,kg1066
4866,Dream781550
4867,V9379HXdanielb
4868,AfricasBig5
4869,helenad495
4870,amandagoldstein
4871,a_farrugia_73
4872,thomaskL8752II
4873,Sherpa619634
4874,931andersl
4875,R4375LBtimothyc
4876,DrewD384
4877,351laurencef
4878,Noonpareil
4879,W8689KGjonathanw
4880,JohnT7384
4881,ColoradoWanderlust
4882,syedkasimnajams
4883,maromagh
4884,829ulrikae
4885,peerjohannes
4886,ChrisR169
4887,TamHo16
4888,marielayne
4889,RobynL405
4890,Hkoppang
4891,mariannekoppang
4892,Cherry10thVesary
4893,Tinglow
4894,duco84
4895,ProfJamesG
4896,liveandlove2travel
4897,reiniotter
4898,Trek190208
4899,samuelskchan
4900,twj0913
4901,psam208
4902,Perni7
4903,sarahmcc1993
4904,K6084FPtoml
4905,ssjane22
4906,onals2019
4907,Raghu2087
4908,tmurray92
4909,MarkButno
4910,cathal1964
4911,clintonm874
4912,aurelina4414
4913,Anthonyto
4914,sophiar30537
4915,williamfrater
4916,PeaweaFilms
4917,Nam_eugene
4918,thomasgeorgey
4919,Jdelprado
4920,Novitec16m
4921,L9551SXdans
4922,jessyd708
4923,1thomast
4924,jamesjaanneill
4925,felisevz
4926,S633CPchrisg
4927,espowerlift_00
4928,rhaerachelle
4929,CarloDolo
4930,SaraO643
4931,pitabreadhummus
4932,trecommends
4933,jaramoss
4934,adamlk
4935,sukhid2017
4936,687leeb
4937,F7224WMkimh
4938,samstevoexplorer
4939,Niken7
4940,ianslawton55
4941,hihiyoyo
4942,veit4urright
4943,Spiderman951
4944,mjharris201
4945,MadlenaNg
4946,556terryo
4947,Stran1127
4948,bobbyluv2001
4949,Crystells
4950,Giff828
4951,rexc639
4952,I9963CWtanyad
4953,easonl244
4954,catb1rd
4955,Traveler21217
4956,travel_ant_oz
4957,johndP8107VE
4958,tizianaf723
4959,cianwoods
4960,yannickaer
4961,DrajatW
4962,lauraleelamberti
4963,O4675LVnatalier
4964,nhr2018
4965,325jackiey
4966,Batubaraothniel
4967,fannydiandra
4968,amazing2
4969,charliejunkins
4970,el_bekario
4971,andrewdavy
4972,juntiaw
4973,JoNTroyD
4974,shambob2016
4975,surajitbe84
4976,83bramp
4977,r0bin0s
4978,bturn12
4979,Emilib0303
4980,SUSAN6367
4981,sydneylpatterson
4982,hershd2019
4983,216allenf
4984,567suzieg
4985,113kylef
4986,kimberlyhF2020TA
4987,jacklB4101ZD
4988,155huanw
4989,valent1chateau
4990,Adventurer469172
4991,delmybr
4992,524averyw
4993,400iana
4994,xxdavexxd
4995,diyabprasad
4996,Ingles132
4997,Dome19820
4998,U9663LXandym
4999,annie_apo23
5000,KelvinHui1217
5001,274fabrices
5002,563andresb
5003,Sherpa05463164180
5004,UnoF5
5005,bronson123456
5006,Gillyboo22
5007,chocholoski
5008,zhien997
5009,Shandy0604
5010,khork26
5011,TENTOSOJI
5012,Foonjunjie
5013,25xinw
5014,chiewning
5015,252jacf
5016,Shaniahgrace
5017,graysont2019
5018,jessicahH9351IY
5019,245dannam
5020,Dlw8888
5021,JannikNP
5022,letteyb
5023,BealSouthend
5024,sarahkno
5025,rikis927
5026,C7069PIcraigm
5027,F9605QBanitab
5028,kushalc007
5029,sonrisaaaa
5030,darenjohnbautista
5031,CeciliaLapertosa
5032,X7028AYsamp
5033,Z5076VTsaram
5034,tasham150
5035,bertant2019
5036,DBurke03
5037,bobby_bat
5038,KirillBenkovitch
5039,tillmynextrip
5040,NicolaC4376
5041,ebonyr395
5042,jamesbX5259KC
5043,T2414QManthonyh
5044,kazumit2017
5045,linhpmp
5046,TJRowe12345
5047,aditia-muslih
5048,dausRCH
5049,Reidy23
5050,Christymere
5051,790bettyk
5052,Storyteller383880
5053,FrequentFlier104292
5054,T6927GOjessicam
5055,916sherrim
5056,219joanneg
5057,gats65
5058,776catharinep
5059,albertolR9962GK
5060,garethjs2017
5061,Happyhouse0545
5062,Roam666235
5063,Blastcrew16
5064,357tracye
5065,992sidneyd
5066,196dimitrisg
5067,cathyw95
5068,Nicocacolas
5069,Exploration775025
5070,eduardoc489
5071,364irenez
5072,feeF_13
5073,briennaw2015
5074,Y1286HEgaryl
5075,skitillidie
5076,415kellib
5077,CJNelsonandfamily
5078,sarahnics
5079,winney54
5080,SarahjaneP1963
5081,Stasy29
5082,JCosta1988
5083,meganrS2869BA
5084,Hilowe1
5085,flingo123
5086,janaushro
5087,KatOM22
5088,ClHaj74
5089,emmagK1020DK
5090,TrailBlazer364373
5091,Hsdang
5092,t_nph_th2018
5093,NguyenKhanh2105
5094,conkishtador
5095,158stephanie
5096,772rayu
5097,JaceP848
5098,342bgc
5099,306stephenw
5100,R1801TLbenh
5101,511makaylam
5102,X5181ITbillyh
5103,243niamhl
5104,madadixon777
5105,728rayanv
5106,marki59
5107,EmmaZgo
5108,S2367MSseans
5109,Road821621
5110,justloveholidays7_13
5111,donnaq867
5112,JordWashy
5113,B1gdan
5114,OnAir801144
5115,lauradA8453MG
5116,Y5550XNjanef
5117,markosxiii
5118,the-travall0rs
5119,K5154NMmikep
5120,Z4775RIneilm
5121,Jeffrey2020
5122,jaimelI9321UD
5123,Sightseer571408
5124,KrissyM118
5125,All-Inclusive69
5126,yenisets
5127,GoPlaces816235
5128,485driesc
5129,BobfromEna
5130,681wardd
5131,Cruiser814757
5132,Rydeled
5133,dariusmurtagh
5134,932gabel
5135,Bennghesfmk
5136,kuanmengm
5137,563troyo
5138,68hermiec
5139,990evelynp
5140,72luch
5141,hvdkamp
5142,174fabiank
5143,cricritraveller
5144,322sagis
5145,bulleto
5146,Resort536362
5147,WW207
5148,chekevin
5149,AnthonyAO
5150,CarolynT
5151,jhoannes383
5152,34richw
5153,SingaporeNancy
5154,ZoraB_12
5155,aliciao131
5156,Vmlai62
5157,Global31186672026
5158,Sarahmieyelash99
5159,cuongp478
5160,573h_ngn
5161,Compass27675123533
5162,44teod
5163,47ph_ngh
5164,Getaway20314458905
5165,OnAir25125289028
5166,Road47685313445
5167,Journey64276908294
5168,Venture01996365474
5169,Sunshine51630644133
5170,Navigator47311714473
5171,Scenic56750943040
5172,Happiness65528075471
5173,GrandTour55151840378
5174,Quynhanhbui1207
5175,381thaov
5176,maihI8166LG
5177,Coastal30925823524
5178,Dream34116817939
5179,h0_ithu0ngtha0p
5180,Roam21864081771
5181,trn913
5182,Flyer12281007004
5183,Seaside18336868975
5184,Vacation66202583261
5185,825huynha
5186,Cruiser66423634151
5187,Seaside42052334550
5188,OnAir30838819426
5189,Camper39982844610
5190,Mobile46430623550
5191,Nomad52876755240
5192,Passport37788962339
5193,Jet36151258447
5194,duonga2025
5195,Wanderer08715339095
5196,Traveler02973646584
5197,tu_nm580
5198,Explore21949736044
5199,Climber12309885806
5200,FarAway30938037928
5201,Adventure23813214240
5202,GrandTour34802222328
5203,150scotts
5204,myntsri
5205,894v_n
5206,481thanhv
5207,963trungl
5208,dodger107
5209,BeoLuong
5210,martinec742
5211,aurorecohade17
5212,trangnD1053TG
5213,762shelbyn
5214,MattBriner
5215,tylerfaires
5216,I672LDzachb
5217,esotreks
5218,F8238BCdavidt
5219,Neptune8544
5220,283nicholass
5221,Khac_Duy_1990
5222,CallaSm
5223,xavierg492
5224,mauricea745
5225,mrjoshhamboiman
5226,briangS7888WE
5227,Jho808
5228,K1254CWalexc
5229,443joshv
5230,Belgian_EU
5231,Rewwhite
5232,gshea
5233,Karroysons
5234,Rey12345rey
5235,amf872
5236,MrBean63
5237,NancyNancy192
5238,Linnphuong
5239,Anine96
5240,HarryMagu
5241,Michaelvn14
5242,Kingofwar12
5243,Jaydenchen96
5244,Vincgris
5245,grahamdK8249HQ
5246,S4327WQmatthewc
5247,richardtJ9549BZ
5248,Rosiemary97
5249,Suli0911
5250,Zinger85
5251,kevinnK3445LD
5252,qqudiebwa
5253,J_Michael9365
5254,801gerarda
5255,DiogoPalma
5256,G7708OCtonys
5257,kevinmckimd
5258,P9908RKstevenc
5259,lian4062019
5260,Nbauerme
5261,koovoodoo
5262,isveryzai
5263,JosephH2449
5264,franholio
5265,Singbo
5266,Nqtdang
5267,207fabienu
5268,yogaboans
5269,doubledeez17
5270,L5526DAalexandert
5271,562bryani
5272,chungteel
5273,J8531LCdavid
5274,skehrbear
5275,connaisseurDE
5276,SteveP4709
5277,leox417
5278,RapheZ
5279,fruensgaard2019
5280,medsouthinc
5281,Trentusa
5282,Antots
5283,dennisimmo
5284,748tylern
5285,mzyrdd
5286,ho_ngv_nt2019
5287,sammypw
5288,younggeunc2017
5289,nobrain1986
5290,ChloeThaiiii
5291,klitgaardj
5292,dylan1311
5293,marshallv2018
5294,Andrew12345678901234
5295,HelenSears
5296,526levis
5297,andydM5654WI
5298,Tiknight
5299,SantoshB488
5300,T9090KLstephent
5301,Tourist260357
5302,Joseph_L_D3
5303,Jonangle
5304,Daydream558171
5305,caseyg689
5306,Jxaxiu
5307,benhodge45
5308,leonardleroy
5309,rickyclk
5310,Haxygen
5311,JasonW5270
5312,662quant
5313,Jet829041
5314,ErOs6969
5315,402jacobh
5316,katheryn994
5317,babdbbdbdbd
5318,Chichankiyoe
5319,adamsurdy
5320,brettb588
5321,KimYBailey
5322,Figher_56
5323,Obowie
5324,J3109MI_
5325,vanpt248
5326,01nico1993
5327,NorthStar128224
5328,Nguyenvovu
5329,887kamilac
5330,t_th_on2019
5331,wooc2019
5332,PoongMH
5333,Myles1991
5334,tomoshiTravel
5335,liorh132
5336,NesTa6598
5337,G1232VNanthonyd
5338,hannese2018
5339,edenl777
5340,kennethywq
5341,Akrrm
5342,803eugeney
5343,btjl55
5344,Cliff123456yy
5345,hazim_ha
5346,chongk828
5347,tanny91
5348,felxschmdt
5349,smarty369
5350,538baptistel
5351,339jeffg
5352,nickrD7252YD
5353,illfee
5354,HYQ1985
5355,Tomismith
5356,430nicholasi
5357,vuluuz
5358,TyroneB860
5359,sushimaster07
5360,Ambition_runs
5361,sungmankim2018
5362,jerryhD4650TT
5363,PMiTravels
5364,T8761VCedwardb
5365,alexpK90UR
5366,Rapidoso
5367,yacinem457
5368,DanielK10284
5369,Bringmesun1
5370,Mlee02
5371,marios_kyri
5372,robertto96
5373,Wilsonnguyen
5374,martinrQ6811CU
5375,josephsJ4922ES
5376,worm46
5377,KolleenG2
5378,henriqueleong13
5379,415rogeriol
5380,delong1919
5381,Nhggffv
5382,laptopglobetrotters
5383,connorm79
5384,GlobeJohnny
5385,Donsange
5386,JanernOslo
5387,timons924
5388,675alexm
5389,ac338
5390,georgea606
5391,Jamesbrown11234
5392,Gamagandus
5393,N8202YGleeh
5394,ComplexProblem
5395,rivanm2019
5396,jhunteryoung
5397,Maurice199607
5398,Ale_worldwide
5399,HogEnemy
5400,rsgujralrg
5401,Pmiao88
5402,hail2016
5403,Roelleys
5404,mikonos25
5405,allenplargin
5406,321lucs
5407,584hayleyw
5408,491tangm
5409,JohnW7097
5410,Iswcks
5411,jobi05
5412,Trail636467
5413,D9701ORtammyp
5414,adammmm12345
5415,176austinl
5416,DamienO128
5417,Jayysg
5418,felixc77
5419,QueSeraTravelr
5420,BOSMattt
5421,GTS123456
5422,SteveVu4295
5423,Philhnguyen22
5424,Noslehs
5425,I6697YBandrewm
5426,JoeJBB
5427,Jstuuu
5428,ryanlee3617
5429,napapereira
5430,Johnnyoroure85
5431,israelite99
5432,tomhS2295NS
5433,dimitryo_12
5434,mascmo
5435,Tsylana
5436,robertmC3225BW
5437,Giannis_Slimpi
5438,wt961
5439,fcuken_drew
5440,kelviny678
5441,RichardC2329
5442,732hungt
5443,Auy138
5444,342chenw
5445,hello193itsme
5446,195henryf
5447,Tgf2k
5448,_ceefu
5449,larryt265
5450,Kevthieu
5451,Sam8889
5452,ollydaure
5453,chuongn470
5454,JetSetter720
5455,Pn34909
5456,Escape168383
5457,thomasft2019
5458,BrandonTravels571
5459,682isaiahc
5460,Jyri0000
5461,rayfarisz
5462,brydeny2019
5463,111willr
5464,BoardingPass502592
5465,timbotimpo
5466,regular_traveller456
5467,602dirka
5468,evanj947
5469,patricknV2357CS
5470,TomHaHaGS
5471,BC_Australia
5472,Tomfu2go
5473,dinhhoc
5474,U1304VGstevenc
5475,RyanTheTraveler
5476,475lenbart
5477,jessecS5334EA
5478,K4207HCkellyh
5479,kostadins564
5480,443chetnap
5481,847endac
5482,dannyk538
5483,wozzaaa
5484,594duyp
5485,Prem_Chandiramani
5486,Amithanandjb
5487,sjchurch
5488,islandericj
5489,pierresL4488MJ
5490,aligZ1025VZ
5491,Deamsglobetrotter
5492,EddyPoh
5493,Tramontem
5494,jasonbQ6011GJ
5495,bradk75
5496,Petercage1
5497,344damienb
5498,alvissp
5499,jasdsouz123456789
5500,AdamDIs
5501,sbc532019
5502,The-one-Raj
5503,665lukasa
5504,Tholl27
5505,Mike1664
5506,Bro_Rowe_here
5507,Allenfeng408
5508,U4841ZVphilipp
5509,Rolique
5510,227houstonh
5511,zachquan
5512,alexbR589QK
5513,grahamsdoyle
5514,soe494
5515,Hil2nJ
5516,frederiko655
5517,V8785IP_
5518,d_d_konp
5519,Companion39943422592
5520,Safari26605795042
5521,l_nguy_nh_ngg2026
5522,nguy_nth_b_chh2026
5523,Curious48153229586
5524,B5892YWand
5525,Companion63618621883
5526,Nomad45689782568
5527,Coastal03124400764
5528,Explorer05008841594
5529,Guide52114325723
5530,GoPlaces49936552390
5531,Tourist00496977454
5532,Compass35401635226
5533,Curious17420798701
5534,Explore08519948526
5535,Meander44518897053
5536,Connector49639855685
5537,Road31908271157
5538,tzuyis2025
5539,765h_ngn
5540,874oanhv
5541,224windyb
5542,Passport26901384257
5543,Discover01119410522
5544,Flyer51599101917
5545,Connector22073299151
5546,linhnH6684BN
5547,Sightsee48657723090
5548,Sightseer45378868383
5549,Dream51780756080
5550,ng_cmaip2025
5551,461h_ngn
5552,kawait2025
5553,honghanhn2025
5554,Global06912435935
5555,Sightseer11694187378
5556,63trung_
5557,Scenic11189894158
5558,280ch_ub
5559,Companion60531602654
5560,254lyh
5561,Adventure20272403728
5562,Stay49283207123
5563,mary_huynh25
5564,Trail609483
5565,trinhn456
5566,Trip23135812469
5567,Coastal09939411109
5568,Freedom61418900043
5569,301hal
5570,sinhm2025
5571,197minha
5572,Navigator62160581020
5573,GrandTour33139133629
5574,Travel44582246824
5575,Stay68008562869
5576,thutrangv2025
5577,Roving18228776640
5578,rahulp172
5579,223hongp
5580,Sightseer18932979410
5581,963oanhn
5582,Relax47314395381
5583,M53RAjasont
5584,Odyssey15094088844
5585,mayuyuaaa
5586,Doa12394
5587,_Q6506XP
5588,beduykien
5589,QuynhMai123
5590,thanhtungl2023
5591,Huyenminmin
5592,Chienvu225
5593,TosylChloride6626
5594,pham_thanh_nam1
5595,Unu2510
5596,thinhnh1508
5597,thuanht2020
5598,Nhungkyo
5599,Huyenmyhoang
5600,832mais
5601,Ve1987
5602,sontotti
5603,Cvang123
5604,Hoangthuhuong
5605,Travishoff
5606,Hoa-Hanoi67
5607,quochung23293
5608,Kim_Chenn88
5609,PhuongAnN2
5610,MrsHong185
5611,Srichmonds
5612,Patrick5437
5613,Mr-HieuHN
5614,lent20190
5615,HoangHa0110
5616,J7525WZ_t_
5617,nguyenthikimc2020
5618,minh990
5619,quynh_nguyenlv
5620,JJKinh
5621,ngoctram288
5622,thang147
5623,thuy754
5624,Kitlog
5625,851rheav
5626,msandi80
5627,andrehensmit
5628,957leonardg
5629,FukuKuwabara
5630,jadeydnl
5631,apX5850JQ
5632,wickedmind811
5633,doronn2015
5634,n0viliac
5635,65clarissei
5636,vinaliac2019
5637,Filthytreehugger
5638,clairefM5973GV
5639,Pathfinder519645
5640,Sam_8714_2
5641,xxjmdcxvi
5642,beaugracie
5643,EvaJimenezSanchez
5644,sandeep862017
5645,RamoNguyen
5646,ozanozzz
5647,Kitea486
5648,annecathrineb2018
5649,adventuresofandi
5650,MeryandLeo
5651,maicec2017
5652,McWestEstrologo
5653,Shahsamir96
5654,hadihadihadiS
5655,Melvintan9226
5656,tom9343
5657,DungOnAir
5658,Jolienhu
5659,appniannragudo
5660,angel_nikkib
5661,dianalavi_as2019
5662,Raz5253
5663,Guide465648
5664,ZeeTee
5665,rosielea92
5666,c_rinem2017
5667,365carolinaz
5668,Paul261264
5669,andiesse
5670,Chick2Dunedin
5671,nhahangmam
5672,HoangHai84
5673,NGUYENSKY86
5674,rosa_tt72
5675,Tranthuyen
5676,willaV6046XO
5677,jessica1169
5678,Seaside51875610725
5679,alexlT5157RH
5680,Yama1222
5681,Hansuyg
5682,VanBen91
5683,Binhtran7
5684,cuonng77
5685,thuyhn2019
5686,anha2019
5687,Nhungtran78
5688,thienhuy
5689,lam6969
5690,Fearless57532532409
5691,tamhanh
5692,trandinh89
5693,Loantram
5694,dnl109
5695,Excursion48722832184
5696,thuynguyen3895
5697,Sightseer50098076872
5698,Compass36433766132
5699,613bichn
5700,Roam52255110082
5701,Passport46076098924
5702,rakeshchandrar
5703,MacaD_12
5704,694stratosm
5705,ClaireChin007
5706,AntiwhingersRus
5707,603faustot
5708,jackb917
5709,Marianacosantos
5710,JSL1313
5711,Maurina91
5712,387tomz
5713,jerar2014
5714,979benl
5715,bonicole2019
5716,katay50
5717,emilydF3359WG
5718,Guide819006
5719,violets945
5720,ih0nc
5721,506teganm
5722,278traceyv
5723,johnmP6220VE
5724,stephaniefF1008UH
5725,Fryzy1
5726,Miraen1988
5727,GrandTour814260
5728,Quest814386
5729,Relax814522
5730,Happiness814476
5731,jemelycabo
5732,leesH3793OJ
5733,_on741
5734,Wander812515
5735,mjbanser
5736,664maggiee
5737,Onelifeliveit
5738,johnhN9568JL
5739,Excursion811660
5740,HuyD174
5741,karenteng6144
5742,968gwynethw
5743,Q9639NCjorgec
5744,414carlad
5745,AnaG8339
5746,LadySan_ph
5747,christinehannahg
5748,rowenal212
5749,johnrO53LX
5750,rakeshr803
5751,voltairec505
5752,R3843CLrobink
5753,HowGoodRU
5754,cambo2009
5755,eeofolw
5756,ducduyn3
5757,ThuyLinhN43
5758,Venture780492
5759,Dreamer781052
5760,limws1
5761,happiness_1606
5762,Travel782602
5763,527berta
5764,356mattye
5765,258royr
5766,AnhT914
5767,nguyenthucnhi1905
5768,Extraordinary774334
5769,ThanhK43
5770,950jessil
5771,AndreaAshbourne
5772,107brandona
5773,764leonies
5774,346cyc
5775,kwongyuenl2018
5776,dkhp220588
5777,R1963CEmattr
5778,LoanN305
5779,longnguyen12372
5780,Paradise650845
5781,nga92hn
5782,Global766226
5783,nguyenthanhhoacms
5784,_vangoviking
5785,ph_tn2018
5786,CaoTienDung
5787,Navigator745179
5788,Connector737904
5789,harrytran13
5790,Explore736045
5791,NgocQuyN1
5792,phamthaocp8
5793,phuonganh307wp
5794,louis160793
5795,457ph_mv
5796,Inspiration728419
5797,ThanhT1046
5798,431phungl
5799,thanhbn
5800,VuC39
5801,linhn144
5802,linhng_cv
5803,BoardingPass698860
5804,Climber696976
5805,huongn338
5806,Sightsee690298
5807,Expedition687423
5808,Wanderer686970
5809,Stay685422
5810,282ng_cb
5811,661nhuh
5812,huynP7381BS
5813,Thanhngan27
5814,Venture61980736602
5815,Camper27794104378
5816,th_ph_ngn2025
5817,TrungP99
5818,MrTisch
5819,Daniellej2000
5820,raisedinateacup
5821,104gwyns
5822,brettogden
5823,sand20032020
5824,148charles
5825,tonyamiller
5826,bossegus
5827,mrschristineanneb
5828,sirsmilalot
5829,612joachimr
5830,375rosss
5831,C8761YGdianaa
5832,stellaunddamian
5833,carleyvictoriaj
5834,paullG6238LD
5835,399pankajv
5836,Happytravelor-me
5837,sameralami
5838,Alijm71
5839,chipgonzales
5840,michaelcccowan
5841,cjharris0n89
5842,blondeadventurer1
5843,whiskyogi
5844,chrisbC9763FY
5845,ChrisP7831
5846,Voyager535247
5847,yvetd2019
5848,Cricketboylen
5849,justynatamas
5850,jonnyangel109
5851,Michael_B12345
5852,michaeltiffany2019
5853,billg248
5854,Companion46160104335
5855,stephensH5037XU
5856,brigidw88
5857,japplebylom
5858,Timphamaustin
5859,245jason
5860,carlystaff0rd
5861,Alvesso
5862,DavidTripe
5863,784zahirulh
5864,Hockeybrayer
5865,hovnav
5866,TSL1610
5867,V4984PQlindas
5868,AmyShuttleworth537
5869,Traveler04367087059
5870,danieller186
5871,Voyage03286159588
5872,thriftynomads
5873,TheDinerTyler
5874,Kpaine007
5875,lyzzier2017
5876,GEORGEFRANK1945
5877,sy0595
5878,susalaya
5879,johny685
5880,NavaB31
5881,kpjz
5882,Trail43410976415
5883,adearthur77
5884,megs298
5885,Susquehanna71
5886,UDScoobychick
5887,SupercoachBrussels
5888,STSMark
5889,602ismaelv
5890,Hello_Hermoine
5891,katcasey2018
5892,frandsen2
5893,TaylorR1456
5894,472marens
5895,AventureLoving
5896,jckurtz
5897,Climber16711841234
5898,Chuongddh10
5899,Marina9740
5900,435eddiet
5901,W7991HFtomd
5902,mohanada660
5903,AlvaMai
5904,157rifatt
5905,Richard1978vn
5906,sallyfromsouthaus
5907,X6316QLsimonl
5908,iWiebe
5909,llev2
5910,shannonwalsh596
5911,F5183FQfredm
5912,Dreamer04734671926
5913,TejaC45
5914,356deant
5915,Flyingdoc58
5916,V9485SLcarolinel
5917,lyd579
5918,miky69
5919,nikasperger
5920,NicolasZaw
5921,helengV6947MN
5922,DiaF
5923,Oskirv
5924,siokjin
5925,arni_johnsen
5926,TanAustralia
5927,sarahthedane
5928,DarrenMilne
5929,KingKong80
5930,kymr409
5931,markpW3036LI
5932,eilynm2015
5933,hhh7364
5934,S3708RLseanw
5935,Bhughes13
5936,890kayleighw
5937,Y6169IWclaired
5938,d0quyenp
5939,noobnba
5940,traderreza
5941,hhhhhhhhhhht
5942,Usouk
5943,Edward888888
5944,ElmoD3
5945,DayTrip710756
5946,Mobile12441261537
5947,Wanderer25484663666
5948,quangthinhaz
5949,NgocManh
5950,TheMartins1997
5951,Vacation56702212937
5952,Trek36881491510
5953,265li_nv
5954,S7759LO_cp
5955,458thiv
5956,Maps52035694434
5957,Global17857274583
5958,GrandTour63761346634
5959,Discover53445398512
5960,Connector12466158801
5961,Climber06769857605
5962,linhlinh005
5963,OnAir31907118115
5964,Journey62169411535
5965,Excursion23656158993
5966,Travel16838258585
5967,viett850
5968,Paradise04776571043
5969,Explorer64247212841
5970,GrandTour10510188931
5971,Global27508724272
5972,Venture07085075487
5973,Meander24500838473
5974,Trek64748208390
5975,Passenger43511943024
5976,Nomad39611013543
5977,Odyssey24379282356
5978,Scenic01054824004
5979,Sherpa55726362003
5980,Dream01818675734
5981,v_nanhc2024
5982,ngoctham2023
5983,898phamn
5984,nas720
5985,47tient
5986,Adventure15722098946
5987,Companion18837770034
5988,Curious53290600286
5989,Trail26077358189
5990,minkiu88
5991,Tammy223-sg
5992,HoweyH2
5993,leiow2510
5994,ngothehoangau
5995,bamebame123
5996,TrangNhung
5997,tpt2806
5998,ha4102
5999,trongan_123
6000,Kim123456781
6001,Hailahaila
6002,Escape460823
6003,Ngocnguyen1
6004,Thaithihavan123
6005,lediep123
6006,Vubangtq
6007,Camtu1234
6008,Quyen1703
6009,Phamminhanh
6010,violetnguyen_07
6011,myztiquez
6012,samot269
6013,374ng_cl
6014,ginok408
6015,DavidSP_Olaf
6016,bbee88
6017,minsukp2016
6018,LinWSquare
6019,VyL102
6020,LeT834
6021,letuyen56
6022,len_le89
6023,Navigate53964903132
6024,Daydream39235562177
6025,Sunshine10370020751
6026,889binhb
6027,kimnZ897HM
6028,vut791
6029,tr_nn711
6030,thithietn
6031,dungt439
6032,GoPlaces43743139097
6033,Travel43235584915
6034,v_nph_ngn2024
6035,Pioneer59325891285
6036,FarAway19674267672
6037,287nguy_nl
6038,Departure66943457982
6039,908huy_ntr_nv
6040,11v_np
6041,Voyage43360251140
6042,Stay04293022515
6043,samuelaQ2847UR
6044,167huyt
6045,Happiness01301048946
6046,Passport17921483279
6047,Explorer18201164544
6048,t_ngn214
6049,Y2678RQdungn
6050,Trip32404770070
6051,744hued
6052,Scenic09101037003
6053,Jet50757780934
6054,Tour01274716068
6055,Freedom40335166666
6056,Quest62107743340
6057,682h_ngv
6058,Nomad43091474348
6059,NorthStar60961694183
6060,Tan_Khoa_Nguyen
6061,111sangh
6062,trangtU5747LK
6063,S9532FMdungn
6064,marynB8936KO
6065,phuongtrinhn2026
6066,Travel06080193160
6067,antr_ngp2026
6068,Happiness11527481030
6069,Companion15752872890
6070,Quest63827278557
6071,Coastal16486471535
6072,Sunshine30583841924
6073,Connector51555999609
6074,Go55293744382
6075,DayTrip58890816142
6076,Navigate01459469716
6077,Camper53192749924
6078,Global54059426657
6079,Discover43574403012
6080,Compass33042011304
6081,hu_h438
6082,318phuongk
6083,Go62531297507
6084,FarAway46141602426
6085,Daydream50168593954
6086,thithanhthuyp2025
6087,Departure06732977148
6088,anhv542
6089,hannta_297
6090,Global28386550450
6091,Sightsee28462789810
6092,lyn693
6093,Wanderer54069707274
6094,Tour17927150853
6095,Meander14931791236
6096,duonganha
6097,Passport45323946846
6098,vishalsC2156NN
6099,Discover36722233337
6100,th_on326
6101,Freedom31111629714
6102,A1299AIsamn
6103,155thient
6104,Coastal64969199004
6105,huyh0_ngd
6106,Curious06908015408
6107,offshorev
6108,TThanh_Thao
6109,996laml
6110,thu_vy_2025
6111,Fearless57137539006
6112,giakh_it2025
6113,Traveler56939662623
6114,Sherpa57776935278
6115,GrandTour53287605464
6116,828dungh
6117,931hieub
6118,tamn838
6119,lienv456
6120,921ph_ng_
6121,Maps47363186524
6122,902tenk
6123,444nguy_nth_
6124,nguy_nth_xu_nqu_2024
6125,Cruiser68481097886
6126,Nnt_hien
6127,229b_nt
6128,trangnA5173GN
6129,Coastal04524206181
6130,krixid2024
6131,Curious22060603397
6132,thi_ntr_ch2024
6133,Excursion23396223447
6134,HoangN605
6135,ho_ng_635
6136,Happiness20201405410
6137,Safari14390818312
6138,Explorer48378782302
6139,Passport25038598149
6140,Sightsee57137516999
6141,Wander29152643979
6142,Coastal36661814543
6143,Vacation26658510659
6144,Jet40902856112
6145,Happiness55682913273
6146,364nhuquynhn
6147,kh0angv
6148,470tr_n
6149,QuyHLQN
6150,Journey50837740140
6151,Wander50159707446
6152,Nomad19694155767
6153,Voyager60960496131
6154,242anht_n
6155,Freedom64363695602
6156,446tuann
6157,Bach_Huan
6158,Stay41819888122
6159,nh_y_nh2023
6160,HoanTranNgoc
6161,phant426
6162,thanhpham231
6163,Vanthinh99
6164,Trannnnn
6165,elliet862
6166,Nghi4844
6167,karendong
6168,Lala_travelover
6169,Takerujapan
6170,Nicol1982
6171,Daunguyen9x
6172,Nhungnhung9x
6173,llllllydia
6174,Cosmopolitan652116
6175,lyndac785
6176,204derekc
6177,Nguyen_Thi_Ngoc_An
6178,Thuha9
6179,Thongletran
6180,Sonnt087
6181,Thanhduy96
6182,trucanh9
6183,Thuythuy9
6184,antoniopietrod
6185,288sergeye
6186,mwi261
6187,196dominicl
6188,Alicja251
6189,jacoblB9087VN
6190,Pernillelauridsen
6191,jamesicorn
6192,Nicoleleekaiwen
6193,danielecalabrese75
6194,Anhthu84
6195,759rosen
6196,NgocMui152
6197,kitkithealien
6198,Dzungnpham
6199,Alvildegranli
6200,angelinaaa11
6201,RNM-007
6202,Kanhhcm
6203,Phat2411
6204,nguyentienkhanh2004
6205,Ngacuong
6206,Duy2212
6207,Dotrunghieu
6208,Zohandivir
6209,DavidHighvale
6210,ZENXI156
6211,XU168
6212,U2747OMdalem
6213,72Michele
6214,259janetj
6215,Gianghi457
6216,prijuli11
6217,marianoelc80
6218,Z8242IItimothyr
6219,709marlal
6220,529arthurb
6221,kokenieto2019
6222,Jet43632517889
6223,maymychanc
6224,ByblosTeam
6225,Hansenhxh
6226,thomas21987
6227,sahajans2019
6228,sheryw2018
6229,JBW74NZ
6230,petersS5325QF
6231,311minmint
6232,mamsiem2019
6233,taniushbabug
6234,Cookie2119
6235,567tylerc
6236,Trinhhoai368
6237,shirleyn682
6238,Tri345
6239,meryl0um
6240,sigd2019
6241,790raer
6242,segundod596
6243,marianQ3892PO
6244,207ruby
6245,420420alexN
6246,scottpP2825OY
6247,travy40
6248,mitchm343
6249,backpackpolymath
6250,I1994LUandyc
6251,627thaon
6252,jamesgR9765GC
6253,D494YBjeffreym
6254,mohankumart263
6255,Passenger41720007393
6256,SakthiN19
6257,fuhaoh
6258,seongwookp2019
6259,backpackmake
6260,poyil2019
6261,davidlE3621SE
6262,katherinewV418KC
6263,Relax577440
6264,V4149XA_
6265,Chalrlenemae
6266,manawara2019
6267,scottcE3745RV
6268,FrequentFlier307957
6269,jomarWirral
6270,r0dilyna
6271,458hinap
6272,Discover11625218403
6273,64flors
6274,443maddyk
6275,7speedgirl
6276,151alicec
6277,nulek2019
6278,Pinge8
6279,_W1078IX
6280,ppgh2019
6281,LizelK2
6282,mamadugs
6283,jack1k1u
6284,P6645INclaireh
6285,KennyNg12
6286,tecksengt2019
6287,konrads59
6288,M3833KFanthonyk
6289,samlS3060HM
6290,720jodid
6291,joshuawS9662UI
6292,ronig406
6293,208vivekg
6294,debbief517
6295,719rickt
6296,Wilsonlbs1010
6297,Natscan
6298,vlatkor648
6299,patrickcF7974DY
6300,Bus112233
6301,normpje9
6302,JamesLDN123
6303,Princessamina
6304,160debrahj
6305,cvanderheijden
6306,Explore545516
6307,H6941SSsharonc
6308,Rene12e4
6309,SophieMKalsau
6310,adammN213SB
6311,823smileyk
6312,Lrispoli7
6313,Crimesoftheheart
6314,Mojojoejoe95
6315,hadrianglennf
6316,mayannedionisio
6317,romansJ2835TP
6318,R8080KZromans
6319,bevmuir
6320,PennyS888
6321,699nicoh
6322,tatsuniwa
6323,GuleryuzTuna
6324,Chanyoung_Kwon
6325,jh0annev
6326,354ng_ct
6327,jeremyd465
6328,SreeAndG
6329,67zacharyg
6330,AnneK1994
6331,hueyyic
6332,dimingp
6333,sanguansrik
6334,Nomad27422221340
6335,Lingpk
6336,G6286XJjulieb
6337,Duyenhaiau
6338,j_rdanh2019
6339,680nguyenh
6340,chauminh123
6341,bly999
6342,thanhpham945
6343,Dream828208
6344,Minkichof
6345,109devikak
6346,letsenjoy
6347,harmony807
6348,Q136XNjustina
6349,boutitgu
6350,minervacatalinac
6351,joannr156
6352,gerardogJ2327RU
6353,W6127DEmartind
6354,HeleenP10
6355,lulucook13
6356,Coral2323
6357,MagnusMiddelhede
6358,Yuklun
6359,ebersole11
6360,glbvy
6361,jordanbT1064VG
6362,MariW164
6363,533amanf
6364,margarida_castro
6365,Heeeeeeeeel
6366,L4529MPjesseb
6367,cherylg42
6368,jenniferjaneb2018
6369,lehendriksen
6370,518inmaf
6371,Travel446486
6372,AlexandCharl
6373,jinkydom
6374,nehabhaygarg
6375,TiongHanY
6376,rebeccacH9790SL
6377,yus998
6378,gansomate
6379,EXELM4
6380,RebeccaT2966
6381,ddcrawford39
6382,WongA391
6383,R2463EEisabels
6384,meichenl2018
6385,530samuelk
6386,danny_jft
6387,yudycar4
6388,w0rap0ngc
6389,Sabre1989
6390,OnAir637743
6391,Cindy-Dela-C
6392,392frederickl
6393,cece7mel
6394,M1492BEmarkb
6395,ajeyas2018
6396,Taythythy
6397,NguyenL610
6398,Coastal735998
6399,TuanNguyen8910
6400,Venture23914021941
6401,178ninhn
6402,Seaside35946900962
6403,FarAway35492249172
6404,Compass25511062516
6405,Nomad53628459885
6406,Safari52625856679
6407,Road33883071242
6408,Navigate01835532983
6409,OnAir41175346704
6410,Getaway06480922470
6411,Seaside04510845351
6412,ang2292
6413,Getaway00622603604
6414,408th_v
6415,90longh
6416,Culture25979472350
6417,hienl2016
6418,Journey46085357294
6419,FarAway15664262949
6420,notyourordinarygirl0
6421,Jet15174667508
6422,Trip09336348959
6423,Voyager58719656304
6424,R7050OBjakubg
6425,Quest30269695977
6426,Scenic39351687743
6427,Sunshine08775787977
6428,_L4034UE
6429,Quest21366627967
6430,630kemd
6431,868tran
6432,826lanl
6433,Vacation21594831551
6434,Jet41479821297
6435,Voyager49183496729
6436,94lyv
6437,thythyt2025
6438,FarAway01648268191
6439,Cruiser01201449721
6440,659ph_tn
6441,909tangm
6442,Culture34311331352
6443,Escape15434548291
6444,Odyssey50795940682
6445,404h_ngh
6446,Trail56301454483
6447,Passport31773441878
6448,wigginsc2024
6449,havinhan7890
6450,Phuongthao88
6451,DSut13
6452,257hughp
6453,jhocking92
6454,PKLM1
6455,Kathy1026
6456,C4652TXrobt
6457,backgirl
6458,kevinl653
6459,VietVic
6460,Terrenium
6461,asianlocaltraveller
6462,meil693
6463,Q2464QEnicolea
6464,sarahwU4625ZN
6465,Ellenkdb
6466,GoPlaces50843352498
6467,Escape34591943415
6468,Passenger01897846811
6469,955_ngt
6470,Wander14650680318
6471,Bety1001
6472,Meander53172235963
6473,Sightseer11392569509
6474,OnAir56252173936
6475,611phungn
6476,Resort07746608532
6477,lulutran
6478,Explore61706432559
6479,F7434WU_
6480,baot490
6481,Fearless03807464455
6482,242tuant
6483,manhhan2024
6484,parkwayc2024
6485,nguyenvanb2024
6486,209nhienn
6487,tamt668
6488,938anhthyt
6489,anhthyt2024
6490,126hoap
6491,Safari02052356711
6492,Quest00448187630
6493,192hangn
6494,xpatxplorerandfoodie
6495,circuscloud
6496,Escape34314518502
6497,Paradise41488407008
6498,576khanht
6499,Scenic58401972305
6500,Nomad66574130629
6501,Curious19705347840
6502,HUAN-LAM
6503,linhnS5744VU
6504,206ng_nn
6505,Trip30407117768
6506,Connector58258042724
6507,Meander55289724333
6508,Resort05212691956
6509,b_onZ6750EA
6510,Chunhi271
6511,DayTrip02136408215
6512,Voyager23100577204
6513,Travel08491739330
6514,Wanderer19565590591
6515,Scenic44615573269
6516,WindyTiger
6517,Daydream44690493578
6518,Getaway56143215858
6519,huongchiv
6520,NorthStar63059369289
6521,Compass64641130033
6522,Mobile18149473598
6523,anhl623
6524,Dream24600358255
6525,NorthStar15837250079
6526,Maps55663123779
6527,172khanhd
6528,Departure07721671088
6529,Companion44646245978
6530,GoPlaces39230792760
6531,Roving44359647175
6532,kh_in742
6533,Companion16905295927
6534,jasminlO3883EC
6535,Odyssey07340797569
6536,Vananh1099
6537,Travel42436803532
6538,Sherpa47482499737
6539,Seaside49303271579
6540,Passenger26931499438
6541,Sherpa62105545396
6542,Trangnguyen3105
6543,marielN1585WY
6544,Journey34596150578
6545,Tour55407820593
6546,anhnK6531DT
6547,V4581FHvickyp
6548,thituyetnhin
6549,434huongt
6550,Voyager20241540526
6551,Navigate00352427992
6552,FarAway41080252384
6553,Sunshine07359335832
6554,Inspire46605809531
6555,Inspire06626156850
6556,578th_yv
6557,51th_o_
6558,Trek45886510056
6559,544th_l
6560,Trek01949138444
6561,Safari29261061770
6562,Pioneer31354945312
6563,linhnE7521VI
6564,Passenger50587818064
6565,Mobile45556546696
6566,Flyer45199208102
6567,Vacation59265444949
6568,Daydream18883863986
6569,Explore38682476071
6570,yendinh83
6571,528thun
6572,Q5917JOnguyenl
6573,Camper08373998051
6574,Nomad07172257525
6575,934buiv
6576,Journey16952452966
6577,nguyenp532
6578,Jet46226957043
6579,142h_ngh
6580,EliseHuynh
6581,488thail
6582,E7367YUlinh_
6583,Flyer40547685632
6584,Journey15161814488
6585,vickypL6481GI
6586,Z1482AAl_a
6587,Freedom02561414455
6588,Hanhcao95
6589,Global67046305669
6590,253hu_nhg
6591,Passenger28134186275
6592,804duongt
6593,Hoang_neeeee
6594,vy11111
6595,Getaway50111173629
6596,Flyer50961884774
6597,Wander52830891155
6598,Escape13652839041
6599,LLLaLaLamLamLamLamng
6600,29minhp
6601,kimtX5844IX
6602,h_ngt_ml2024
6603,Vacation52565754372
6604,Maps46291257202
6605,HHuyeenn1234
6606,OnAir04681008843
6607,Tram133
6608,ThaoT298
6609,lanl389
6610,706ng_cl
6611,Culture44381315363
6612,569di_mb
6613,Cruiser49183724242
6614,Escape08931410838
6615,A62BGtracyt
6616,Trip61108971539
6617,Sherpa46843280971
6618,quykimn
6619,Meander64164782447
6620,Daydream54140375066
6621,vyn620
6622,Excursion60558848776
6623,400th_t
6624,Navigator16275140612
6625,351thienb
6626,th_nt_chv2024
6627,ttkngan
6628,Climber40491724847
6629,85phaml
6630,Dream00880460323
6631,477nhungthuy
6632,39nguyenvun
6633,Alicelylybaby
6634,nglv2024
6635,Odyssey68537712013
6636,Tourist29000ww
6637,anh_662
6638,Kimvangngoc
6639,652taml
6640,Maps55921638653
6641,Journey68593226003
6642,Vacation45850256580
6643,Passport66426910984
6644,Inspiration756536
6645,tinanI5561GH
6646,Go40242975667
6647,450huy_nh
6648,Venture47260976962
6649,796dungp
6650,LanaTranLe
6651,HoanggHa
6652,Camper45768833159
6653,262kh_in
6654,728ngann
6655,Jet00594131518
6656,HUT75
6657,trucbachh
6658,ho_nganhl573
6659,567nhungh
6660,881trinhv
6661,leongfatt
6662,Riverthame
6663,Dreamer34076829527
6664,502h_il
6665,TrangNguyen76
6666,theg0ldenl
6667,bahongq
6668,h_nhn464
6669,thyle0301
6670,873hoangn
6671,Trangpham1909
6672,khanhh167
6673,thuh856
6674,559hain
6675,V6236NWjasminen
6676,thi_nkiml2023
6677,611ng_ct
6678,jadetran93
6679,778judy12345
6680,503phuongn
6681,ThaoMyNguyen123
6682,Trinh1235678
6683,TrinhThaooo
6684,Hongvan658
6685,Trangvuthi9
6686,DungNDK1234
6687,thaonJ8700QS
6688,CamVu1234
6689,nguyenm374
6690,changpenguin
6691,diemhangn2021
6692,Vietau2963
6693,hangnguyen1234567
6694,837uyenp
6695,Hongnguyen665
6696,dolo590
6697,thuminhl2022
6698,812d_ngt
6699,316nguyend
6700,Y4650AImegand
6701,Pt2703
6702,mnbn29
6703,banhmib2022
6704,183phungn
6705,61h_nv
6706,397nguyenc
6707,linhnguyen7789
6708,755hongt
6709,lyha7824
6710,Chinguyen889
6711,mihan1301
6712,hog267
6713,205nguyent
6714,tbN48HM
6715,jessicanK5889RY
6716,Xuanyhab
6717,Lyvo190561
6718,Alice20222
6719,Dungnguyen556
6720,daoh340
6721,thuyanhng
6722,915khanhv
6723,Hongnguyen6666
6724,HaPhuong23
6725,289hal
6726,507nganguyen
6727,nhungphan1235
6728,862buil
6729,Thanhlam2468
6730,Huyengo567
6731,818sammien
6732,hollyv408
6733,898tranm
6734,janenT6011QB
6735,LinhNguyen12344
6736,kimnghi6654
6737,ThaiiNguyennThangg
6738,240ph_cv
6739,Ngocanh443
6740,th_ot661
6741,48phuongn
6742,t0thin
6743,myl516
6744,308huongh
6745,quynhthw
6746,568thaih
6747,989yenh
6748,769hanht
6749,321thanhn
6750,770m_pr
6751,583min
6752,letuyet022015
6753,325quynhh
6754,698vil
6755,HanhTrinh2021
6756,Ngocdao667
6757,Sjhsgsh
6758,Tantran489
6759,thuydungt2022
6760,Annguyen15783
6761,Freedom557000
6762,tieum2022
6763,Btxdung555
6764,lantul2019
6765,huy_nm2022
6766,linht880
6767,meganv655
6768,Huong68293
6769,LeLinh2703
6770,484trinhp
6771,Fdafjjjbg
6772,Thsosks
6773,PhongL208
6774,877hal
6775,meimeimeme
6776,U9618NEkimp
6777,tientran777
6778,414uyenp
6779,nguyenduyyenl
6780,419duyenm
6781,Ayya12300
6782,Rtl20
6783,Thaobich777
6784,Q9830REng_c_
6785,V7364XQtracyh
6786,O3468MXtracyl
6787,anL7178SA
6788,Passenger51262217194
6789,lano740
6790,Traveler10763918387
6791,Navigate11435570418
6792,Venture31555521353
6793,Venture47451020493
6794,Discover68626710307
6795,Roam12193603758
6796,nguyenngocm2024
6797,586hangp
6798,Maps24663978639
6799,Trip40144721774
6800,Flyer43887126072
6801,Flyer47329036715
6802,Odyssey07229302370
6803,Explorer09877536733
6804,Cruiser39053309139
6805,Excursion47821903495
6806,152oliverv
6807,190thi_nt
6808,Cruiser58003534347
6809,v_n_956
6810,Vacation51347523272
6811,Travel21477273181
6812,Sightsee56707752366
6813,NaohitoK2
6814,Dream57125335260
6815,Cruiser67293270425
6816,R8674TY_ann
6817,GrandTour64272170150
6818,Trip66065421903
6819,Passenger18151937098
6820,Quest60937923864
6821,Maps53702581869
6822,Resort19599930159
6823,Voyage753750
6824,Relax23232302117
6825,maianhlt
6826,Explorer50453437076
6827,GrandTour16985365438
6828,Explore42986694595
6829,Explorer12836965608
6830,ericlG2029SB
6831,Npphuongnhi
6832,243thinhh
6833,Camper66379949590
6834,t_nl_ch2025
6835,hangn289
6836,mk0712
6837,jorinas576
6838,rsaunders12
6839,gidzmmo
6840,maestrousmc
6841,Wings_Lincoln_Square
6842,ozzycruisers
6843,J5015VVjos_b
6844,G7745AGsamb
6845,B2118LWmatth
6846,nyalaw1983
6847,EnriqueAtienzar
6848,RJViernesto
6849,fedrico_taiwan
6850,sabi9876
6851,Angelkronos
6852,CathyL2179
6853,DhananjaySudhakaran
6854,DanielPa9282
6855,phihuun
6856,thiahnnguyett
6857,jamiestafford
6858,FJmun
6859,sashakiranDE
6860,MarcoHCHM
6861,Tinnan09
6862,Maiitrinh
6863,luker327
6864,Medyoga
6865,197hannahk
6866,SA300
6867,Doanvo1980
6868,Cruiser763799
6869,quoc2ann
6870,Jessinsaigon1
6871,AndyHo1998
6872,NINALE1201
6873,robertdN17QJ
6874,U1864QLjeffw
6875,lahabanas
6876,pradip09
6877,G138BMkevinc
6878,sophiac66
6879,Kupi_0304
6880,QOLPS
6881,mykkong
6882,Choirmasterhk
6883,22lynseyt
6884,24bradfordv
6885,PrestonY12
6886,angenapoli
6887,V7652XMgracel
6888,YongChengG3
6889,JennyK3252
6890,Discover65699965692
6891,Sightseer21141358222
6892,Navigate67448983180
6893,GrandTour30291496314
6894,Stay37080844017
6895,Adventure27175850060
6896,Safari47676313341
6897,Sherpa33442708173
6898,sois364
6899,Curiosity08395337865
6900,Passenger39318039938
6901,Companion35708507203
6902,OnAir16171762008
6903,NorthStar56883698778
6904,Voyager08506226481
6905,FarAway10483505810
6906,Escape60872609338
6907,Discover24676911856
6908,Jet24600958966
6909,353m_ih
6910,Traveler21100082938
6911,Compass63902903538
6912,990h_u_
6913,Ngochien_2710
6914,Flyer43929844949
6915,GoPlaces62595428070
6916,Journey34374112131
6917,Wanderer31601420550
6918,Stay52140403623
6919,O8522WCsams
6920,Compass43732027493
6921,Odyssey67612934499
6922,Tourist00521401419
6923,Guide22941285831
6924,Flyer25590004119
6925,Nomad64830039067
6926,Safari23634649739
6927,l_mnguy_nt2025
6928,Flyer55930476977
6929,Odyssey10028305923
6930,Climber06443484227
6931,Departure66449936962
6932,Flyer56595360595
6933,Jet61720643901
6934,thi_nkh_ih2025
6935,Navigate22549805321
6936,Climber48560675897
6937,K4424WJth_anht
6938,Tourist19398949812
6939,Trip21396468383
6940,Travel31889640321
6941,Explore16575125873
6942,Coastal62664042009
6943,Guide59854471500
6944,anhnL1763GM
6945,Relax46867760556
6946,L2150MGlinl
6947,Mobile67587733268
6948,Traveler03703118123
6949,Getaway07428179044
6950,c_mvyd2025
6951,Maps58072626369
6952,928d_ngb
6953,Lahongngoc68
6954,810hoangn
6955,_cminhthyn2025
6956,Pioneer10635868860
6957,Traveler45965984603
6958,Cruiser38933000813
6959,Coastal17617035547
6960,Wanderer58254403566
6961,Global03154192817
6962,Odyssey48962988467
6963,Roving19821536542
6964,tannghiab
6965,702aldenn
6966,Trek12511262215
6967,Excursion42393252161
6968,Stay59441799681
6969,643tr_nth_k
6970,Navigate51951016910
6971,Inspire02514795161
6972,Road22783958960
6973,Camper66312374227
6974,h_nhnguy_nn2025
6975,Passport17888551164
6976,GrandTour06256415298
6977,Odyssey37222859070
6978,Relax04483302650
6979,kkkp2025
6980,Vacation50354303045
6981,Trail38436959576
6982,Getaway12083305560
6983,Go57619032996
6984,Connector27185529845
6985,384l_cn
6986,195anha
6987,Navigator54107936411
6988,DayTrip58488089419
6989,Adventure60765755035
6990,Seaside13145669682
6991,Roving57371925891
6992,Coastal48424055499
6993,Venture49651267268
6994,Discover27253847298
6995,FarAway41390998571
6996,Global28650428808
6997,Passport22994991858
6998,Seaside55338987709
6999,Discover23715383627
7000,Trail61745895646
7001,Odyssey26310732537
7002,Daydream43121793297
7003,nguy_nl_cv
7004,Explore16111058009
7005,Maps17550074735
7006,Hongthuy8398
7007,Dreamer36437643802
7008,Climber62727618885
7009,Connector54234904161
7010,280thu_nl
7011,Dreamer68098252743
7012,Curious39447331197
7013,Odyssey61667231619
7014,Explore20532055012
7015,Adventure49695113068
7016,Vacation22423200669
7017,Happiness25495265889
7018,Adventure63191247146
7019,Guide12401290829
7020,Sunshine20021304750
7021,Paradise21025284508
7022,Flyer47262381632
7023,Inspire07112779865
7024,Getaway24560699728
7025,Climber36353884405
7026,Freedom19179483964
7027,Seaside14139189614
7028,Jet57534023290
7029,Departure66687055182
7030,Excursion57381825624
7031,Roam65034315122
7032,Scenic46476305096
7033,Curious56909582899
7034,th_l853
7035,67ho_ngn
7036,GrandTour34265603949
7037,Excursion31282085345
7038,Roving50281116094
7039,Pioneer09365343879
7040,Sherpa13977695124
7041,Navigator33493619202
7042,Trail39734585191
7043,Camper13708436374
7044,Trip64339355426
7045,701minha
7046,OnAir25531644372
7047,Seaside19602675140
7048,Daydream32408512732
7049,Road64306688174
7050,Navigate29124619412
7051,Min810
7052,Climber46336979644
7053,Sunshine43436406737
7054,655khangn
7055,434thin
7056,Quest16362562140
7057,nkdoan
7058,hient781
7059,Discover25968654482
7060,Trek20261483195
7061,Guide11547920915
7062,Safari56165151117
7063,Trip50171556166
7064,Daydream62223656155
7065,Wander49198674333
7066,Vacation34693864828
7067,Odyssey66432072774
7068,FarAway20427250619
7069,Relax04780155190
7070,GoPlaces49147955562
7071,Explorer53027014338
7072,Safari38070479142
7073,FarAway18558592148
7074,Curious62383125443
7075,GoPlaces06722137667
7076,Venture12097718529
7077,Daydream02554116256
7078,Curious24554847088
7079,448tr_manhp
7080,345tamn
7081,629v_ngn
7082,Wander06804973831
7083,Resort28844824812
7084,Freedom20854513454
7085,Sherpa06904928986
7086,henryngo_2022
7087,128linhl
7088,Explore24089457445
7089,Flyer00471069212
7090,DayTrip49335414403
7091,Sunshine59369675545
7092,Departure24390217116
7093,Wanderer51426471284
7094,Safari11980829875
7095,Paradise66167071605
7096,Guide02831892204
7097,Go52942335552
7098,499ng_nn
7099,Passenger10145043764
7100,Climber31448106919
7101,NorthStar52418932531
7102,Discover60469162724
7103,Companion22289446358
7104,trieuhoangl
7105,Connector28172281681
7106,Discover02345072300
7107,Daydream00656041248
7108,Happiness64232667433
7109,dustinn207
7110,Passenger22239297641
7111,510minhthuv
7112,DayTrip65047031787
7113,Vacation25887365101
7114,Curious36762154821
7115,nh_tm2021
7116,199trangn
7117,GrandTour05283815478
7118,Z4868QYh_l
7119,Passport36910595122
7120,binhd98
7121,958mait
7122,894nguy_nt
7123,Michel1478
7124,Travel24789753235
7125,559ngank
7126,Flyer38720075555
7127,540minhc
7128,Michaelpham212
7129,maib_0t
7130,Explorer12496769635
7131,deva286
7132,hinhl2023
7133,172dungn
7134,Nhat1278
7135,Ch0uCh0u251290
7136,Nomad10973035440
7137,279hat
7138,Thuynguyen3129500
7139,ng_ch_v2023
7140,anhnU8047KW
7141,Jet43512309639
7142,Hannahhhjfhdjdhdh
7143,phuc2023
7144,truongthit2023
7145,th_yti_np2023
7146,c_nhh2023
7147,Gizang
7148,299vietl
7149,th_yd589
7150,luffeep
7151,h_oh796
7152,Duchoang26091998
7153,huuyrnnguyenh
7154,466ng_cb
7155,DINHXUANNAM
7156,Global56458149622
7157,dangc2023
7158,davidvietnam
7159,mht2023
7160,sokt2023
7161,388huyent
7162,Thuy-Dang-Le
7163,Trang1965
7164,baon898
7165,nghiemvd
7166,TienDungN1
7167,nguyenhuongviet
7168,286thi_
7169,StevenKhuu123
7170,hieuminhn2022
7171,768longt
7172,Lan1701
7173,sunnypham94
7174,P1245HVstevew
7175,charlottesS5637CJ
7176,lgmccarthy
7177,sismet
7178,978athenam
7179,dees_worldtour
7180,Kuaidao
7181,919b_ih
7182,620raizelm
7183,louf868
7184,anderurkijo
7185,pedron111
7186,kapiljalwal
7187,263yujia
7188,kimthuyenle
7189,lucamL2766BT
7190,Coastal481300
7191,neilsP9318BG
7192,semireak
7193,RS8888
7194,167pawelp
7195,RoyF31
7196,Jolly19920707
7197,718agness
7198,Thaomocsg
7199,annevR4567SP
7200,323ki_nn
7201,Hienlethu072018
7202,Ductrong97
7203,SueAtkinson268
7204,Fahd_al3jmi
7205,Huongvubom
7206,chongm268
7207,Tramie89
7208,Cong3355
7209,Anhva
7210,Tuoisg
7211,gairikc2017
7212,dagaarchana
7213,rachelgoose
7214,PavanS34
7215,860ngann
7216,Sachingambhir80
7217,Ianwatson04
7218,Rhizzmic
7219,nguy_nph_mh0_it
7220,Nhihcm
7221,Thuylc
7222,R_AusTravel
7223,Kimdangt
7224,cambieu345
7225,Jeniphertran
7226,SusanHaa
7227,879bellal
7228,Thebao669
7229,Mimikimmy
7230,Yen1809
7231,myhanh1235
7232,585lee
7233,Anhthu35233
7234,Diemnguyenhong12060
7235,298l_th_t
7236,Nguyenxuantao123
7237,Hongphuong113
7238,hongly1992
7239,Huynhthuyha
7240,Linhdim
7241,555leq
7242,Tathiha
7243,DuongShiln
7244,Dreamer11153654985
7245,Happiness66246341606
7246,Travel30209288481
7247,quynhtrang132
7248,Adventure825435
7249,trandinhdung338
7250,shyngybear
7251,319mayurr
7252,ohad-navon
7253,252glenw
7254,693shintas
7255,Escape821254
7256,LewisW719
7257,yukitruong0228
7258,conallf430
7259,92dennisb
7260,901deliab
7261,G472LWalb
7262,Megan99999999
7263,SparrisFrallan
7264,gilmar625
7265,Danielvstok
7266,Inspire815658
7267,dungtrandn456
7268,msoliman27
7269,Footprints815202
7270,V61ZMsarahr
7271,thaong610
7272,19saram
7273,maclen82
7274,viettran90
7275,themnguyenbg99
7276,Numikk
7277,P4882UBcarolynm
7278,wm3000hk
7279,MR2009
7280,932sannef
7281,benhH7089AG
7282,lethanhnhanbonjour
7283,jennysR1080LW
7284,thanhthucle
7285,678ousmanec
7286,ktgiang81
7287,Go799026
7288,RustyKombi61
7289,gemmal981
7290,nguyenthihoai024
7291,nth112018
7292,nguyenthinhi2002
7293,_love0thao
7294,R9810QAelainep
7295,TimT307
7296,826danie
7297,TuyenN147
7298,772marioz
7299,AnBinhD1
7300,Relax777288
7301,Excursion726933
7302,KimN2802
7303,lehongvy
7304,98minmin
7305,moiran2019
7306,tienmp2020
7307,Phung_nguyen91
7308,dangthuha
7309,Sonbuidang
7310,TinaNomad
7311,MisterDon1985
7312,Cryonis
7313,kxlight
7314,EmilyDuong
7315,yurapodryadov
7316,ante_meridiem
7317,ngucoc
7318,PierreK154
7319,831ainan
7320,SamuelPhan
7321,Getaway773081
7322,HienG5
7323,624tranh
7324,Vacationer768829
7325,320thuyh
7326,Paradise747912
7327,Tuyen182
7328,VictoriaL3276
7329,Wanderer732405
7330,PhuongHoaN5
7331,MyduyenT5
7332,phuoct547
7333,myllyangel
7334,doanthithuyueh39
7335,TraMyN18
7336,BackPacker722676
7337,lephuong1989
7338,731vinhn
7339,luongt714
7340,loant897
7341,gloumai
7342,KrisztiH12
7343,Coastal701741
7344,Curiosity701663
7345,NuNuN77
7346,Compass696776
7347,OnAir701634
7348,Expedition701605
7349,ThiT107
7350,PhongT189
7351,DuyQ11
7352,MinhT829
7353,ToiM16
7354,trang_nguyen1302
7355,9thup
7356,760d_ngh
7357,HuyP129
7358,quangt332
7359,pppozie
7360,LinhH212
7361,YiH280
7362,Companion685842
7363,Lamvo
7364,t_nv2017
7365,LinhH209
7366,thuyn556
7367,Mickinguyen
7368,TuyettAnh
7369,MaiHienL
7370,700thi_mt
7371,Coastal689615
7372,bichtam88
7373,ongn2017
7374,thaon606
7375,DanielN5952
7376,Cosmopolitan686535
7377,Cruiser688730
7378,Roving687916
7379,ho_ngdungt
7380,hongthuan9526
7381,dangthinhuthao193
7382,HuynhLiem
7383,minhhien2002
7384,JimbyTran
7385,KenK2471
7386,Freedom687628
7387,johnnyn2017
7388,Seaside687263
7389,PhanP73
7390,NorthStar687042
7391,NguyenDoan
7392,KimHoang_908
7393,SunN169
7394,MiM698
7395,vyle2467
7396,TrangN840
7397,trinhthiem82
7398,yaofengp
7399,pesbow
7400,hoanga841
7401,AnnieT1803
7402,huongkywy
7403,MinhQuangL2
7404,Trip686689
7405,Experience684440
7406,haphanPY
7407,352hiend
7408,Traveler692000
7409,ThuTrinhN
7410,Giakhuong
7411,bebongnhongnheo10
7412,icelovelyr
7413,LinhV129
7414,601vienv
7415,rinnytran95
7416,Venture683404
7417,uyenhuy97
7418,51xuyenl
7419,reymysteriomask619
7420,nganyen2207
7421,Getaway683393
7422,lieucao
7423,Pathfinder683279
7424,trannguyen61
7425,tuyethuynh1952
7426,Nam19791979
7427,Sunshine686188
7428,x_yd2016
7429,PoD48
7430,Ddorlets
7431,Departure682985
7432,Jet683665
7433,HaoA19
7434,Departure682945
7435,NyN60
7436,Travel686181
7437,PhuongC45
7438,Vacation683584
7439,Thucdan-07
7440,352thuyh
7441,hoanganhn947
7442,Long7997
7443,Discover682889
7444,Dao238
7445,ThienAnT3
7446,TriN345
7447,MaithaoM
7448,Sunshine685959
7449,Pathfinder682975
7450,TrinhV44
7451,Companion680434
7452,PhucN137
7453,NhatHoaiL
7454,AgingN
7455,hyuks2017
7456,thanhn1053
7457,t_nn134
7458,zisy2016
7459,JenesV
7460,Expedition681349
7461,quynh2788
7462,PhamThy
7463,Ambassador649085
7464,trancolinqn
7465,Wanderer682128
7466,aiphan150596
7467,AnH294
7468,NguyenM290
7469,DangT138
7470,minhvuong21295
7471,Connector680736
7472,NguyenK209
7473,NahnN1
7474,LeP358
7475,ThanhSangS
7476,AuH42
7477,ThanhN1050
7478,Cindylai1212
7479,nguyenquoctoan11
7480,Explore680809
7481,nguyenkimngoc1911
7482,BinhN230
7483,tamanhv
7484,150t_is
7485,lengocquynh203
7486,BoardingPass680586
7487,junnyl12
7488,BackPacker680983
7489,Maps680685
7490,Adventure681012
7491,JoyHuynh
7492,NorthStar680701
7493,katen528
7494,BaoChauT8
7495,ngohoangthang150396
7496,kimnhut
7497,maid281
7498,TiniN22
7499,496ng_cn
7500,ThuyH115
7501,QuynhL44
7502,Cruiser680869
7503,Trek680565
7504,Expedition637292
7505,phuongbichhang2410
7506,NGUYENL500
7507,MarioTran
7508,Chuthianhthu
7509,Dreamer680412
7510,LightPacker680169
7511,Excursion680157
7512,labaoxam
7513,anhang3003
7514,hangan0330
7515,LiK272
7516,NguyenBaoQ
7517,167nhi_nl
7518,Destination679760
7519,Traveler687670
7520,thanhvynguyen1910
7521,thuytrang9248
7522,Paradise680399
7523,Nhungnie
7524,Compass679938
7525,MinYeonK1
7526,Safari680053
7527,113hi_nt
7528,DayTrip679849
7529,DatN161
7530,Safari680007
7531,572t_t
7532,Travel659436
7533,Inspiration679823
7534,Tourist680799
7535,thangthanh
7536,Climber679817
7537,harom1508
7538,b_onhih
7539,FellowTraveler679795
7540,Freedom680131
7541,trangga1234
7542,761_ip
7543,Quest679823
7544,ThuongP29
7545,ThuanMinhNguyen
7546,PhuongAnhN34
7547,Roving679710
7548,lyntt158t
7549,Explore679874
7550,hadun2016
7551,Getaway679924
7552,linhtien0201
7553,c_o_977
7554,TuyenN111
7555,GrandTour679694
7556,MyP102
7557,Explore679855
7558,JiW54
7559,Experience679745
7560,HeoK15
7561,NguyenLien
7562,h_hQ8446CP
7563,lient722
7564,125hieut
7565,ch_t_chk
7566,Havy123
7567,DanelNguyen
7568,Mieu123456789
7569,ThuongSuBo
7570,MinhTriet1991
7571,Anna799708
7572,Tri18292
7573,duyla97
7574,Aien79
7575,Kathyhong99
7576,545b_ih
7577,PatricioN69
7578,Btappia
7579,528vikasb
7580,Rose15033
7581,richj65
7582,ngocphuong45
7583,Erik130490
7584,laxminarayank2019
7585,thienaneventsagency
7586,HuongTran3007
7587,ATrinh1983
7588,SpartacusX
7589,iWanderingSoul
7590,617dustins
7591,307richardy
7592,rodrigolaniado
7593,lucy501
7594,Morlen2989
7595,Odyssey46317723726
7596,Departure09543728172
7597,GrandTour10784386143
7598,Pelou65
7599,natashamC634EX
7600,akinao2020
7601,maxw657
7602,H2chew
7603,mosesd378
7604,atrippyadviser
7605,DushantNYC
7606,danango
7607,mrbinghong
7608,richardcT7800QX
7609,Ludde93
7610,beaukhh
7611,gea4957
7612,883daichik
7613,dylanmA3036TR
7614,ERIKn1999
7615,mg1973
7616,gtwppy
7617,Moetkongen
7618,Sam4312
7619,25kennedyg
7620,peterschreiter28
7621,DTrain10
7622,Adventurous808
7623,ThommyR1987
7624,Bona48
7625,allaroundtheworld42
7626,Jasper73
7627,michaeloZ440LV
7628,970niclase
7629,Angiemach
7630,I2111IUrichardo
7631,simonkU7111CB
7632,479philipe
7633,b00nwee
7634,319chinhp
7635,Pbl21
7636,jariarkko
7637,Ricardojm1980
7638,trongtranvan1980
7639,ThuongThuongP
7640,flyingman1993
7641,quynhto9
7642,nguyenhuynhphihao
7643,huongvuthu
7644,tuann569
7645,Inspire16064154938
7646,Roving24556179868
7647,Passenger37011326154
7648,Excursion58312654760
7649,Wander37338246735
7650,Quest17483740047
7651,Adventure15183469094
7652,Meander15549975830
7653,Happiness07420992933
7654,Trip43781296213
7655,Road29483206456
7656,OnAir15097361601
7657,349l_ng_
7658,Connector63958217165
7659,Nomad06358966886
7660,Passenger42767842809
7661,Sightsee66415771738
7662,Freedom15683420384
7663,DasnyNguyen
7664,LeMinh91
7665,AAA123Tiffany
7666,YBChang
7667,julisandy
7668,andreyg675
7669,Flemming_E_Jensen
7670,jakubptacin
7671,8snowflake8
7672,hascret
7673,reise-tanta-di
7674,mohbeen
7675,fokkuptong
7676,shutterborj
7677,Destination499058
7678,PBB022019
7679,powerpowerjen1
7680,izeta
7681,346calvinl
7682,329dangn
7683,2595bennyj
7684,jayjU6177
7685,yapac2019
7686,yikes247
7687,ngocngk
7688,W122LYstevec
7689,clcohen
7690,W0nderW0nder
7691,Swiss-Nomad-1987
7692,dom_chan66
7693,TimYolo
7694,Deannnna
7695,tramh30
7696,JunMitsu
7697,16choij
7698,Storyteller668966
7699,Hanah0110
7700,Myhuong123
7701,Mrlion30890
7702,jinnpham
7703,AnnNgoo
7704,RasieDuong
7705,annoyingbibi
7706,zoeytuongvi
7707,Explorer24958214472
7708,Connector44513390105
7709,445quyenv
7710,Passport05593615904
7711,th_yn451
7712,699lienp
7713,Escape33467929990
7714,624th_n
7715,phyllishan
7716,huongn815
7717,910tr_cm
7718,s00nkyumk
7719,Freedom37280480408
7720,Compass25467455462
7721,Trail22739939673
7722,574th_ol
7723,Passport41996007099
7724,Roving53596745579
7725,gorillathegorilla
7726,olya-loukoye
7727,Bceeingu
7728,Mariajomansbdk
7729,leegraceee
7730,alexn85
7731,palmerj2020
7732,kimcowan25
7733,moose938
7734,Sang_Vinh_Nguyen
7735,Lunakasha
7736,VeraM2874
7737,LyssFor
7738,K6669UCkaylac
7739,mattylight
7740,junmin98
7741,charlottelF2474AY
7742,yolifern88
7743,Hakamaka75
7744,Guide05622380620
7745,alexcI6424JW
7746,rebekahst
7747,weenygwb
7748,michytashima
7749,tinangyn
7750,christinehZ6958GC
7751,64jordanv
7752,JoannaM718
7753,M7776JTemmal
7754,Mlscumfn
7755,kerriunderwood
7756,robyngus
7757,megan_amanda
7758,emmacM564GL
7759,Robinfren
7760,Marshylife
7761,349heleny
7762,NgocTLe
7763,MeteKesan
7764,PingChung
7765,Sarahonholidayeahwoo
7766,jamesdr2106
7767,Caleb69
7768,inspiremaryam
7769,andyf901
7770,Cmdguitar
7771,Zivilesim
7772,DCD009
7773,Nomad686507
7774,cassiehanks88
7775,Surgewind
7776,lelerx33
7777,MazOnTour
7778,pipiky
7779,paucorbalan
7780,La-The-Thai
7781,Annaseager
7782,darchbold
7783,rutht304
7784,kjiayi
7785,tomm872
7786,leehQ8426FD
7787,404vishnur
7788,Asiaholiday19
7789,anth28
7790,LMW1030
7791,U2482LS_
7792,dino1963
7793,J1169YLchelseam
7794,Jordan10Smith
7795,MeredithLeeh
7796,61asas
7797,kathakdancer
7798,Cate71
7799,JaygoesHiking
7800,dasol5425
7801,samjambs
7802,teresatrann
7803,Sharonkoster
7804,emiemi1230
7805,EleonoreM50
7806,899reals
7807,kandyvoyage
7808,wink1960
7809,dorist1305
7810,thsh17
7811,Terenahung
7812,MattJAndo
7813,Monashahat
7814,SingingH
7815,Imogen98
7816,CassandraC324
7817,169hungn
7818,tracyhan
7819,666karinam
7820,G6424OJsharonh
7821,nivetas2018
7822,Calischroeder
7823,ChristyP_12
7824,cecilah2016
7825,do777
7826,monidaly
7827,JamesDFromOz
7828,rock615
7829,Tilbath
7830,U5195YXtimb
7831,camerons778
7832,eri_ekat
7833,sebastianbN4176JJ
7834,CharleneO533
7835,Punkins
7836,Jane7732
7837,604chachaa
7838,monicahP2058DB
7839,SeekengC
7840,kaydenkf
7841,lornat454
7842,MelodyL887
7843,ngovangiang
7844,Daydream42791755943
7845,249ph_ngm
7846,Relax47213665708
7847,baohanq
7848,Stay27340842156
7849,945phamt
7850,Connector46601715877
7851,vyn575
7852,Scenic43783082361
7853,Travel21359743132
7854,lel743
7855,trangt840
7856,Roam06034542354
7857,319ng_k
7858,Voyage25303759699
7859,thanhnh_nh2025
7860,Freedom55888866554
7861,kietpham85
7862,Dream10008517950
7863,trangl829
7864,karenhG5410HP
7865,Cruiser55021479655
7866,73quyenn
7867,Voyager52666196039
7868,Companion36252208569
7869,Explore08796751379
7870,Quest62876062474
7871,Roving12994674932
7872,Adventurer718044
7873,Journey18353334122
7874,lehuy1810
7875,OnAir42145917869
7876,minhl486
7877,924lyn
7878,722sangk
7879,Navigator02387600131
7880,thipakonc
7881,196nhit
7882,Adventure29771632207
7883,Departure13461556509
7884,Voyager14865934616
7885,Freedom43912732360
7886,Dreamer44284609144
7887,h_ngn909
7888,Seaside15824478982
7889,Wanderer47497246825
7890,Passport52228430622
7891,971h_ininhn
7892,Venture34486454010
7893,Passport63746623620
7894,ThienHuongHuynh
7895,777t_t
7896,18hi_pt
7897,Camper39771177824
7898,Jenny_Trann2020
7899,Global37420699434
7900,485v_nb
7901,Meander24465408333
7902,Seaside02805945552
7903,_canhn2023
7904,26kienp
7905,304linht
7906,Meander61968852765
7907,934minhq
7908,nhit992
7909,Voyage28782850767
7910,670pollyd
7911,Travel54739879591
7912,Mytien2107
7913,266vum
7914,Compass67589824563
7915,Linhchieu
7916,hanhnguyent2023
7917,673jeanad
7918,874thiv
7919,uyenb2022
7920,hongmyy
7921,phguyn1611
7922,thangn977
7923,685phuongt
7924,Kristine83
7925,lyha1234567
7926,638ng_ct
7927,NorthStar680245
7928,kulln2023
7929,dangm2023
7930,CucNguyenn
7931,465linht
7932,Thanhthanh1010
7933,544kieud
7934,389quyen
7935,509ph_mt
7936,Phamtrucc
7937,Lu_Dieu_92
7938,531qu_nhn
7939,7936thtuyen
7940,MimiHoang0401
7941,Hieunguyen1910
7942,an929588
7943,Bvcccgy
7944,nguyenn812
7945,minhdungt2022
7946,Daydream26008373433
7947,Zi0905
7948,U6374VWchantall
7949,Hoalai76
7950,A9239CAlinhn
7951,Fearless62898635708
7952,Truongnhiiiiiii
7953,vut607
7954,huynhngocdiem
7955,BackPacker616068
7956,thuhien10122003
7957,thimyhanhh2021
7958,Vinhnguyenpro
7959,NguyeenTienn
7960,455ti_nn
7961,331mym
7962,Navigator63396605944
7963,ThanhYeenn
7964,699filipn
7965,HaThuHuyen
7966,971linhp
7967,TruongHuy2001
7968,SamNguyen2898
7969,559b_h
7970,MyNghi
7971,U3847JKbellam
7972,XuannYenn
7973,nh_nv2022
7974,ThanhHoa9999
7975,Thuonggvuu
7976,Traveler21167572031
7977,Ha12345678910
7978,phuongm533
7979,aAnhMinhh
7980,CamThao
7981,BaooNgoc
7982,PhuonngNhi
7983,DunngPhungg
7984,PhuongTrinnhh
7985,Trangquynhcao
7986,Lan120322
7987,tuhibabii
7988,Relax769765
7989,R515EWcelined
7990,My_do13367
7991,Lynguyen1201
7992,NguyenThanhNgann
7993,ThaiiHiennn
7994,HuonggTra
7995,LienTVP
7996,vannhuynhh
7997,anhien_0509
7998,Nhung1180
7999,XuanChiii
8000,Vanthy1988
8001,DiemQuyenn
8002,Ngocminh24
8003,954khuen
8004,QuinLilii
8005,ThanhhLan1010
8006,quanganhnguyet
8007,Thyyyyy
8008,Han160301
8009,OnAir32784433029
8010,MyLoannnn
8011,MongLoannn
8012,R6455BSminhn
8013,Trinhcustomer
8014,353tramn
8015,cuncon181
8016,mynghi123
8017,910kieut
8018,DoTraMy
8019,hait601
8020,Tranphuongnhiiiii
8021,HangNguyen2009
8022,896anhth_p
8023,HienVyLee
8024,susannguyn
8025,Julia_Uyen1010
8026,464jasminet
8027,bi-nguyen87
8028,Tieuly2107
8029,FarAway66406326943
8030,Siiitu
8031,Stellaphannn
8032,663t_mdtamtam
8033,hoangmihducc
8034,Maile6597
8035,Nguynxuannn
8036,NhanNgynee
8037,NgNgNghia2903
8038,trantrucly
8039,tuyetnguyen123bhi
8040,Mihnguyen35
8041,tratran170992
8042,Zakaru89
8043,NPhuongA246
8044,minhdang1495
8045,734tramp
8046,vytran1204
8047,nhiphuong123
8048,quynhnhin2021
8049,Q2695JGlinhn
8050,lananhp2021
8051,Huongnd2101
8052,yennguyen_3287
8053,Kiniehoang
8054,dunggn
8055,shayshay73
8056,146996
8057,nerrisw
8058,LinhLe91
8059,Gomarrgo
8060,kristina_L4732FH
8061,Droo1000
8062,Familymania044
8063,635tanyad
8064,aintree89
8065,ValentineV121
8066,abroad91
8067,BCfromScratch
8068,Ma-CLS-00
8069,Kirstie_133
8070,trips2gether
8071,alpha33g
8072,Virginie130
8073,ngan644
8074,206suzannal
8075,CynthiaL1969
8076,hannaht982
8077,Sightsee286894
8078,811courtneyc
8079,ABCadventures01
8080,nathalier581
8081,RodolfoQ54
8082,Shawthings
8083,E5630CQannaf
8084,15linziw
8085,jesseadelaide2018
8086,armon_henry
8087,spacetigerrr
8088,JJPP12345
8089,nancylR5566VS
8090,450steffend
8091,756s_ngt
8092,569thanhng_nn
8093,Climber00702246822
8094,Passport20037355876
8095,Connector17616873522
8096,874ngocanhn
8097,linhnS5838DX
8098,Journey39215287353
8099,Excursion45049687539
8100,Jet34400365649
8101,Discover54983902312
8102,namnR7321YR
8103,Explore24153863791
8104,vy_315
8105,Escape06929268035
8106,thi_un2026
8107,Discover34658074144
8108,557nh_nb
8109,Flyer06816273505
8110,Curiosity02339348297
8111,862h_nt
8112,J5492BS_cn
8113,jessn409
8114,Inspire33385730827
8115,Safari28443796714
8116,Sightseer15072605847
8117,Fearless17485651830
8118,GrandTour61793807040
8119,Road08813030246
8120,FarAway18493880652
8121,817nguyenc
8122,Companion32118570037
8123,Go05280706224
8124,Global25497307820
8125,Voyager62993332783
8126,thuh_939
8127,Guide52557745230
8128,m_tW2123LQ
8129,Curiosity17335952900
8130,574hi_nv
8131,810ph_ngt
8132,Trip33128677112
8133,nghiv2025
8134,th_op330
8135,Road17676108516
8136,Wanderer64506795742
8137,Sightseer60430385869
8138,ng_a275
8139,Happiness52196041960
8140,892qu_nhp
8141,Vacation26243513145
8142,Climber41281827887
8143,GrandTour16806326128
8144,Sightseer26762530181
8145,Traveler25026931290
8146,HuyenTrang0309
8147,Adventure21381138227
8148,Sherpa32717000859
8149,190y_nd
8150,334quyenn
8151,353vanl
8152,ThiH66
8153,nhit954
8154,annalou297
8155,914kham
8156,217qu_nhanh_
8157,Scenic68399868844
8158,maianh2023
8159,tuanb875
8160,nhatvyd2022
8161,thienlyb
8162,trang854
8163,RadTrent
8164,JoleneZ
8165,Noelle6711
8166,199720
8167,palmerston12
8168,334paigez
8169,N6462YFandrewb
8170,LeanneR165
8171,casscassb
8172,juliacU3859CO
8173,davidabriese
8174,MarkJCC
8175,kohlersigrid0
8176,KlausW35
8177,mruszcz7
8178,Roving66821741921
8179,Seaside18971401083
8180,nghjemsem
8181,44anid
8182,NellicatApril
8183,Henry090909
8184,sayam0lp
8185,xarakras
8186,H5472IVmarcov
8187,baoanh0803
8188,518hongn
8189,52robynk
8190,819kalpa
8191,alisonbH1527SR
8192,Bacchusntiffany
8193,ibme1999
8194,hta1812
8195,ald0nad
8196,Lehuongthuy
8197,tanyatravelsoften
8198,DatinTravels
8199,628tm
8200,T1510DEmartab
8201,MorrisDebleu
8202,andykyos
8203,MoeZuller1204
8204,806mv
8205,Q5930EZkarenl
8206,hoangnguyenquan
8207,Amy235553
8208,AnishaM103
8209,KelvinJWarren
8210,hanhluu
8211,Thaonguyen1201
8212,hant2019
8213,Curious16399178470
8214,NguyenH1564
8215,Curious820541
8216,AdelineT548
8217,jamesn3266
8218,Ruben_Heather
8219,650amandaf
8220,Paradise764171
8221,O7398OHcarolp
8222,ThanhH506
8223,thaot451
8224,leml2018
8225,Tourist05655965484
8226,abelardc2024
8227,vuleanngoc
8228,678thanhp
8229,tr_mt2020
8230,Lehonganh09031987
8231,SirusBourke
8232,ksteven_steven
8233,LinaD50
8234,inbts0
8235,goodestguy
8236,Nunnanabie
8237,jesusbuiltmyhotrod77
8238,aerokanzaki
8239,teresa1386
8240,davidnguyenking
8241,helencO2313TD
8242,Edvard8
8243,cliffc294
8244,DiveHard
8245,Z2725LRkarlag
8246,Destination263940
8247,robertrH6402JK
8248,Kevinontheroad007
8249,tracy100898
8250,newtoindia
8251,ChiragJ201
8252,KatieD047
8253,Mattjhayes
8254,backpack2719
8255,pernillebaggi123
8256,22Ashes
8257,annsoyogi
8258,MinhThuSafari
8259,jellymajelly
8260,janiepham22
8261,fuying2019
8262,T7246SAmiket
8263,hoanghiep5892
8264,FranciscoG1861
8265,jaanikat2019
8266,leezy1305
8267,thaotran8859
8268,373elliotr
8269,Douglas_Aus
8270,321eveb
8271,Mrln-mgt
8272,IraS209
8273,paulkY8817ZW
8274,M2721SZjuliel
8275,abbyb524
8276,estherl223
8277,A6360RGlisac
8278,E4372ATlinan
8279,ashleytK4366OF
8280,Dreamer19209617344
8281,Coastal54770118520
8282,Hanghp
8283,Departure62468695257
8284,741nhil
8285,Dreamer35535239033
8286,625nhum
8287,tracyontheroad
8288,CherieNgo
8289,886EllenR
8290,AdrianoTanz
8291,SuperSwede1
8292,iamjessicanne
8293,S8704DOandrewh
8294,janeblogs
8295,Daniel_Sev
8296,meowleow
8297,lauragT3867RA
8298,ontheroadagain8102
8299,618rebekahd
8300,normandc695
8301,Jeneeeh
8302,RHM1091
8303,Voestelle
8304,849frederikm
8305,HaruHaru512
8306,Passenger225806
8307,cristalw2016
8308,tym917
8309,lilacdust22
8310,Leachwilliam8
8311,bujub2019
8312,Brandonhuynh
8313,JunjieT8
8314,hollandf383
8315,katebM1696MI
8316,Heitje30
8317,Win-Hon
8318,Cesarcp
8319,ryant663
8320,sonviet1368
8321,jeanettewongsy91
8322,petehaze
8323,ssause
8324,mishkaAU
8325,DaisyM1178
8326,agnewforest
8327,477liamt
8328,s0emejah
8329,Hamish_Price
8330,359anakinl
8331,P1398UE_
8332,gwand2025
8333,helenlY5581CS
8334,Tour23637562522
8335,925chankyup
8336,990th_ol
8337,145lact
8338,Pioneer60780477592
8339,Q9315SNanthonyt
8340,X2201QJ_
8341,Camper20121718460
8342,Curiosity01035461261
8343,Trail41631541051
8344,Nguyenthiminh
8345,tonytT1106AJ
8346,nansC5693FO
8347,missl535
8348,839truct
8349,xuantrangn2023
8350,Y5896FFannaz
8351,33georgez
8352,Frank3001
8353,miarobrien
8354,396nickym
8355,jasonmanboh
8356,davechalliss
8357,E9481SGangelov
8358,robd779
8359,RobertaFarmGal
8360,Katiee_johnson_
8361,loov2020
8362,490gwenaell
8363,noggin00
8364,1MotownMary
8365,mikk_sp
8366,pyeongah
8367,Sous1989
8368,132austiny
8369,hjryoo17
8370,IvetaKrskova
8371,Roswilltravel
8372,OssianH1
8373,olgsolgs
8374,DirkRenting
8375,PeterC7154
8376,tomersi
8377,Chyna02
8378,Chingching_18
8379,godz123
8380,Ritacake
8381,swedishmillstream
8382,Iram0105
8383,223kimk
8384,522hayden
8385,885cecip
8386,Global517145
8387,zhiping12
8388,652maryk
8389,K6557GMsergior
8390,tillett30
8391,JelenaSA
8392,hannahf622
8393,niikkiiw
8394,Ava_Sparkles
8395,J6988WGjackm
8396,JacquiGreen7
8397,YSLbeezy
8398,nzlucy2410
8399,632retof
8400,kachingkachong
8401,linemartin91
8402,Jsaid11
8403,yeed2019
8404,kohi11
8405,lewsoomin
8406,dorl680
8407,Courtney3333
8408,Kiwidoesit
8409,abdelhakk_13
8410,jagdeeplamba
8411,950maic
8412,119kellinad
8413,davoshorty70
8414,blueb0lt
8415,AussieMark888
8416,gayle6673
8417,T8891LImikea
8418,T8275QOjennyc
8419,mishellep
8420,EugeneO263
8421,thinecastillo
8422,858dianah
8423,See_the_world_A-Z
8424,Davidedery1
8425,mamajoysan
8426,688deeh
8427,997viktorijak
8428,youdaichi
8429,Jongsungpk
8430,SAW1961
8431,95lynseyd
8432,portlander2015
8433,mijybear
8434,easonw331
8435,Vacation690117
8436,jorn_loki
8437,24dalelee
8438,735suzannec
8439,love2cookandtravel
8440,VincentW1443
8441,Vicky1009
8442,DJL-02
8443,bogarams
8444,N9340JMtoms
8445,terrytwallace
8446,596dfd
8447,travel_eater_592
8448,_B4090EG
8449,chif0ngl
8450,soluna_luna
8451,EdwS2
8452,C2463XHjanb
8453,suttondew
8454,450ashleighb
8455,JClimber
8456,th_on307
8457,857deba
8458,jennykI5200UB
8459,ParishTravels
8460,0lsen
8461,stanara
8462,jillenerox
8463,DaanM52
8464,zytoriasecret
8465,h2tung
8466,Phuogha
8467,hungng147147
8468,danhne
8469,Nqtvann
8470,embemon
8471,Thanhdao123456
8472,1503sindyn
8473,Jangtravels
8474,NaNaK829
8475,Panheady
8476,SueH522
8477,yun3101
8478,allypp2014
8479,berniefung
8480,DeeJay78
8481,fredodman
8482,Foodmonsterasia
8483,Uhdcfc
8484,Tommy_L_DS
8485,irwanspr
8486,Phuong-Dai-Danny
8487,Freedom17026553861
8488,PerUrdahl
8489,255joanner
8490,904stephans
8491,AndyBe11
8492,katie21111
8493,S4685RTjos
8494,2016TravelproA
8495,michaelkC2332ZA
8496,755nathanl
8497,gapstr
8498,sonjaaustralia
8499,finallyretired2015
8500,sophsworld
8501,paular554
8502,johnsN9885KF
8503,SpicaS5
8504,Biscuit1972
8505,robroy18
8506,LaurenceM754
8507,caroltay2018
8508,400kayl
8509,707daon
8510,Getaway43823865231
8511,GoPlaces31045310161
8512,Traveler55743480675
8513,909hanhn
8514,truchuynh_tphcm
8515,Sophiemyname
8516,bellabokk
8517,OnAir49262795996
8518,teamCandC
8519,mjlenagh
8520,michaelgR2459ZI
8521,jenniferfZ9907PG
8522,justinhewett
8523,galactictraveler
8524,RWMchelsea
8525,RemcoP_12
8526,divazuc
8527,Oda2512
8528,hungt361
8529,VinhV63
8530,Wanderer697484
8531,Travel699703
8532,locn122
8533,JimmyD1915
8534,ThanhNhanP4
8535,GoPlaces655071
8536,892vii_
8537,Thuan1008
8538,Culture45587957824
8539,Trek16502955215
8540,Curious10167830493
8541,Fearless03171807703
8542,Connector22630579112
8543,Curiosity17076589556
8544,Navigator43696620086
8545,FarAway18868088133
8546,Passenger32330692825
8547,Wander03731852803
8548,anhv_n2026
8549,Journey61584621814
8550,Mobile31937759583
8551,Trek58285936973
8552,Paradise36447389413
8553,Venture68466557877
8554,Adventure19598080038
8555,Wander61114598085
8556,973tr_n
8557,Guide17450730239
8558,Wander06179139383
8559,NorthStar63451048526
8560,375vand
8561,myn969
8562,linhnB7990PS
8563,phuongm2024
8564,Odyssey30435982380
8565,362thuyt
8566,Trail11904159258
8567,385yenh
8568,952quynhh
8569,deonu751
8570,junkoa202
8571,635linhk
8572,Passenger39635980714
8573,Traveler36331889907
8574,F737CYlinht
8575,987anhm
8576,Daydream16991177841
8577,NorthStar20024957611
8578,Wanderer21342208315
8579,Freedom00671553294
8580,FrequentFlier583797
8581,Escape532917
8582,gregwF7865BN
8583,DainaV2
8584,Plus4more
8585,nincimulli
8586,gingerningerAbuDhabi
8587,Cosmopolitan776690
8588,amkr961
8589,stefwind
8590,silvesterpari
8591,luni69
8592,E8672AJronalds
8593,Sayree207
8594,Culture530682
8595,SandraK1551
8596,Pathumporn
8597,stephellesy
8598,H5765XYkathleenb
8599,E3705EHhollya
8600,rosiea399
8601,G9941LMjamesd
8602,frannah
8603,babynutbag
8604,W3015SN_
8605,Sidridge
8606,fortunebabyy
8607,1mpossibl3
8608,Q9963AWcarols
8609,FarAway279837
8610,sojure
8611,louiseforby
8612,nt-tvi-celine
8613,NinaVN18
8614,lelanqn
8615,311sandim
8616,585lananhp
8617,wendylM6137BH
8618,504lananhh
8619,643bellel
8620,arreg2017
8621,L1422BHtomk
8622,angelyu01
8623,hangd303
8624,sabern2026
8625,M2502EN_cn
8626,Discover38251474708
8627,41datd
8628,Maps52957853614
8629,Culture01731435243
8630,Go63581147961
8631,Jet08731773882
8632,Dreamer29774680020
8633,Voyage53182303113
8634,vyv397
8635,Tourist17975169362
8636,Jet01217073217
8637,Trip45764665917
8638,Trek04085213901
8639,Vacation11959161615
8640,Passenger07872412147
8641,Paradise21389886111
8642,Traveler06295992492
8643,Passenger25403195800
8644,Cosmopolitan746201
8645,Passenger41499586712
8646,Voyage34764610328
8647,Meander11576319356
8648,Roving49391853423
8649,NorthStar56400059588
8650,Relax24039384062
8651,OnAir53353222325
8652,Tour22139716122
8653,Voyage05789062128
8654,308zoet
8655,misn2015
8656,763gillianf
8657,maddiisthebest
8658,Pathfinder414249
8659,ngojennifer
8660,V4lkyr13
8661,narayansmate
8662,JasmineHolidays
8663,maddielimes
8664,Grant13
8665,T1655OKtimothyh
8666,K9899NBjamesr
8667,N1466TCsteved
8668,NicolasDoyon
8669,995nikir
8670,katiekapp629
8671,K8754AXbobm
8672,Kweku_T
8673,billypollard
8674,emiliegE9490MZ
8675,roseg131
8676,hongm777
8677,alexa_cherrrr
8678,petergK6885CQ
8679,scottxes
8680,Vinaka46
8681,Companion09253499643
8682,Fandinju
8683,909madeleineg
8684,mart1nblais
8685,AndyChang6298
8686,franklint2019
8687,FujiFlS98
8688,tinajessicabo
8689,hiii_miiu
8690,Jolie56
8691,Phansara123
8692,LylyDue
8693,Traver
8694,MrChadC
8695,ericlQ7213LO
8696,marryvo19
8697,Sightseer827014
8698,Valour888
8699,674simenk
8700,kimmanf
8701,derek9492
8702,cempedak
8703,klausoliver1967
8704,751hanhh
8705,tanh375
8706,mortenc897
8707,quy_nm
8708,jolly332
8709,linht886
8710,kavanaghtadhg
8711,Rachelpham1004
8712,Garybk123
8713,BrendonL62
8714,Chancil2019
8715,Anthonyvu
8716,AnnaAnna81
8717,Thomson7702
8718,Millsejohn
8719,Macklemoregig
8720,sandrine75000
8721,thienvun
8722,TL1984
8723,rmradvisor
8724,rkarekay
8725,bobbyw696
8726,jearzola83
8727,472jordank
8728,Daxon007
8729,W4113ATericm
8730,Odwintravel
8731,31thaop
8732,516nh_tb
8733,Excursion15098273150
8734,Freedom68068399694
8735,Culture60993046553
8736,GwenTruong
8737,Escape25322077424
8738,ph_ngt399
8739,Anhkiet229
8740,Navigator11386295591
8741,Chloexbeauty
8742,Climber63931025166
8743,Coastal26963656110
8744,henrydN9829DV
8745,774shmuelb
8746,MaheshP33
8747,XtinaNovember
8748,taniawong36
8749,inmeinemarm
8750,polishmantravel
8751,jlp8888
8752,manjrivaru
8753,rectory46
8754,MJBucks
8755,Acampkin
8756,rosiec856
8757,Asprinkles75
8758,mariannnnnnnnn
8759,patrickbC1648NY
8760,186cyrilc
8761,charmainecharmb
8762,936kylem
8763,MickeyAllen
8764,Upthehorns
8765,Excursion551007
8766,lilila29
8767,AlfieA646
8768,Jeromelai0614
8769,skurien2018
8770,Furterbrown
8771,Idaknow741
8772,998evelyng
8773,AndraC145
8774,aaqifj
8775,sugarlessfred70
8776,travelers241
8777,Becky93E
8778,R4453MWjasonf
8779,tgeeeee
8780,colmm794
8781,634lindsaye
8782,mo1988_2
8783,Piuriarte
8784,darryl2205
8785,nzkiwivisitor
8786,Gette234
8787,872rachelej
8788,JPandJEP
8789,estherssl
8790,LisaOss
8791,mirkov765
8792,14nicholasg
8793,286jazmineb
8794,IreTrippers
8795,Kategarside
8796,BrianGayle
8797,mark19620727
8798,andrewlI5306TO
8799,O5983UBstuarta
8800,tovam318
8801,reub23
8802,numpungn2019
8803,TravelLukeN
8804,nikkinider
8805,SallyA866
8806,billbre
8807,Albiesyd
8808,Suunytimes
8809,traceyverrenkampv
8810,Misu_210
8811,nghiemngoc
8812,ktflee
8813,Kmmck15
8814,Tastenheld
8815,423tam_sl
8816,Jgolfer11
8817,ET-Sg_US
8818,PippaandToby
8819,881aimeem
8820,kgtgal
8821,W9412SEroberta
8822,264guyw_tuan
8823,MickR417
8824,PaulaB5082
8825,LightPacker90070
8826,ZanelB
8827,johnwR3304SJ
8828,533PeterH
8829,827tinek
8830,320beckyk
8831,DrinanS
8832,WinnieL467
8833,joshey7875
8834,AnotherAussieFamily
8835,hhhhhhhhbbjj
8836,shawnandbailee
8837,UK_to_SG
8838,979lydiah
8839,ruth_jabb
8840,Adventurer640640
8841,captainserious03
8842,Redmond01
8843,tassieguys
8844,pernilledresler
8845,drpreethiw
8846,54willt
8847,two_saunterers
8848,greenie25
8849,AshleyBea89
8850,JenniferE657
8851,502amanday
8852,OoiR10
8853,pccairns
8854,394melanyd
8855,Resort818763
8856,JasonD59
8857,ramblingkat
8858,Destination764122
8859,OnAir528802
8860,2harshils
8861,jcrofton
8862,Road814424
8863,tim0harm
8864,179tuckerh
8865,mayapaya23
8866,Albie246
8867,christian_b_sch
8868,ErnieS145
8869,LucyS164
8870,Shujaulhaq
8871,797tiffanib
8872,michellecV3581TW
8873,kelseyleah2018
8874,jacquelinew448
8875,Jessicastafford
8876,SwaniesW
8877,justinekays
8878,Roam701033
8879,E5452JLemilyg
8880,rubensJ5561UR
8881,katiecF1835UO
8882,Gravielaughlin
8883,noasama
8884,GraemeSNZ
8885,sianmckeever
8886,U5572RFjudyr
8887,karquad
8888,PaulM395
8889,eleniakelly
8890,marcing518
8891,Anny1066
8892,hurunuihabgood
8893,355janetn
8894,JoBotting_13
8895,jenjen3007
8896,thomasbD7335VT
8897,Willo1015
8898,ReganT45
8899,spahopper123
8900,TT1022
8901,TrinhN214
8902,phi_banh_mi
8903,Hoai_Hong
8904,AndrewC7050
8905,ScooterRides
8906,druryadventures_
8907,Leessuhhh
8908,MMee6
8909,Ilbo77
8910,michellecV6799WW
8911,markmZ9943ZZ
8912,LizAwa
8913,287janed
8914,celinethong
8915,Lewis622015
8916,classyMofo
8917,belaldridge
8918,Lamilla
8919,620jayvees
8920,jnseely
8921,D249AHsues
8922,karenr4850
8923,ayakau
8924,Coastal30519674300
8925,ch_pi2025
8926,Freedom25904529169
8927,antE8096BG
8928,khi_mn2025
8929,Dreamer05988733783
8930,206ng_nl
8931,F9602MDanhn
8932,324minhv
8933,Navigate06789465208
8934,l_ng_cb2025
8935,huynh_tn2025
8936,I763LHandyn
8937,Odyssey52635691417
8938,Culture41757607075
8939,810ducd
8940,390y_nv
8941,hi_um2025
8942,Relax66946489936
8943,Pioneer28877940785
8944,GrandTour29692890576
8945,Vacation63752080889
8946,GrandTour52602745441
8947,Excursion40679464459
8948,Jet10291082123
8949,Flyer23360484568
8950,maitA5932UO
8951,nguy_nph_md2025
8952,Roving65684942386
8953,Excursion45559646201
8954,Resort58884549164
8955,Traveler26631577468
8956,Voyager66240426018
8957,253nhit
8958,Scenic68002201824
8959,Tour22513270797
8960,quynhq2025
8961,DayTrip35275570085
8962,325qu_nha
8963,Odyssey07676843645
8964,254tr_n_
8965,Getaway08875273100
8966,Navigator41794534560
8967,BeHaodethuong
8968,Go43157276856
8969,diegotxh
8970,nguy_ntZ3328KU
8971,duongn485
8972,Connector03240602259
8973,Maps33261330926
8974,541anselmb
8975,jackbean123
8976,pemhang
8977,bongsoossoeul
8978,vithyat2017
8979,Explore795146
8980,Wan-mientien
8981,ThehienN2
8982,KhanhN323
8983,KhaT57
8984,LINL1090
8985,AmitKag
8986,BlackS320
8987,Reman6998
8988,Adventure24629104176
8989,Navigate20883391377
8990,Safari34475409871
8991,Tourist47452824156
8992,Compass18408278434
8993,GoPlaces24769062607
8994,Sunshine63137721277
8995,Vosong
8996,Pioneer03921796583
8997,Voyager47410964329
8998,Adventure46800885719
8999,mchau218
9000,Jet17125731552
9001,Road45593304073
9002,Curious06657857705
9003,lynhdan
9004,Pincesdecrabe
9005,techkaka
9006,598naomim
9007,Odyl
9008,238maikag
9009,clembob2
9010,mcleankrissy
9011,209lees
9012,Dara-Khmer
9013,AtulRajM
9014,rebeccadrew
9015,E1334JSjacobh
9016,512trid
9017,A7804PAdavidb
9018,Caudwell_12
9019,hebsiq
9020,_K8724MV
9021,F495XR_
9022,_R9466BR
9023,X2958KN_
9024,amoosha2025
9025,Travel53284654663
9026,Guide40462147649
9027,GrandTour65410132044
9028,huongh556
9029,Escape58890816555
9030,88l_cn
9031,Navigate07655665495
9032,478lamh
9033,hoangvul2015
9034,Todayimjames
9035,947GaryM
9036,HandsomeSasquatch666
9037,thanhthanh7793
9038,ThoAnT3
9039,495janinec
9040,KatrinKKS1
9041,vaybae
9042,AussieWestCoasters
9043,JDEinSF
9044,Thuydiem123
9045,Getaway39272367026
9046,lakwatsa4
9047,traceynnnn
9048,nvnguyen90
9049,HKSGTraveller
9050,kerriree
9051,m0enaqvi
9052,mennoo2017
9053,mariekkkkkkkkkk
9054,18belles
9055,callump123
9056,B4977CXscottb
9057,morganmF4181XX
9058,withpauer
9059,talayla7
9060,frederikkes2020
9061,sunnythaicph
9062,513eileenm
9063,331emiliey
9064,oonablood
9065,brennaf77
9066,javont2020
9067,marotom7
9068,jraia
9069,cvclubking
9070,JKreilis
9071,Soonglilian
9072,Viveehy
9073,Isabellasydorko
9074,jtan_sg
9075,skC606QL
9076,stempelaars
9077,IzzazAwsomq
9078,670aidak
9079,siewkeet2014
9080,tuyenhuynh0207
9081,Adventure717207
9082,TheTraveler410
9083,nelsonturk
9084,jakkapata
9085,widadism
9086,wells0925
9087,seokmany2019
9088,shikan2015
9089,thomaslin_89
9090,jackymak33
9091,728joelc
9092,marinabjorns
9093,NTH1311
9094,459kashifs
9095,TeresaN1392
9096,jasonfA1074VD
9097,HenneyChen
9098,nickc88
9099,QuanChu
9100,jmuncy3
9101,mebuddy
9102,Khianseng
9103,1YLO
9104,RickKWN
9105,HCM_SPA
9106,Ivannguyen83
9107,anywherewecango
9108,kiaraddunn
9109,TravelkopiPrince
9110,Bvandy02
9111,819joycet
9112,namion1
9113,lienN149
9114,anhh261
9115,kimh5801
9116,minhn1068
9117,Tuanhoang973
9118,Wanderer11239231131
9119,nadyao536
9120,keslier2024
9121,wrightd2019
9122,192thyv
9123,th_ol974
9124,317linht
9125,221hu_p
9126,301h_t
9127,son_868
9128,luongd28
9129,khoac326
9130,h_n848
9131,chanphuong2020
9132,macd216
9133,kattiey2017
9134,liuh136
9135,linht552
9136,thi_u_2020
9137,thompsonr383
9138,_on475
9139,153main
9140,fostere469
9141,405ng_nn
9142,513th_n
9143,V5757OWm_n
9144,Tathichinh56
9145,thuthaol2019
9146,tuy_tmain2021
9147,thuhadoan27
9148,h_giangn2021
9149,th_chungn2021
9150,886d_ngv
9151,truclan58573
9152,324maiv
9153,clarep113
9154,Lilliekimzey
9155,Trinhhyle
9156,norriet2019
9157,victoriacB3528MW
9158,269ng_cn
9159,247terrellc
9160,593shirh
9161,jerlenem2017
9162,koningf
9163,855tonyaj
9164,schiverk
9165,sob714
9166,matzj2018
9167,kirbys700
9168,philgN9449JC
9169,103laneb
9170,547nancew
9171,glennl665
9172,tammarah2018
9173,tra2018
9174,qu_nhhi_nn2019
9175,crich2ns
9176,509wallyr
9177,247ferdinands
9178,466sullivank
9179,390rachaelw
9180,AnneKAus
9181,jordid167
9182,Captain_Avocado_Pear
9183,Passport702752
9184,vses11
9185,GGLoh
9186,LoisSaraBennett
9187,joesteer
9188,andreszilveti
9189,tomobara
9190,237thomasw
9191,skivvie
9192,drbrgr
9193,Helen6717
9194,tomm482
9195,jacom295
9196,TimmoW16
9197,serenula
9198,googler557
9199,marknbkk2016
9200,95deving
9201,muddtrail
9202,Dndovleu
9203,N1762TBkatiem
9204,Thanhle67
9205,JusTroma
9206,KSENIYA_SMI
9207,aland825
9208,cassjane99
9209,saratravels00
9210,miznaz
9211,tanb536
9212,N5458FU_n
9213,HieuT192
9214,meilynz
9215,Agentrobin
9216,W2840XJmariep
9217,Hienbea
9218,isaacbcl
9219,petertY9650IU
9220,DareBt
9221,aspire89
9222,neils245
9223,RaymarkMarky
9224,Abigail2209
9225,X5160BBrachelg
9226,traveldreamer1979
9227,will71727
9228,JCRreviews
9229,W2498NFlauras
9230,rusty575
9231,nicolegD3955WO
9232,SD197
9233,SiewT32
9234,W2126VLtims
9235,NolanP96
9236,Afiz_Nadiah
9237,nemesis9l
9238,riccardoiossa
9239,TeeC158
9240,marianthi24
9241,712ashleighr
9242,Trail04813907654
9243,628duongn
9244,th_canhh2025
9245,Sherpa06880572302
9246,NorthStar51054685796
9247,trangtO1891GD
9248,Wander64464488519
9249,802hangn
9250,artistique49
9251,Jackson_893
9252,T8253SIstefanieg
9253,lindsayypage
9254,raphael0811
9255,jasminebighaam
9256,Natalkagroves
9257,juliakU5417VO
9258,677gregh677
9259,Thehandsomebachelor
9260,B7841QSmariad
9261,Relax507030
9262,ColoradoTraveller30
9263,bethie_roberts
9264,678susenr
9265,Kathi232
9266,GoPlaces654044
9267,15jasminb
9268,U815WWjackiep
9269,handyman111
9270,JudithMorrisey
9271,Elyssebeth
9272,tmuzzy11
9273,121_Adventure_121
9274,keekees2019
9275,feyjey
9276,conorf717
9277,Z1088LKannas
9278,AngelaYauretsi
9279,exquisitektc
9280,hayden954
9281,hiroshit316
9282,emmar575
9283,italianforbeginners
9284,john2146
9285,ClaudiaS3601
9286,imogenj137
9287,maxxim76
9288,Road04970342830
9289,letuongkha
9290,0hungn
9291,jacobcalaway
9292,mei0ho
9293,melaniedP7653OF
9294,T8y
9295,christinepB2978LP
9296,dekwai
9297,MAAli123
9298,Tonepatron
9299,babblerblue
9300,604jesperh
9301,Richi031994
9302,marcomP1850MU
9303,lismondebenoit
9304,Hayeszzz
9305,Jmun314
9306,Strangemanworkin
9307,dualeoo
9308,Kylie1237
9309,U5974YNomarg
9310,Phuongng1223455
9311,Nightmith
9312,s_butansky
9313,395pauln
9314,dunglam96
9315,142federicot
9316,27parisl
9317,ireneclare
9318,536ulif
9319,AnBao1108
9320,Azmaniz
9321,namnguyen97
9322,presDshowM
9323,444andyn
9324,T512JXjimmys
9325,D_SommerWolf
9326,calebesteiner
9327,ALkmr
9328,s_ngc2018
9329,StanGH73
9330,652liuc
9331,siggiberto
9332,887rajathk
9333,D6967DKajays
9334,31arjenv
9335,markjO9966ZI
9336,D8595NUcarlosg
9337,H_uong93
9338,sauhuu
9339,Ngyenluvi
9340,Bregagno
9341,BoardingPass767758
9342,918axelw
9343,AnirSeattle_WA
9344,gladys_the_menace
9345,jacobcF3166PY
9346,andrewhS5272WP
9347,HuanV12
9348,Sherpa753871
9349,756daveg
9350,P5311GWthomash
9351,D2656CFdavidh
9352,dillone481
9353,brendal877
9354,AznDragon1969
9355,peminnens
9356,EBXEBX
9357,SCUBAEric
9358,mariabA7508JH
9359,GangaW
9360,Addy98495
9361,brentm141
9362,Expat9999
9363,olivierj861
9364,SanderF90
9365,lindsaysZ7997RN
9366,HardR0ck
9367,kylesaigon
9368,MRPP1991
9369,anggief2019
9370,Taylor4541
9371,philsU8292JQ
9372,R7621IHpauld
9373,Wil135
9374,TimH3824
9375,921gauravj
9376,sunshineflowerbunny
9377,G6306VWrichardm
9378,romolopa
9379,Shonagh1
9380,F6395BGrogers
9381,945scotta
9382,ChrisR906
9383,nickp797
9384,diddlyr
9385,LucasB5981
9386,Marie6020
9387,958anttik
9388,tintinyoyo
9389,taylorhasler
9390,lioras2019
9391,Marynavan
9392,Jthomas17
9393,halcyon81
9394,hyj1656
9395,mgkim921113
9396,ToddK1969
9397,dianalY9128XD
9398,godka1996
9399,rhiannone790
9400,basqui
9401,BomiK119
9402,Tarynkk
9403,Immile137
9404,queencolleen82
9405,Wanderer14069214217
9406,NorthStar36317364578
9407,annW5946GW
9408,FarAway06240744264
9409,O2121JCthomast
9410,Culture46970253096
9411,m_thu_n2025
9412,E7825DMandyg
9413,ng_cn410
9414,huongv614
9415,LadyDi_and_Cowman
9416,Goosey2Yountville
9417,600chient
9418,gpjohnson1982
9419,Maps219448
9420,tomcarper8
9421,JohnnyChimmy
9422,379elliet
9423,404cheungy
9424,MichelS1436
9425,KonstantinosM142
9426,Savvyjasonlee
9427,Kattywestt
9428,dustinolson1976
9429,Vietnamtourtravel
9430,teelej2017
9431,tediukis
9432,carloslC9974LQ
9433,Thomastran1980
9434,lguerrero2018
9435,zeynokul
9436,Petitect
9437,448jenniferc
9438,SimonB6161
9439,chrisanddeannashield
9440,jimmy98962
9441,Noel590
9442,CCCara18
9443,Dino_Goa
9444,MARNYC5555
9445,huyalexsande
9446,8linust
9447,TonyD3858
9448,abolicharlie25
9449,ThanhH358
9450,Coastal25116492013
9451,173chip
9452,dortheg59
9453,Journey13427719388
9454,248kunp
9455,Massage-Scrub-Spa
9456,Climber22757926844
9457,Dreamer17044265072
9458,Stay36248218561
9459,minhductruong
9460,851benl
9461,nhattan080395
9462,GrandTour59330703136
9463,oanhl2017
9464,Voyager30628524212
9465,Go63648500046
9466,Sightseer51469100109
9467,277thangv
9468,Voyage50191351140
9469,Global51125486278
9470,398l_cn
9471,khanhn890
9472,193nis
9473,214duyl
9474,nguy_nv_n_2023
9475,MarryHanh90
9476,scoopydoo14
9477,990t_nk
9478,B5425DMjackiel
9479,278mail
9480,579bertieg
9481,burlo2018
9482,Mansgust
9483,Hinh_Mai_93
9484,nganguyen3892
9485,aahalsulami
9486,nguy_nng_cy2025
9487,Tourist29762175666
9488,BayHotel7
9489,F7138NMmariot
9490,Freedom20133542568
9491,phuongm202
9492,93nhih
9493,H937ZZthun
9494,S3134VFlilyt
9495,Curiosity55144773702
9496,O9283MSmarkb
9497,KimHoVietnamese
9498,Duyen628
9499,Roam672681
9500,Mrshammond93
9501,Haithuy367
9502,F8888BAandyg
9503,P3750TNbarbarad
9504,321phant
9505,Ngochuyhan
9506,BudhiDha
9507,alexandrarZ5846BK
9508,InbarA127
9509,lynneo860
9510,sierradub30
9511,carissa-m1294
9512,Wander308240
9513,Luksus1000
9514,szutor
9515,444vikt_riah
9516,allrealnumbers
9517,adamondrasik
9518,antonsch7
9519,carolton
9520,Galanosstavros
9521,lutfyfal
9522,Dorje_tuladhar
9523,T6378DPsandrac
9524,mikejP7642VJ
9525,GevT3
9526,sarahnZ8787NC
9527,VinhN53
9528,alexdan1
9529,Rutabalseviciute
9530,ChrisS1080
9531,HuongCao39
9532,cherylsewell
9533,julesdevin
9534,Akhand_singh
9535,Jarigornia
9536,dominikak900
9537,nganngo11
9538,Cigaimuadong
9539,laubenadine
9540,Vanhuongtds
9541,adamlzk
9542,frdgus
9543,majabrns123
9544,Nguyenbieu961
9545,dieu73
9546,Ducnguyen123123
9547,Diepdang55
9548,Maharajamaggu
9549,frektravl
9550,ThaboM
9551,ninamarie00
9552,angelae102
9553,Letux68
9554,279levis
9555,anth0nyc01
9556,441janettel
9557,mit696
9558,672justina
9559,aleetruong01
9560,doris646
9561,woj999
9562,J1714THjasonm
9563,iheart2travel_8
9564,Draper33
9565,Kenracter
9566,SaraE4129
9567,JonC2332
9568,55vann
9569,kimberlylZ1466UT
9570,locn282
9571,alexandergD4375DM
9572,teenewtraveler
9573,837antonijad
9574,b_marouskova
9575,LightPacker755316
9576,travelforlanners
9577,B4188FFchris
9578,NikaDzurka
9579,100priyad
9580,850ruvid
9581,Katrinpluschke
9582,nhicon123
9583,Edboy74
9584,677elviraz
9585,KatherineKieuTrang
9586,A_n_d_r_e_a_cze
9587,kdmckenna3
9588,travellingistheworld
9589,Hemaham88
9590,paulanthony123
9591,Zahraxie
9592,reza99d
9593,881marcelr
9594,Aruna1268
9595,913lukes
9596,shirleyh12345
9597,Limosch
9598,drpsojpr
9599,C7513MMbenr
9600,kazasreeramac
9601,SLAlmond
9602,756sharona
9603,RobynT503
9604,Rene84_muc
9605,enzelle
9606,323mareikeb
9607,A4068GToscars
9608,Donjuan45
9609,robertgK1823ZP
9610,Vanegarcar
9611,Abigail_977
9612,tanakorntravel
9613,917amirv
9614,joshb807
9615,Arnovdv
9616,ancampbell110
9617,rachaelr764
9618,hemills
9619,fauna222
9620,DeniseKohl93
9621,halim_nhanis
9622,brandonfike
9623,376nat_liej
9624,11moritzh
9625,andis309
9626,pritishp2019
9627,Boz375
9628,mgxelmundo
9629,Hien567
9630,Bvl1234
9631,kalpanir2019
9632,Murnet1
9633,JouAhSon
9634,39nellg
9635,793rubenh
9636,Reneeanouk
9637,asiltapinc
9638,lamroz33893
9639,nguyentrongduc
9640,pertchruz
9641,Resort817696
9642,208jerrya
9643,Loan7362
9644,Maps47846192327
9645,eveliendc28
9646,Ellen199820
9647,reddevils4evr89
9648,izake15
9649,luismariordzlv
9650,tewannaf
9651,ketkanyas2019
9652,646elizad
9653,davidmN9023XI
9654,gmaihagb
9655,Natski1995
9656,Inspire768255
9657,jasoncK1620ME
9658,MV6man
9659,danmcfc
9660,Passport774184
9661,Departure55603760028
9662,Ngoc6372
9663,daanlevy
9664,FinestReviewsLdn
9665,jennylynd2019
9666,AneeqahSA
9667,mhdzwni
9668,Christraveller54327
9669,rebeccadY2169QF
9670,BoardingPass423541
9671,Sherpa57777497729
9672,Voyage60734681550
9673,X7287VUsamt
9674,tom_bS1282JB
9675,L3220USrobina
9676,jaceethanpascua
9677,P1052DSveronicac
9678,GeorgeRonan
9679,Navigate68673783668
9680,T8588LNandreaj
9681,t0my360
9682,CWilliams296
9683,LarryEgg
9684,428colleenn
9685,preciousp614
9686,A9744FDyvonnel
9687,120joelw
9688,jonnaf845
9689,32millap
9690,Travel399871
9691,indradeboer
9692,Phan234
9693,Ganeshbagale
9694,TracyTran293
9695,Zeilver
9696,hanield2016
9697,crivals77
9698,bettynguyen
9699,O5441YWphilt
9700,376mandyt
9701,747-777-380
9702,bryandoodle
9703,marief4321
9704,Quyen1111
9705,ElaineS7
9706,sofiamR8959AS
9707,DeanJkl
9708,433darreno
9709,alexanderz220
9710,K441MLsonia
9711,HangLe2
9712,Mup2411
9713,davidmathew
9714,emmabO8234ZL
9715,708carolinee
9716,425mitchr
9717,rephan88
9718,HieuTrinh
9719,christiankW9492GP
9720,timmJ8507XC
9721,742bhavinm
9722,VYDHANATHANK
9723,KellyB4797
9724,chongyi91
9725,Weimingfan
9726,Fearless820172
9727,snejay
9728,Odyssey819277
9729,AussieV2
9730,Susaba
9731,NatalieH3304
9732,emmaeV4183NR
9733,claremB1810GC
9734,Daydream801659
9735,65franziskan
9736,logo369
9737,Hzolionz
9738,Z6901LDjacobb
9739,Navigator814851
9740,MManzini
9741,sumanAhmedabad_India
9742,F6976WUjonathane
9743,meganacb
9744,hiukwantang
9745,DanielC10032
9746,icntoan
9747,carmellawson
9748,kaytee73
9749,Sherpa789922
9750,Snakiesk
9751,lilych2018
9752,CandiceG410
9753,tomoyoshiy
9754,jonj981
9755,JJusy
9756,arisraz
9757,E9988FWmonicab
9758,tonyandsuzy2016
9759,rollingstone2018
9760,GiovannaM2754
9761,Deirh
9762,HellomynameisJoanie
9763,ChrisandArasham
9764,Maggiiev
9765,A6561QVmatthewm
9766,jessijessjes
9767,424valeriaj
9768,peterbardsley
9769,ClaraAJ
9770,NatashaWW
9771,Cedvn
9772,ubonwanb2018
9773,trhtvy
9774,225nidhij
9775,kyliejf
9776,Nordinayahya
9777,globalgalkris
9778,Wandering88
9779,2217565
9780,DMelb
9781,JoannaS595
9782,juholland62
9783,veniesew
9784,awfsome
9785,O5439DLmarkh
9786,MaiThiPham
9787,darlinglavinia
9788,GundamRaider
9789,jetset4me1
9790,mygalwaygirl
9791,Macarena2730
9792,joesephk2018
9793,Nood75
9794,841Jimmy_2012
9795,peterlan1809
9796,priyad2014
9797,mailebaohan
9798,edwardlK9800OL
9799,truongbang
9800,ije4
9801,VuNguyen1985
9802,DanhNguyen2812
9803,thuthuychristina
9804,189ti_um
9805,400trucd
9806,CollegeEssayCoach
9807,hiengl2018
9808,MRFOODIE84
9809,nguyenl274
9810,snotax
9811,BrianK893
9812,Dyni
9813,sailor5071
9814,962toddf
9815,Grendels
9816,814jonn
9817,R1601IIaudreyb
9818,aimeenish
9819,Alexis210787
9820,sakigon
9821,jennhunterliam
9822,juliedW8670NB
9823,BridgetS584
9824,gerrycherieb
9825,Eyezup
9826,CarolbradyOf5
9827,623nickil
9828,adriangunadi
9829,Navigator276790
9830,FarAway800608
9831,282meghanm
9832,ravalg2015
9833,StevePettit
9834,Bayjohnny
9835,stephanieb1234595
9836,andrewmU3592LU
9837,Ccamfers
9838,allangS3005TP
9839,mariakhm1988
9840,traveliao
9841,DoraTheFoodExplorer
9842,ankita688
9843,84LucyD84
9844,gdec520
9845,VillageTravelor
9846,sophiesharland
9847,575minniel
9848,fpfaff
9849,Brunmiester
9850,Sayley143
9851,mcelfresh28
9852,Kimborick
9853,Arielleg91
9854,WayneS1036
9855,fifef00die
9856,adamo011972
9857,georgiem434
9858,jonnav352
9859,russellhP8075QS
9860,EVNCT
9861,Nikolauskauf
9862,Guitf1
9863,bextafa
9864,leodV4266ZS
9865,tgsf05
9866,janetm123456
9867,tnwills
9868,CaitlinL298
9869,tanjaahi
9870,drhuynh
9871,772winebar
9872,emmaaP4879NC
9873,MonaL1355
9874,DipanM_12
9875,VictoriaW204
9876,H7550SPtoms
9877,Dellienye
9878,Jsevarts
9879,732dannyi
9880,cam83m
9881,735rachelg
9882,HananAlshamsi
9883,alextma
9884,harisa741
9885,TravelworthyCHI
9886,Schrodingers_Gerbil
9887,Jonfromkent
9888,roam37843094752
9889,SarahL229
9890,gordonbL6987HV
9891,NickKathyMorrissey
9892,TrevorCavell
9893,Jbrox5000
9894,josev825
9895,jessicabZ2451BM
9896,portogaiafan
9897,kghocke
9898,Newfdogs
9899,Marisapb1
9900,lmmcahill
9901,chaserofsunshine
9902,JennyC303
9903,Kxtz
9904,jenmingc2019
9905,justenlee4
9906,LauraClaus
9907,ariellei5
9908,jgle4
9909,paulcG4132TZ
9910,Hydrothon
9911,louisemargaret69
9912,ellejo1
9913,frassind
9914,helenwE3219ZM
9915,Colinetdenis
9916,Berno69
9917,Alexatom
9918,bfexploring
9919,Bushidough123
9920,emily_6754
9921,Curiosity279244
9922,travelwgtn
9923,Katfactor
9924,MaryRoubos
9925,davelX3711MD
9926,ritchiepat
9927,Sherpa731074
9928,charm1992
9929,pkpcho
9930,900janier
9931,paulrV4087MY
9932,inbalederyo
9933,Janie02
9934,StephenL750
9935,Onesteph
9936,slyjabroni
9937,CMarieP25
9938,Theworldismyoyster17
9939,Suqie
9940,JoeL686
9941,196carlyh
9942,Radar1012014
9943,MathisDaRogue
9944,f_m_mcguire
9945,lyndellbrown63
9946,sylviae851
9947,HolidayLetGo
9948,Traveller4LifeCAN
9949,Leoreis83
9950,G8577WWsarahg
9951,301jacindaw
9952,lksdfnkfadkl
9953,lrosetraveler
9954,768talib
9955,ajcoachchuck
9956,GRtravelling
9957,Vacationer814511
9958,indreem
9959,963thomasa
9960,JanelleChua
9961,K4743YXjohnm
9962,208katrinak
9963,364rachelo
9964,ngaerea
9965,glacysr
9966,506mutazb
9967,FiFiB384
9968,dlturn
9969,Antigonos69
9970,lavidashannon
9971,helenbX8655ZO
9972,Panzer633633
9973,Traceyandpaul6367
9974,brendan935
9975,Plough54321
9976,LeahShannon
9977,Jennifer_McGie
9978,reading91
9979,129owenj
9980,Cathy741
9981,nevertooldtofly
9982,BColeman678
9983,770masashim
9984,azurerose174
9985,erichD7429XU
9986,Storyteller148327
9987,craign971
9988,Kulycia
9989,679melt
9990,Clummie
9991,53zoeg
9992,coopercav
9993,DaynaK2
9994,Track3r7558
9995,ErinK545
9996,clairem724
9997,paulkT2128GN
9998,swjames123
9999,Nutflu5h
10000,kellyleighwalsh
10001,Q6141SEjonathand
10002,jude132
10003,TraceyTay106
10004,458ae
10005,travelbugadventuresb
10006,fredg912
10007,ilianaw2018
10008,Trail535101
10009,Ri1967
10010,belindac74
10011,914brendanc
10012,japanfamily
10013,26andrewv
10014,ErinP1594
10015,JoFelgate
10016,MattyT09
10017,984ashleyr
10018,regents67
10019,thuhuyen20997
10020,440krystag
10021,615kennethj
10022,laurajas
10023,tan2802
10024,SFN71
10025,NManning12
10026,AmyL606
10027,michaeleB4834HW
10028,nellajet
10029,sarahpoutai
10030,cvissers92
10031,MichelleW5774
10032,Hiwowen
10033,billydT3525PU
10034,536olivia
10035,147ivanu
10036,Pammycapetown
10037,lovewordsmusic
10038,s30csm
10039,Curiosity577833
10040,GregDoug2019
10041,jonathanblackburn
10042,phodg65
10043,lorKFR
10044,Choysj
10045,melhm
10046,TTNZ
10047,rochsabe
10048,thedelvecchios615
10049,H2848SMmartinc
10050,Inspire29209964272
10051,Rachelsthoughts
10052,nadinemorey
10053,Nikkinewell
10054,RichardM774
10055,noahgl
10056,KimK2422
10057,soultravelerc
10058,tanyad264
10059,kdoo99
10060,LSFain
10061,JKeesaman
10062,Topbloke68
10063,R4091DUangelam
10064,mattbR8310CL
10065,Makesv69
10066,mareeat
10067,abbykm2019
10068,galwaygirl_13
10069,lindsaylask123
10070,LittleFire2
10071,Balltravelss
10072,lucy21111
10073,Pandajo787
10074,Lady_Sheena_M
10075,Harris19758
10076,rebecca244
10077,Karelien02
10078,A658ZUchrisk
10079,DaveBeattie1959
10080,Roving58262069000
10081,ianandcatherine2015
10082,NZJones
10083,phileasfogg2015
10084,amypD4458PS
10085,F63OPthomasn
10086,Amslao
10087,P4836RQsamc
10088,michailap
10089,DEire
10090,3boysandmumUS
10091,christophercZ9153XF
10092,526sandyi
10093,655jerryi
10094,Paulabon
10095,693renatam
10096,ZhongguoKM
10097,OneWorldTraveler1173
10098,cesmith0
10099,640caitlynw
10100,PicklesRacing
10101,benpurvis05
10102,mikeshangp
10103,martinaloeb
10104,cathyvonb
10105,northernpixels
10106,matyd23
10107,Hoodnicked
10108,mvgibson
10109,Loh7
10110,mattattack2019
10111,HeidiDale
10112,dwilko86
10113,Farmersontheroad
10114,Scenic681579
10115,4thelove4travel
10116,Weststigers7
10117,siobhank1985
10118,FF18
10119,georgea258
10120,JJHRTR
10121,jennygK3631WT
10122,Julianfin
10123,wendywM3775VU
10124,goodonion
10125,Ravinbas
10126,ian1e
10127,ChemicalmanMPS
10128,87marcn
10129,charlottestark89
10130,juliemG9418EH
10131,RonSuds
10132,Alexbpink
10133,wenlin
10134,687kimg
10135,561kaitlynm
10136,Clarkiejan71
10137,welshyscott
10138,iloveluxury_11
10139,MFK77
10140,JoannaMoss
10141,Adventurer190889
10142,nizaidris27
10143,debbieon
10144,davidmarsh2018
10145,795maryannem
10146,pommyroger
10147,ij684
10148,FYK-Fan
10149,b00nyb
10150,maiuy_nh2019
10151,maxxjapan58
10152,israelawei
10153,annbL5692HX
10154,QueenieDang
10155,lucyjen1510
10156,Krystal2911
10157,981anhp
10158,AuntyJoJo
10159,Mobile63737361895
10160,Wanderer16617286361
10161,Trip46654036849
10162,Wander04789492148
10163,DayTrip60920305425
10164,Road43363849078
10165,454tienh
10166,Flyer14467982253
10167,Passenger64107392022
10168,Curiosity29592399067
10169,898_lvarog
10170,Quest09161809833
10171,Curiosity02585848625
10172,GrandTour35380564244
10173,Dream03144938656
10174,Venture28983316301
10175,Stay33034973056
10176,Voyage40203962511
10177,281vin
10178,ng0chanp
10179,Daveycam73
10180,dermie_nd
10181,samwell69
10182,HoiAnLocalMan
10183,509thanht
10184,DandJ_Melbourne
10185,Jolienguyen12
10186,Rickmatt
10187,vicnz88
10188,wilmo2019
10189,M238WKmarieb
10190,Hobzy2
10191,jdchewdiwa
10192,getnround
10193,Karlicoghlan
10194,82adelles
10195,Kuhnchrissy
10196,Christine5376
10197,AussieLadyBug
10198,Simm05
10199,4austinl
10200,CCMOSMAN
10201,Jaikmac
10202,Kimberletti
10203,rachelsreviews94
10204,kazzak1976
10205,TheScriber
10206,AyushAgrwl
10207,GolfNRugby
10208,Han_Irving
10209,297kylies
10210,becdazza
10211,Meekooky
10212,27lynj
10213,AnfieldYNWA
10214,brucem211
10215,JillesTh
10216,floork421
10217,tharrebholz
10218,419henriv
10219,aliciav7360
10220,62feliciac
10221,350annelised
10222,sanjanak579
10223,SW2825
10224,marthab573
10225,nezuko187
10226,silvanatravels
10227,453deirdrem
10228,Sa_Coscos
10229,georgiamathews93
10230,JCurtis1729
10231,989kayh
10232,pihlaj
10233,107helenen
10234,petrische
10235,valwheatley08
10236,ekppt
10237,laurapinhon
10238,jauiopla
10239,195saraq
10240,karenf195
10241,242kevd
10242,NhanN130
10243,Quest11428025533
10244,sean07282003
10245,IzanAdam
10246,Nostratamis
10247,waaneedaa
10248,375charlinem
10249,thaikwai
10250,O179CPkevink
10251,gelogelogelo
10252,212ming
10253,5gregi
10254,HuyenTrinh
10255,linh1989amie
10256,Itaca_Team
10257,ThanThuongLe
10258,breivikpal
10259,648jasminec
10260,olamideoladayo
10261,Woodedelk234
10262,Kun1990
10263,19MariaChr
10264,ellinlaw
10265,Z5114FLthomass
10266,lordbernadette
10267,SimonP03
10268,who_is_martin
10269,skyvn97
10270,KONING55
10271,foodiecec_moments
10272,VanessaTran101
10273,Anoushka3005
10274,FellowTraveler463601
10275,StevenT1602
10276,Evolution26
10277,138JoeS
10278,251trangt
10279,henriuro
10280,EricTheRed16
10281,Koslowskiimga4
10282,leoniel772
10283,Craney2341
10284,10Wollombi
10285,JoanneK767
10286,910sbb
10287,mavspapa
10288,vvidal090
10289,792_ukaszl
10290,ardacingoz
10291,M1303CBchrisr
10292,tonymU484IS
10293,Merope1
10294,Sharonboxall
10295,Global705864
10296,paul86476578
10297,therealseans
10298,renerE4120ZB
10299,Rutger80
10300,289jamesd
10301,Orionwang
10302,vincentvX6096YF
10303,Fizzy2013
10304,Dientruongg
10305,WilliamV2195
10306,mattcS1023XE
10307,kevin255103
10308,harvy2019
10309,Excursion619049
10310,darlarid
10311,anthonywS8054YI
10312,StanleySoo
10313,bkyee2015
10314,garymck98
10315,davidkJ3263EF
10316,NorthStar816959
10317,S7090JRtonym
10318,peteroumanos
10319,steved151
10320,A5115MHdaniellet
10321,johnmV8430CV
10322,Y4658ALterryt
10323,john-ursula
10324,G8541YUtimc
10325,mumbo24
10326,ByronJGriffiths
10327,Shacom
10328,736stephenf
10329,F6614IDpaulc
10330,DangQuangNhat
10331,Storyteller758746
10332,Dreamer36169335921
10333,428ng_cn
10334,583stevel
10335,Pathfinder712643
10336,Y1298MCdeniseb
10337,732kage
10338,03reesma
10339,fionnald
10340,martinh19601
10341,Mhenelsa92
10342,msjvanrooy
10343,bettinam939
10344,kimboyden
10345,skskc
10346,ClaraSuisse
10347,chirokari
10348,leannea478
10349,215cathrinea
10350,Z9533kaktus
10351,umagcai
10352,indonesiacrazy
10353,nessglas
10354,PaulM12939
10355,peterkE5628MT
10356,JonathanAlbum
10357,338theas
10358,dclare142
10359,c_daly92
10360,GregFlies
10361,TuyetleLe
10362,RonicaAuckland
10363,GoPlaces05614787762
10364,danielpF9346CE
10365,DayTrip03475306787
10366,477h_ngm
10367,th_th_ylinhn2019
10368,Lienchau0201
10369,DanielT4074
10370,satygony
10371,Odyssey804697
10372,Z4913RKchristopherb
10373,kennyl782
10374,roanh964
10375,LyT193
10376,845hienl
10377,12ph_ngl
10378,825ngat
10379,FellowTraveler692683
10380,Inspire686806
10381,990th_mp
10382,ngocquynh231195
10383,695ph_tb
10384,388trana
10385,Experience680796
10386,GIAOK1
10387,Departure680154
10388,Vacationer680482
10389,MaiN1120
10390,cuongdc
10391,yuritran
10392,hothuykieu
10393,phamhoangh
10394,331Man
10395,halienn
10396,JerrardDrivers
10397,DarrenChan128
10398,Kimngoc2909
10399,expatsal
10400,axion101
10401,tonylS5791VA
10402,cumbab
10403,tsucasams
10404,Daydream16290233358
10405,tr_phuong01
10406,giang_hoang2609
10407,_M4463FS
10408,polomeimei
10409,926duyp
10410,danieldT4047MI
10411,Extraordinary761986
10412,844jadeb
10413,kathy777ng
10414,Natalie_natly
10415,josef181283
10416,SimSimBamBam
10417,Elby23
10418,MariaG6121
10419,NCon
10420,linhv847
10421,Trek43050122850
10422,th_ol819
10423,Vacation671923
10424,loand381
10425,Discover25404974488
10426,Escape818414
10427,Navigate28761170492
10428,Happiness11602156066
10429,Meander15650520294
10430,Explorer06609348286
10431,213qu_t
10432,LE_NGOAN
10433,Dream65819689194
10434,dzin2023
10435,nhi_nh2025
10436,GrandTour30135424716
10437,GoPlaces18640369965
10438,Stay08360155474
10439,326dyh
10440,Adventure45834514991
10441,ti_n_662
10442,Paradise15273835584
10443,Sightsee16737072266
10444,Happiness52452548654
10445,Excursion05895484691
10446,Passenger27541087276
10447,vincentkts
10448,Fearless26597756813
10449,Dreamer60970040703
10450,Passenger45930126087
10451,Tourist42295165052
10452,Passport53898025290
10453,Jet44012380672
10454,MinhThanhHoChiMinh
10455,Huuynh
10456,Tour63970562396
10457,tongn208
10458,Getaway49735950715
10459,Go39539829582
10460,Paradise01611963501
10461,OnAir03556754311
10462,Departure59072240592
10463,501hanl
10464,linm665
10465,Wanderer30854643741
10466,phnga123
10467,Navigator55871626623
10468,tinahM3126LN
10469,LlizMm
10470,624maih
10471,rbyho
10472,FrankieToHK
10473,hengse7en
10474,johnnyjohn95
10475,Juliontoour
10476,lynnethet
10477,ielenga
10478,126eszterl
10479,natashatj
10480,sheilab398
10481,Andy_Kerr
10482,kristyh828
10483,stellan15
10484,sadied219
10485,msdfsa
10486,P6333EXlaurenm
10487,bobfish9
10488,HelenMc24
10489,lj2061992
10490,KhimNeo
10491,fabiansI3544TE
10492,gordobennett
10493,JayCarlisle123
10494,80alishan
10495,s3420851
10496,V4545KRnicholasd
10497,M6800UOkatieb
10498,pnpdung07
10499,Midge139
10500,jocelynevo
10501,runninghippy28
10502,EvaK1552
10503,Keera91
10504,smn04
10505,JolanV5
10506,Venture824972
10507,huonglan123
10508,luaxd
10509,LanN367
10510,48h_ngn
10511,952y_nt
10512,chelseah416
10513,jaded847
10514,katglat20
10515,chaiha2007
10516,25hayleyp
10517,Meander68494632615
10518,Traveler58528338502
10519,715hungd
10520,444nguyenn
10521,aparkedcar33
10522,neanea2215
10523,phuongg00
10524,EwelinaP1486
10525,RS780
10526,thaikm9942
10527,BastiTheWayfarer
10528,Ruby6
10529,beckyo533
10530,davidrZ5796XP
10531,Raluca78
10532,GalinaB26
10533,gionata2012
10534,saltoftheearth42
10535,rolang85
10536,306nguyent
10537,carolinekuis
10538,NorthStar13404154181
10539,Vacation48970495785
10540,kevinhoang3101
10541,Getaway50188467396
10542,Odyssey48848650964
10543,112d_ngt
10544,FarAway64977033791
10545,Tourist32156255290
10546,Tour44537084880
10547,Explore26649399765
10548,nh_tqu_nt2025
10549,Venture53318465014
10550,Daydream33070579157
10551,Venture33136028820
10552,Adventure51785072515
10553,Navigator12071464655
10554,Connector30100841347
10555,Escape14361254129
10556,Sightseer27963956934
10557,474nhungt
10558,241duy_nh
10559,Trip60803676159
10560,Odyssey10724391674
10561,Roving33268752435
10562,Pioneer43017504998
10563,Voyager10645994764
10564,Mobile42593338634
10565,Vacation64470521046
10566,Odyssey22300912639
10567,Dreamer66412485246
10568,Cruiser36314328559
10569,Explorer14988431486
10570,Voyage23846269481
10571,Travel19543589539
10572,Trail43816367104
10573,OnAir43564132899
10574,Minhlai123
10575,Vui1999
10576,Stkbang
10577,Phat38g
10578,Honglinh12345678807
10579,an21an21
10580,An_xxxxxs
10581,bohannigan
10582,LeeVB
10583,Tasebabu
10584,baby21484
10585,Bu12399
10586,LesEd
10587,XDragzon
10588,867julietl
10589,830juliaf
10590,596nathanielb
10591,Charliepark
10592,lebarbier56
10593,donnadH5415AF
10594,chery2906
10595,676robbertv
10596,399murrayw
10597,Money4jam
10598,pauldM7151YW
10599,Thy146
10600,Red1m
10601,KJO74
10602,MaryLeeSmith1986
10603,klop123
10604,623barbc
10605,MFBY
10606,stu_jane7179
10607,thuylien-16_09
10608,LindAung
10609,YSKing
10610,resureihosto
10611,nguyenminh123
10612,GreenRiver315
10613,M4382UHrichardd
10614,Levuminhchi
10615,matthewn175
10616,JasonD444
10617,ferdisandthebulls
10618,MiMiN285
10619,Jet781695
10620,mihnguyt
10621,aZnManUtd
10622,EliseH_10
10623,hensoutwest
10624,754martinh
10625,bakhitaf
10626,Wanderlust_Wahine
10627,ChowHoonL
10628,175MOM
10629,Seaside25455695028
10630,Road29511381127
10631,Camper66137929467
10632,Explore45190701211
10633,Wanderer47662302912
10634,Traveler47003276479
10635,Wanderer19374793457
10636,626naml
10637,Dreamer50768064797
10638,giaanh2024
10639,Culture56115533184
10640,Stay64788986610
10641,Passenger30994205124
10642,Maps13068469508
10643,Augustine200802
10644,Thuanhtran2007
10645,Lanngocdo263
10646,Lilnlky
10647,Curious25703750924
10648,Road35333158364
10649,Dreamer45393837797
10650,Curiosity64550238223
10651,Trail49049185988
10652,Flyer14268128824
10653,68khiemt
10654,Trek43960090756
10655,Navigate33848073571
10656,Curious27437015817
10657,682lamb
10658,944ng_nn
10659,wowd804
10660,396xu_n_x
10661,Inspire42149344358
10662,Odyssey14227316526
10663,Sightsee30998823958
10664,Curiosity05467785258
10665,kellyhuynh1810
10666,l_uh837
10667,Paradise63896797520
10668,Relax28020707875
10669,779trangn
10670,39thaol
10671,Flyer63016956009
10672,Maps705724
10673,TrangTranPham
10674,510irisi
10675,Curiosity55652140663
10676,trungn854
10677,RubyND
10678,Nomad32629196942
10679,Happiness28261865208
10680,Passport45658334018
10681,chauh940
10682,NguyenMooo
10683,th_l_chin2023
10684,yenvan133
10685,thaok825
10686,GoPlaces08147651991
10687,capricorngiahan
10688,Vy268
10689,Miangocpham
10690,Uyenuyen1234
10691,Wander30361571213
10692,Trishanh_a
10693,Daottien
10694,Trangruby19
10695,799tienn
10696,B2815AErobins
10697,victoriam333
10698,Clumsy3
10699,MeganKC84
10700,AnnP73
10701,hienvu1104
10702,linhphan22
10703,Mai-LinhH
10704,hannahrE5450XK
10705,Iounios
10706,AN364
10707,Jamestsc9
10708,jessSi3033
10709,eatavilla
10710,Redblackturtle
10711,debragF1032QJ
10712,thaotbp
10713,906caroline
10714,amely8465
10715,Musca12
10716,SingaporeSjoerd
10717,jeromej1997
10718,847jeanettes
10719,galavantingpoks
10720,Odyssey57437022466
10721,Athens1968
10722,namtrip19
10723,Explore29188229854
10724,Resort622016
10725,mlwheeler2000
10726,mauza22
10727,Joycehunt
10728,tetarokkou
10729,Tcm30
10730,Relax732402
10731,correamonic
10732,robertrracine
10733,DrFWM
10734,MiMiS614
10735,denisea792
10736,alexandran937
10737,Wanderer405519
10738,Celo87
10739,Hay1235
10740,Lalulinus
10741,carolyncD3718AN
10742,ellenkantarellen
10743,shannonbhend
10744,Tanjahcmc
10745,54selmae
10746,bettycobblah
10747,Emmapoon1996
10748,HellomynameisAlana
10749,Abi578
10750,dannym9241
10751,MadsSmith
10752,394kyawz
10753,francisandr_s2019
10754,807ollieb
10755,431ellenb
10756,KarlBer91
10757,polinakoroleva9
10758,AV7678
10759,ekaterinai378
10760,Johntan999
10761,REUBENMelbourne
10762,Trihoang1
10763,rsforlife
10764,ale253
10765,zoe2818
10766,zuzka75
10767,Hayleystravel
10768,jessicab617
10769,419ebonyw
10770,778leed
10771,472littlej
10772,Mapfel31
10773,51jennied
10774,FromNY2CA
10775,Dendidi6
10776,ManonV412
10777,glo1111
10778,D5206TOlaurad
10779,Stahle1972
10780,898kimberleyc
10781,R8093AFalexd
10782,simonem123559
10783,marksT7811MO
10784,RyoTieu
10785,Connector396019
10786,96kelvinl
10787,Foodler81
10788,WDW631
10789,ScT51872
10790,villaspark
10791,oliviacn171
10792,altzu92
10793,AthensAmanda
10794,X386IIdaniellet
10795,josewordtravels
10796,freddycarrillo
10797,MelanieJ1554
10798,nguyent423
10799,EmLouiseM
10800,Darkscorpio
10801,GrantH1159
10802,jlky01
10803,SammyHM
10804,Z7640SBdianec
10805,Roam175556
10806,drqigong
10807,292brendanr
10808,GeriL615
10809,JessieGood
10810,sonnikao
10811,peteb448
10812,389joycew
10813,ltmt5368
10814,DanielaV731
10815,359cidm
10816,fabioc903
10817,Laura_67-29732772
10818,Colesamaroo
10819,Averylsg
10820,nguyenleehuy
10821,Merleverseef
10822,Jempretty
10823,ClaireB32286
10824,172ryanc
10825,alsoabel
10826,143GordonB
10827,colinmZ7216CQ
10828,spencerw480
10829,nictas
10830,978marks978
10831,laodi
10832,long_361
10833,Holinhgiang
10834,GinLake77
10835,alpeshm2018
10836,OnAir695624
10837,290madeleinel
10838,NgocAnh2109
10839,Sard1910
10840,worldtraveller081970
10841,tomwW812TP
10842,EJSadler
10843,Xuanlussi
10844,Marmaladelass
10845,veraenjoy
10846,sarahyoung273
10847,kays235711
10848,XenSze
10849,orlathompson
10850,Queenkim12
10851,656fnmdkc
10852,rinbatalia88
10853,haruka2429
10854,Johan_1292
10855,brintha13
10856,Hennita92
10857,Carlos_Barcelona
10858,lezag2014
10859,tiffany_tyty
10860,jacquelinewZ1522QD
10861,anna-lcb
10862,522exc
10863,Emsadory
10864,KimberleyMoeller
10865,326dukec
10866,hoonmengs
10867,Garysng1
10868,374redh
10869,P8851TEmichellet
10870,109isabellej
10871,scgs121003
10872,HuyL238
10873,Oanhp49
10874,Venture66823983037
10875,Scenic24875964481
10876,Culture25163440190
10877,giakh_nhh2025
10878,Roving28719316392
10879,Journey20661399789
10880,Escape49075005667
10881,Fearless24677577325
10882,Road03210456049
10883,Discover44233243252
10884,Traveler63606501632
10885,Resort56468377101
10886,Stay27166910108
10887,Travel47369414456
10888,Trail48419783237
10889,Companion10051838156
10890,Travel67833833663
10891,303chit
10892,Trek36652453931
10893,Nomad07145679678
10894,Scenic28309594954
10895,Hinhakim497
10896,1956S31
10897,Emma-Claire-2018
10898,kristinatruong2303
10899,jamesgM5999OE
10900,PatricioV77
10901,Camper763216
10902,HanhT106
10903,lovelyshhk
10904,zoeclinton
10905,khangpham8121999
10906,b_oq2015
10907,hincaothu
10908,ongvove
10909,anhh753
10910,emccroskey
10911,hugofamily
10912,Highgater1
10913,j_flower_sun
10914,JLo7504
10915,brendinb
10916,AniElizabeth
10917,Wjang20
10918,agirlenroute
10919,999dominikj
10920,bentX2128TV
10921,jaredrader
10922,Kacuris
10923,65anetam
10924,KayleneKelly
10925,ppatito
10926,JD11011
10927,691marita_
10928,taylornrv
10929,Julsvv
10930,588jingj
10931,32Kashmira
10932,michelleagordon
10933,DavidM0482
10934,sozkociski
10935,anthonycme
10936,SandraFfoodie
10937,J-ManlyVale
10938,matauaua
10939,KFM9275
10940,830andrewn
10941,456andreasl
10942,824rachaelt
10943,CraigS2207
10944,D8600ICrachelk
10945,Hai201909
10946,melc451
10947,navmd
10948,elliotn979
10949,Maria_Lizunova
10950,_luke_shadbolt
10951,aislingeach1
10952,anthonyshay
10953,wondercat101
10954,shaninsing
10955,ailiebaillie
10956,Scottish_Wanderer64
10957,joemK5353DT
10958,pepamint_lee
10959,joannebQ3647TA
10960,W3009CVkeithb
10961,tryshs
10962,AAtme
10963,669troyh
10964,167morgand
10965,BenjieW7
10966,ShannonR209
10967,helenfZ3211FS
10968,greatxpectations
10969,andreawV9873ZQ
10970,clove2019
10971,verconia
10972,Keith1608
10973,jasonwD713FS
10974,atticusl2018
10975,SW883
10976,xis2017
10977,CLReed1986
10978,kimlBrisbane
10979,C2edwar
10980,449CarolT
10981,freddij2015
10982,540susiew
10983,luislL1904FY
10984,pgodf
10985,Danileemiller1990
10986,MichaelL821
10987,Travelfriend030
10988,1227Maria
10989,JodyCarly
10990,Beki_Jones
10991,trackeydaks
10992,646leonm
10993,371mickl
10994,jpgyxztutu
10995,1111Wanderlust
10996,48alja_b
10997,theheth
10998,ValiaP_12
10999,Beema12
11000,soniatH1517NO
11001,darkojd
11002,jacjac29
11003,743jacksonw
11004,Q5073XAsamp
11005,md889
11006,georgehF945DC
11007,DeborahC322
11008,Jonnycitrus
11009,ghawkers
11010,574janis
11011,hunterScott
11012,Sjwilkin
11013,sdrury2018
11014,TanyaO344
11015,415celiam
11016,szewai
11017,671finam
11018,Maps08969206143
11019,Sebbesverige
11020,PeteFukuoka
11021,cmulia94
11022,samuels963
11023,pfijen
11024,markwalton5
11025,anthonnes
11026,Adair_and_Thando
11027,Lukeanthonywilson
11028,Chiquitamartita
11029,FredericI8
11030,Tdevil66
11031,clumb
11032,Z1760HMjohne
11033,PHAN90
11034,polop252
11035,Macaxeira4life
11036,jocjman61
11037,Sydnyfilo
11038,tranr2016
11039,GraceLim1980
11040,menazi
11041,annax194
11042,Hudsonjf123
11043,Rabey_family
11044,didideleon08
11045,colouringmymap
11046,holgerg2014
11047,annettesZ2563CY
11048,Richardandleigh2015
11049,fifou6775
11050,Minnie1212
11051,DerrylM
11052,Llt12345667
11053,Rubi8829
11054,Relax62576933671
11055,duongkang
11056,caity_shaw
11057,Michaella123
11058,Nhitravel
11059,catudesigner
11060,X5013JYjadeb
11061,GyokuroM
11062,Stay802084
11063,75udits
11064,540tr_ngngh_an
11065,tammle
11066,Navigator794381
11067,803nguy_np
11068,LyPhiPhungT
11069,TuyenN56
11070,Backtoseasia
11071,Dolthack
11072,Fincke73
11073,skatermom59
11074,andiamomyriam
11075,N7096CEerics
11076,HT192
11077,KatnyT1220
11078,OneLena
11079,Travel49297232580
11080,eugeniusng
11081,nicholaslJ454GY
11082,Screamname24
11083,rogern611
11084,yongt866
11085,Freakwentflyer2
11086,jcasillasnyc
11087,DJPeverett
11088,W1625BVpauls
11089,suddenl2018
11090,acline2771
11091,Willey6
11092,gkerr7666
11093,MCR3016
11094,henrik28
11095,724MichelS
11096,716jakea
11097,GabrielS73443
11098,209patrikv
11099,donavanpaulr
11100,Leopham1378
11101,J7854EPmattl
11102,je0ngkiy
11103,Wichdr12
11104,StevenDutch2017
11105,Victorlimkl
11106,jamesA2685GV
11107,513wuz
11108,yasminkamerzell
11109,HamoodiLim
11110,979christopherl
11111,Ghafster
11112,459ahl
11113,569jacobw
11114,M5400VOjoshw
11115,800shawnt
11116,kanevil_76
11117,haydent587
11118,MazloTom
11119,felixjunmin
11120,tiktuk88
11121,oujeroow
11122,kevil183
11123,S-Flora88
11124,Escape12209603297
11125,honghanh2019
11126,jessicaphuong2019
11127,Tour65454986914
11128,Go47045356000
11129,Camper66647152932
11130,Jet39758405953
11131,Wander20462741649
11132,hi_nng_cn2025
11133,Culture12620186679
11134,Camper17595516877
11135,Discover63149420621
11136,tr_mn339
11137,925th_mh
11138,E6933CQtrangn
11139,Sightsee64401962353
11140,346hoan
11141,Trail04854018480
11142,Venture07428032284
11143,611minhth_p
11144,Explore02774905628
11145,154li_mk
11146,nguy_ntE6305BA
11147,940th_m
11148,Wander35823435842
11149,Paradise10796725827
11150,GoPlaces60958439817
11151,Resort08191523388
11152,609uy_nm
11153,551nhih
11154,Journey26708222876
11155,GHB123457654
11156,BoardingPass794415
11157,Tourist39444667425
11158,170diepn
11159,Amanda_The_Pixie
11160,petpat83
11161,Uge2019
11162,StafW3
11163,Jeongjm
11164,ChrisT7224
11165,316kevinl
11166,emmanuelvs85
11167,FridaMicaela
11168,Khang1417
11169,benjaminhF1747LO
11170,Robbiedweeb
11171,Taia_Alice
11172,887paulod
11173,little_doggieeee
11174,gurshand2019
11175,K_M_Moo
11176,Spragg123
11177,Climber647509
11178,alisonk97
11179,Pablosb1
11180,377ghislains
11181,Rockingwithben
11182,Vatanadanith
11183,elizabethtQ3790JF
11184,anhn1022
11185,Dream31002606071
11186,Adventure53823341158
11187,Culture52824320601
11188,FarAway65270836056
11189,Passport01762314541
11190,Vothimyhuyen
11191,Quyen2345
11192,Inspire09714418504
11193,DayTrip08441342739
11194,Lam1912
11195,ememiem
11196,CuatroBurros
11197,SuzanneI51
11198,K2311OCrebeccac
11199,Fazbulouz
11200,cathyn353
11201,Flyer742922
11202,ETwentHome
11203,JosephineGia
11204,28marilises
11205,elfigolu
11206,bunthit2016
11207,TaliaT_12
11208,VivienP106
11209,JadeCoral91
11210,aliw560
11211,AlyOsb
11212,571hanag
11213,sirpinkponk
11214,mikeonvashon
11215,joellehawes
11216,Krootsdryan112
11217,ry0heib
11218,nathanielbel
11219,darrellkundz
11220,kingsburry
11221,k_ch_u_2017
11222,157khiem
11223,nth2988
11224,n00razmis
11225,SitiM24
11226,Deori2280
11227,UyQuang
11228,HiepKhong
11229,RyanGambit77
11230,tanelk2014
11231,archilc
11232,Duc241191
11233,Kimura91
11234,phanphanh
11235,ChauNguyen171991
11236,HoaPhi
11237,Jorg_Wulf
11238,AnhVu219
11239,Huynguyen123456
11240,nguyenquochuy0905
11241,Thac_Phu
11242,nguyennhutbinh
11243,Ghgsvhs
11244,gatogringo69
11245,Compass796706
11246,947t_nl
11247,403thanhthin
11248,ddasimba
11249,espinozr
11250,khachungn
11251,ThuL118
11252,Excursion690715
11253,LanH132
11254,KhoaA8
11255,FarAway690447
11256,thanhtai211985
11257,DandellyN
11258,phuongyennn
11259,joetan52
11260,FellowTraveler474029
11261,Roving42318358998
11262,vacanthearts
11263,MinhieP
11264,LindaJohn87
11265,katemcpherson96
11266,Filolor
11267,lala126199
11268,ConorOHare
11269,leonangelox9
11270,E9522NHmarkr
11271,NadiaKishlan
11272,Monticat1
11273,402erino
11274,Olivier_CTA
11275,nikipine
11276,E7867HTshannonb
11277,kimhS6476WX
11278,Happiness32904991066
11279,ngocmy1311
11280,Resort46594042963
11281,Bryanfu1980
11282,NorthStar06960995201
11283,ngocthaon2024
11284,221anm
11285,Curiosity27553398963
11286,OnAir730788
11287,Seaside698805
11288,Voyage50350908386
11289,Tour28192384715
11290,Go45055890566
11291,Maps55509113959
11292,Venture03344167345
11293,691chin
11294,hi_udungb2022
11295,627minhch_ul
11296,381kpg
11297,Chiin123124
11298,Frack1021
11299,159lang_y
11300,Odyssey00774770005
11301,OnAir66129337544
11302,Explorer65771526200
11303,Nguyn1234
11304,Passenger23811059908
11305,Resort17561158281
11306,608phucl
11307,Cruiser64009240885
11308,gig870
11309,ngoch748
11310,Explorer29453776402
11311,Coastal63315883746
11312,nhuhuynh97
11313,Explore51254084265
11314,Blizanac
11315,linnea213
11316,SiciliaCirrus
11317,tristyanl
11318,SUOrange22
11319,Explorer50498171407
11320,Companion02439655923
11321,carlmurcas
11322,Bhang
11323,JunSSG
11324,caropanter
11325,hongducduong1
11326,Scenic08399128557
11327,Pioneer62912525665
11328,Jet10084872856
11329,Curious49003942501
11330,thithuynhuongn
11331,doclondon7
11332,jmapstravels
11333,adrianooi3
11334,calvinbui
11335,dustinmapson
11336,rushivekariya
11337,thomasfI7602JO
11338,lucapT6979SA
11339,Shmosh
11340,jamescK5704UC
11341,PaulB5170
11342,942jatinderm
11343,27trietv
11344,brockg2016
11345,N9041DOjohng
11346,A9289CZjeremyb
11347,379bradleyp
11348,KimboHp
11349,M455SAlaura
11350,jrmdfr
11351,Erin70
11352,Berolina65
11353,283suef
11354,L8221WHkarenp
11355,airinseasol
11356,TototravelerPerez
11357,dearlittletraveller
11358,docdars
11359,198l_
11360,RobynM533
11361,kandykat_mix
11362,JSydAUSTRALIA
11363,HahnJ4
11364,CalifDude
11365,LeeC4536
11366,lazyman1285
11367,johnpatrick27
11368,Hmsmb2014
11369,itsmelancejosef
11370,anhminht3011
11371,Cece-09090
11372,Annabel_Nguyen
11373,BaoTran123456789
11374,Hip6611
11375,Lenanguyen912
11376,Yennhi0903
11377,natakinathan
11378,Mymolisa
11379,140nathann
11380,bottsparrow
11381,LisaNguyen123
11382,angiep958
11383,savo210
11384,biancay665
11385,Go65015352258
11386,D7198VWtracyb
11387,Coastal04032496893
11388,681trinhn
11389,ThaoNhaN1
11390,jandm985
11391,C8239EEjanec
11392,toolo
11393,MiaKlas
11394,294judithk
11395,Dream367726
11396,DIA614
11397,Charles_Majo
11398,lizh1232020
11399,Reefdweller
11400,Lauren004
11401,NCH777
11402,Safari789898
11403,edwardo430
11404,Siobhanfilen
11405,cj921
11406,renefischer_net
11407,E7936PTallisonc
11408,katep672014
11409,HethG
11410,8daleu
11411,Cedarlanesolutions
11412,greendante
11413,carriermi
11414,NicolasF2650
11415,DivitiaMalcolm
11416,creature789
11417,Mvbernard
11418,296susan
11419,dh2005
11420,JoBruce2019
11421,842katrinad
11422,Maxlargs
11423,Essextravels1
11424,44deannen
11425,U3392SVbarbarab
11426,GemJol
11427,melissasb2019
11428,RachelMariu
11429,melshardart
11430,bradnoble
11431,Gastronomist52
11432,TravelWithLi
11433,BoggleSchmoggle
11434,cef133
11435,KarlaC102019
11436,DorisD414
11437,willipk
11438,GibralterSB
11439,13050336757
11440,tony_cleo
11441,Bluedane71
11442,Dktari
11443,leigh_parks
11444,tonemercedes
11445,sapphy63
11446,ASH_Brooklyn
11447,Vivsplace
11448,danionthebellarine
11449,chadw237
11450,zoet437
11451,OnAir60229739004
11452,JeffroGleeson
11453,Ninjh
11454,BjornL353
11455,ellas212
11456,LeaFroidevaux
11457,MikeTie
11458,jtimmsOz
11459,fionaf921
11460,144lizzier
11461,Sullosjk
11462,rach872019
11463,660sashac
11464,22lizhes
11465,Z725ZLsilviam
11466,Norton049
11467,honhe
11468,Sarahl23467
11469,624bcburton
11470,jupaflorez
11471,Flyer439421
11472,RobYou19
11473,Ahxbds
11474,AnnetteM30Annette
11475,Beijingexpatriate
11476,jcmgurkha
11477,deannao488
11478,993lucya
11479,radutopli
11480,Divi02
11481,Sheltie216
11482,masagero
11483,jonnam25
11484,Voyager31097860908
11485,ICR46
11486,ychandnz
11487,Robfromcrammy
11488,dinao165
11489,Z7077AHjohnp
11490,699lauras
11491,pict_animals_x
11492,Wanderer4783
11493,WeeSteeMcG
11494,amandamD8551HE
11495,louflint
11496,3BHF
11497,Rage185
11498,dontoppo
11499,DCody
11500,Mandrake30
11501,JulieW947
11502,Joasia-AU
11503,nickjQ6964ZN
11504,wavydavy36
11505,Glee68
11506,janziemac
11507,marisa808
11508,karinab916
11509,cjgetsaround
11510,Timmy-time-traveller
11511,Burie74
11512,rolling_stoneKent
11513,vivienng422
11514,SCRIMBO
11515,HilsNZ
11516,S2635OZtonib
11517,Pinotgirl13
11518,peterbC2057JZ
11519,joelE318XR
11520,Discover538586
11521,rouanvandalen
11522,MartijndD1971
11523,ridamo76
11524,kiwitrav2018
11525,bhamblok
11526,EmilyJane8319
11527,stevenswan
11528,Curious546757
11529,347carolynp
11530,taximanjohn
11531,annieandnick
11532,donghoonyi2
11533,anthonyread
11534,alexanderbL2833DQ
11535,JESMizzou
11536,seann188
11537,ZhenjaE
11538,Regina_Marigold
11539,846leannev
11540,krzys1970
11541,471trishg
11542,drdough
11543,meshelninja
11544,giakhangn2019
11545,Beatdedbbq
11546,lukemI4298BZ
11547,magsbishop
11548,Tranthuong198
11549,jhenniferp2019
11550,Lln_jcbs
11551,BeyDoan
11552,xumi129
11553,hoa298
11554,timfI3411AW
11555,May190584
11556,thuno2698
11557,Thaonguyen085
11558,philipcS5542OU
11559,freddy878
11560,kambrot
11561,LuisPintoBenavides
11562,manosm489
11563,Ludvigbanjola
11564,chokie213
11565,johannesflintholm
11566,Twashington98
11567,Roving698377
11568,526jessev
11569,Roscopico5
11570,CalumIreland
11571,Darkos23
11572,Y9089AZjosej
11573,MyHoooooang
11574,579rogerd
11575,aagarwal14
11576,Y5673HKandrewc
11577,GoldenBuffaloRider
11578,clacka911
11579,jabnsf2
11580,614levis
11581,benjaminwQ1340DD
11582,Seaside64317289615
11583,FarAway31221692466
11584,SoiGau
11585,Culture66361695098
11586,Voyager65440662140
11587,anhtY8765PG
11588,Scenic18339568869
11589,Wanderer05882984373
11590,412nguy_nn
11591,Inspire18279649749
11592,751minhanhn
11593,phuongthuyt2025
11594,Culture67467828666
11595,okeel2025
11596,161chinhn
11597,Sightsee11246055350
11598,b_chvanl2024
11599,Daydream33558300025
11600,Sightsee62663824287
11601,Getaway19300123261
11602,Roam48486128694
11603,Journey18556370556
11604,Lehanh-_51563772
11605,999chin
11606,Adventure62681355859
11607,Giaoo
11608,ClienteObservadorX
11609,Expedition673084
11610,JussiA60
11611,jonathangladu
11612,poohbearshome
11613,DickD230
11614,gocegj
11615,Wingstonef
11616,sanne506
11617,Stanembregts
11618,Nemanja_stojic
11619,priyankamishra019
11620,catau2020
11621,Dadasteppenwolf
11622,PeterFurkina
11623,W97CUcharlesk
11624,786hungh
11625,120jakubt
11626,nomadicdok
11627,kiffaht2020
11628,AlexanderM007
11629,khilan2112
11630,krzysztofk111991
11631,limshirle
11632,645natashah
11633,553RebeccaL553
11634,seepgoh
11635,306mattisr
11636,Haovtfs2530
11637,Quyet678ghj
11638,vol422
11639,annietram
11640,garthellis
11641,224janz
11642,Lujie45
11643,745julianh
11644,lynnl230
11645,pauliendmbelgium
11646,oscarvicentec2019
11647,TiDoNguyen149
11648,KathieK62
11649,Excursion788534
11650,188felixw
11651,lucascB3935ZO
11652,Vickykki
11653,608alpaslan_
11654,943nickm
11655,aynurt2017
11656,27orionp
11657,Hueh145
11658,ablaper
11659,crismagg
11660,diannem58
11661,lewisr510
11662,N6544OPseanm
11663,G6340WCangelag
11664,Thanhh1791
11665,Brenflakes
11666,Cambodian_691
11667,charlotteh8207
11668,ASinghM08
11669,720pips
11670,maddiew2838
11671,desmon23hj
11672,martinbC6015MC
11673,CHBCatkin
11674,PaolaJ307
11675,HUNTER6789
11676,Hangha1re
11677,Phuongbth777668
11678,Eddie1960m
11679,ariel_dapito
11680,X5639YIjamiec
11681,Davidbiggs_dot_net
11682,543eugenes
11683,muihohay
11684,NickN414
11685,FrequentFlier608444
11686,anamarkv
11687,VietVet1970Dan
11688,stb56778
11689,mjhowell14
11690,maikenb2019
11691,Blurumeerd9
11692,poisssson
11693,samjdavis2018
11694,AndreeaHanca
11695,249Peter
11696,Climber06630485187
11697,Travel57508067856
11698,Explorer67069117069
11699,Daydream52359441935
11700,Rebbeca2323
11701,Dqminh89
11702,proyle
11703,swingclubhk
11704,Voduyhai
11705,Tobias500
11706,nicholasmbarton
11707,CentrefoldHHH
11708,SteveA3367
11709,985harrietm
11710,Departure32272197879
11711,Roving23094967938
11712,525tranl
11713,Tour48203579606
11714,Coastal12837936862
11715,Tourist33630816277
11716,Relax39550280087
11717,W2734WOannan
11718,Passport17876969268
11719,samnhivn
11720,70karenina
11721,W7531SWdavidw
11722,lindsayc266
11723,nickn08
11724,Skyebee1989
11725,582b_rbaras
11726,995joannen
11727,384joshj
11728,Vickie67
11729,keviesaur
11730,lizieb2016
11731,Venture20592241679
11732,minhtra2000
11733,Happiness58363330006
11734,Wanderer16796919629
11735,Odyssey67630236823
11736,363lynnd
11737,Curious54324364853
11738,532hyunsunl
11739,nganw2025
11740,anht509
11741,Wengsoon
11742,phylicia123
11743,ZhenyaVN
11744,binvinnie
11745,buraky513
11746,nicob69
11747,evankf
11748,SofiaNN
11749,jasvindersinghg
11750,AnsonT96
11751,NgoQuocM
11752,MilanT313
11753,Leopard157
11754,RickLester
11755,mareetrims
11756,arnaldn2018
11757,39anhb
11758,HongL7235
11759,erikgB6900WX
11760,ConstanteVanPlanck
11761,tonytD9568SZ
11762,Verbalicious
11763,ResaTran
11764,ngocnhung_239
11765,lindajH8890NU
11766,jerryt653
11767,757melr
11768,Juzzwuzz
11769,4martinep
11770,elindoo
11771,schilcur
11772,BrianB411
11773,CheekyLondon
11774,Botak_Is_Me
11775,agness699
11776,2marcopolos
11777,99JaneM
11778,375gangar
11779,sharongX4768ER
11780,T2663DXjustins
11781,GBswede
11782,Sightseer482220
11783,D5488UMandreww
11784,boxalln03
11785,msnurse_1
11786,shaned136
11787,andress240
11788,marysP8843SA
11789,rfarrugia89
11790,Zimtfisch
11791,G8980NBmatthewm
11792,chinag2018
11793,farmgirl0721
11794,Horsenuts
11795,Rexblake
11796,ekjenkinson
11797,660coreys
11798,A479ZWestherc
11799,WDNJMN68
11800,wasp07
11801,sallykc23
11802,Muzzyboy73
11803,jen3003
11804,Melanie020316
11805,carolynphilipg
11806,hatontour
11807,CarolL932
11808,Stevenmedia
11809,CathBatson
11810,Dana_Darie
11811,matros24
11812,NewcastleNSW2300
11813,19dixiep
11814,Adasity
11815,DCH559
11816,L9544LXjuliek
11817,hem0116
11818,O5588VWpatrickl
11819,roisinl92
11820,kiwiscanfly30
11821,traceyb629
11822,mcat62
11823,lindsayinnz
11824,lancefamily1
11825,Abbeytoole
11826,TomR596
11827,vacaymaven
11828,Navigate393167
11829,nickkG2841ZK
11830,cgs345
11831,K1238ZHjacquelineb
11832,domenecpere
11833,490joannat
11834,Roam788707
11835,jillyd1957
11836,BeerDrinkingBonnie
11837,jldean30
11838,693fredyw
11839,Jurgenator
11840,Lional56
11841,kaianick
11842,deathramps
11843,Dreamer550295
11844,stephenwT4328PQ
11845,kwratten
11846,703hishamm
11847,tomwY4194SH
11848,505lynnec
11849,KAOSVic
11850,ryanmG9218KK
11851,Mumma_Katherine
11852,815dennisv
11853,burn1e
11854,Nadeline17
11855,dungn936
11856,annhien0411
11857,Ivylovetravel
11858,l_nht2019
11859,Janetran561
11860,brianwQ7076JI
11861,Jakeybass13
11862,MissBundgaard
11863,depends2018
11864,TruongPhuoc
11865,L6135GHjessical
11866,AudioV2
11867,I4657OGjeffc
11868,nikunj_nathany
11869,mathurhitesh
11870,Sightseer680065
11871,Explore58646873089
11872,Paradise36528936596
11873,Reboot62
11874,263mechelp
11875,kzb2014
11876,alexlM9618ZT
11877,SURIE_S
11878,RUBYB23
11879,MGaiye
11880,anitae622
11881,JoannaFraticelli
11882,322dineshr
11883,Countrygal135
11884,PaulMakk
11885,256ollie
11886,ffburnie
11887,MrVarmint
11888,OnAir531482
11889,35nigeln
11890,rasmussenior
11891,michaelkB1478PH
11892,tommQ5061BF
11893,danieloE575JW
11894,leogNY
11895,BerginJnr
11896,ryannphan
11897,N4077TOandym
11898,Inspire747844
11899,Outback087
11900,AmyPearson109
11901,michaelwK7058IL
11902,CarlosHardenberg
11903,Trail03380603695
11904,Chi_bao_phan
11905,dm0411
11906,524harrisf
11907,345warrenl
11908,HarryTraveler122
11909,ngocle-saigon
11910,ethanliew92
11911,Ngantran22804
11912,roshannesmith
11913,vyn448
11914,BernardQuek
11915,SamM5606
11916,832hayleym
11917,Navigator768164
11918,KieuH14
11919,DzinhHoang1190
11920,557cherryh
11921,Cosmopolitan757741
11922,Sinnfrei101
11923,milena_mer
11924,P5876CElaurah
11925,lynnneller
11926,Gorge_Hanna
11927,miagrace2020
11928,WanderingAmy18
11929,bobdylanvaxjo
11930,frenkyt888
11931,rahelfrey90
11932,hazbanga
11933,741carolina618
11934,ankepin
11935,Guide41001109214
11936,ShinYie
11937,Experience804486
11938,809trishg
11939,seemap884
11940,c9jo44
11941,alighat
11942,BarbaraPrezia
11943,tikitac68
11944,bobbyt77762
11945,4222929
11946,Jet680163
11947,JaneAustralia2013
11948,joelsA2498KU
11949,jeffries584
11950,192marionf
11951,350allans
11952,tabkca
11953,cullenyancey
11954,Maps55364521094
11955,3han
11956,4h_ul
11957,penguinpeek
11958,Donny-Melbourne
11959,E3805YCellenm
11960,Sadex222
11961,Thin2498
11962,218lanp
11963,cuongv259
11964,TravellingJaxNZ
11965,EB12
11966,Amyandbri3
11967,Alisonjanes
11968,candacec1987
11969,109amitp
11970,Viktorias_travels
11971,pattysax
11972,Sherpa40269076025
11973,tiffpeirsim
11974,Whyngham
11975,460gait
11976,Keishamoon
11977,Pioneer164268
11978,hansanc
11979,Dani_lovesaholiday
11980,Melibrooklyn
11981,hanikahoneycup
11982,964nhut
11983,thanhngan123
11984,Uyen_Linh
11985,davidnho
11986,Thuymay116
11987,VnFlippy
11988,haiyen9911
11989,Hanah0000
11990,Evgenia6868
11991,tuanbobby
11992,Dreamer766469
11993,354chans
11994,phongt220
11995,Kiet1995
11996,hoanghn1990
11997,sherrynd2014
11998,christinanH7720SX
11999,829brendenj
12000,claregu
12001,MCW8294
12002,Vangreenbamboo
12003,juliahirata
12004,BoStuart18A
12005,2606wly
12006,695yujink
12007,I3058QOrebeccah
12008,elizabeth_fraser60
12009,Hoanghn1256
12010,Correctlyspelt
12011,herrusuwandi
12012,simon20000
12013,destinationnext21
12014,becphelan
12015,nataliaL537GS
12016,VidaComida
12017,maddy0706
12018,Terry2403
12019,maevehux
12020,52khu_d
12021,353linit
12022,F9311RScarlam
12023,SydneySeahorse
12024,angelikalayr
12025,SandraAJ9
12026,Adeadeadel
12027,Aleylee123
12028,Freedom819091
12029,mathilddaan
12030,jo154
12031,nadinan2019
12032,angelfM2915RI
12033,btvancouver84
12034,anabates
12035,Jessr-s9989
12036,hayanc
12037,milanroels
12038,corak747
12039,jon426ft
12040,595luckys
12041,laurenmX8305UT
12042,JCSanchez3484
12043,ashleyaiello
12044,flynnetyth
12045,M5096IOandreasa
12046,TiniJC
12047,sterre06
12048,824robynr
12049,J3nnE
12050,Jessbomb38
12051,sadhanaa2019
12052,Anagalvan1992
12053,LilianWal
12054,philippinelfr
12055,542mrslaurat
12056,gracen499
12057,MrJack391616
12058,luucy789
12059,eilyn97
12060,lizzieg957
12061,Juliesariyati223
12062,Sabbylovesryou
12063,jazzjbrown
12064,kelsamadeo
12065,tiffanytao
12066,413kirstenl
12067,brenndouss
12068,averytravels504
12069,pholco504
12070,emilyb958
12071,Flubber_78
12072,Jennasinead
12073,Thydoo
12074,Agnesysk
12075,K_bartsch
12076,Melbben123
12077,sueo1965
12078,bksnowbunny77
12079,Sweetpoo8
12080,Hochivarich
12081,RjcRachel14
12082,RouxV6
12083,Clarice-CO
12084,vasiliat2018
12085,Ksingz
12086,379jemmac
12087,hongand2016
12088,AnoukV840
12089,joliey23
12090,986sherinel
12091,nazimaa
12092,Y7058DBjessicaj
12093,MissRichella
12094,tienn282
12095,pinecone69
12096,NsonHo
12097,rebbeche
12098,914tr_nh
12099,Kina307
12100,Hannah0913
12101,speertr
12102,hai20192019
12103,jerrynguyen093
12104,Venture53006295941
12105,Navigate28488831287
12106,truongthanhtung
12107,Dreamer12355382224
12108,784tran
12109,Travel30846450245
12110,tamtran2019
12111,911annabells
12112,shahazim18
12113,Blancakes
12114,brandswww
12115,356anv
12116,jocR6637QJ
12117,roypiml
12118,481thuyn
12119,744vanc
12120,GoPlaces681875
12121,phamtran1212
12122,A3757OSkimh
12123,ngocnup
12124,honga774
12125,b_nhch_ngk
12126,vananh_pham
12127,Dzung87
12128,thuyngatourist
12129,Trail44237340681
12130,lisalohanka
12131,628eilly
12132,Dorqh
12133,zafixm
12134,NguyenHillary
12135,lanchivu
12136,48kh_nhl
12137,h_ngn377
12138,Paradise11210551704
12139,DayTrip30611993899
12140,th_kimng_ch2025
12141,Travel01256906664
12142,518qu_nhn
12143,223h_ngnh_in
12144,GrandTour10843457045
12145,pedieuv
12146,Dream26005503594
12147,Flyer54064218886
12148,ashleyyL4231BP
12149,nanciem22
12150,792omarp
12151,zest1974
12152,wernerroth
12153,ameliajhodgson
12154,GrandTour684376
12155,Often_disappointed
12156,jyjys3
12157,1000Yossi
12158,glbell
12159,Navigate25659510629
12160,Jev_07
12161,Pathfinder263590
12162,allana746
12163,E4249PXjohnm
12164,spud2019
12165,Toni255122
12166,KatieYazbek
12167,Sightseer363859
12168,LizCandy
12169,U1169ROfrankp
12170,jonis927
12171,MovinMovin
12172,Paradise612311
12173,JonasH2609
12174,rachelabganz
12175,danielarms76
12176,DesignerDave
12177,andreaoS8006NJ
12178,687hannahe
12179,emu4
12180,santhoshn932
12181,glaucoy2018
12182,Huy19792019
12183,630binhn
12184,tr_manh_2019
12185,97augustinh
12186,sophietran166
12187,julieDTV
12188,Paradise65129758803
12189,chithanhi
12190,485tranc
12191,thimotee71
12192,astridmozat
12193,uyen111
12194,Quantran1234
12195,trang229
12196,Mrgtb12
12197,DLVN_1234
12198,JohanSweden2019
12199,michelleh179
12200,ltrnthnh
12201,Kurkull
12202,Pierre22
12203,637ng_cs
12204,Helodie_lyon
12205,joj-review
12206,Ha2605
12207,MiniDuyen
12208,vincentt501
12209,emmainasia
12210,369linlint
12211,jeanbaptistet2016
12212,AntonyT66
12213,DianeMonier
12214,thanhtruongl
12215,simonvrp
12216,SireneHCM
12217,vincenthuynh
12218,Excursion228729
12219,thomasy740
12220,annaliese867
12221,796brettt
12222,LanT375
12223,915evas
12224,ferriscaprice
12225,SiriGermany
12226,trucle2018
12227,anhtran378
12228,Venture757874
12229,240vivienl
12230,G_2705
12231,Haas26
12232,chloedevalerie
12233,wendyhulala
12234,Cherish8888
12235,249kimberleyj
12236,Dani87S
12237,886chieul
12238,Gord00
12239,Thetheyuji
12240,lynnes829
12241,brettrivers
12242,Lyly1094
12243,Tina29a
12244,524linneam
12245,Liron078
12246,BrigitaT_12
12247,Chinh1992
12248,jerrypham2016
12249,BackPacker828780
12250,lethiailam
12251,joanam101
12252,Mymlaf
12253,nicoley550
12254,jonmcgowan1980
12255,Sheep_green
12256,Peterweir
12257,Safari773445
12258,Ninhn53
12259,vinhquangdega
12260,NgoS12
12261,KOBE0296
12262,Adventurer677666
12263,OrangeS11
12264,DebbieD878
12265,_klimek_photography
12266,rastarobbie
12267,454christinac
12268,nomanlands
12269,janen427
12270,L3010JIkristinc
12271,PaulkkTang
12272,leeh2650au
12273,Sylvia829
12274,tim499
12275,PerthTraveller1982
12276,O1934KHjennyk
12277,JeremyW420
12278,Vvn_viviforg
12279,Festlig_s
12280,manyeemandyl
12281,Icrain999
12282,ndhollosy
12283,youand78
12284,TranTran1234
12285,erfani83
12286,BrainDoc90
12287,dpeck000
12288,mkS4581RO
12289,Tamyam8
12290,lamvdoan
12291,899elleng
12292,phoebes505
12293,xxEliciaxx
12294,L9267FRadamh
12295,bratton29021996
12296,yhejl
12297,Wict0r1a
12298,LeanneM900
12299,jennifer_ch2n
12300,simplechelly
12301,878ashleyl
12302,ngand681
12303,619vy_
12304,Guide58159049813
12305,fabioeroli
12306,Roving65335330460
12307,495t_in
12308,Flyer47776649126
12309,belindaw2025
12310,GrandTour61613719166
12311,856phuongl
12312,ng_nd0anhl
12313,quocsytran
12314,Alex14l
12315,49denisen
12316,Sammmle
12317,Priyaranaaa
12318,DmitriS101
12319,leefN7674XB
12320,miros_awj329
12321,Khiimmiiee
12322,535rebecag
12323,890gwanc
12324,553apexad
12325,766nataschaf
12326,shina1911
12327,shunyaiida00
12328,Itsgenebean
12329,louisak36
12330,diegoacosta29
12331,Vicki_Runaway
12332,kirstymT66KG
12333,DannyWu4488
12334,P5662PFmartinl
12335,chankoo
12336,ps2504
12337,inigos2019
12338,Journey163707
12339,janoos_1992
12340,Mekongdelta2019
12341,fabmoor
12342,MikeAbrenica
12343,Janicey1111
12344,zduub
12345,J2640QAamandas
12346,aaroncJ2008WZ
12347,babyoscar530
12348,Michelle19999
12349,ElizabethH904
12350,cs1805
12351,Bathurst2222
12352,ivant373
12353,jmaucerixo
12354,Departure68703486829
12355,baoanhd2022
12356,Happiness50029142489
12357,Roam12018071236
12358,Excursion62695509024
12359,Happiness61384323585
12360,Sightsee63169585637
12361,Compass13668656130
12362,Curiosity65873487193
12363,ngocgiabao
12364,Roam29284099191
12365,ngoctgao
12366,293thia
12367,locgiang628
12368,ThihuongN6
12369,GrandTour820647
12370,LinhL512
12371,minniedriver287
12372,TrinhP90
12373,KenS3126
12374,LinhP339
12375,Nina1072
12376,hairulz
12377,clairebramford
12378,trinht206
12379,Food_illusionist
12380,KevinP5217
12381,HaiTaiP
12382,605minhp
12383,mljol
12384,earlysherr
12385,483jonathanh
12386,zongtingn
12387,Voyager769970
12388,Longtommy
12389,330klw
12390,OanhM8
12391,Fistful
12392,263tomekg
12393,sjokkie
12394,Dragonbikes
12395,Tristan1035
12396,hdta2015
12397,LukaCalic
12398,Ptwarlord
12399,Snir2594
12400,Skyhigh40
12401,boduac
12402,HorleyParts
12403,motzka
12404,rodrigomR1031OV
12405,U4017TDstefano
12406,edgarp63
12407,A2334LMjesses
12408,nordiner2018
12409,shannonsmith_95
12410,535kareni
12411,mattzqn
12412,mcdeieio
12413,aaronbU1514TI
12414,DBazza83
12415,DavidLic
12416,S4J95
12417,Rizzo63
12418,kristib68
12419,Brysonstravel
12420,alcocks
12421,548janew
12422,juliasC6099SX
12423,795bobbyd
12424,choose
12425,stuart3368
12426,stevejaneenmck
12427,Julesmort999
12428,lynnes82
12429,316JulieH
12430,annef133
12431,infoFengShui
12432,oringuidry
12433,171nikis
12434,LizzieE454
12435,Dmcsparron
12436,Nele009
12437,daisybodkinx
12438,lorelief743
12439,stallion2010
12440,chriseY8354UM
12441,30genevi_vel
12442,richw240
12443,nigeld437
12444,KRFESKI
12445,williamlC2439ZV
12446,charlestonHome20
12447,silvanadanielis
12448,JackieM642014
12449,deek31
12450,prjenni
12451,M8766OQmarkh
12452,WRB_Kawakuchi
12453,JVG08020625
12454,MartinaAsia1010
12455,joggerboy
12456,rimajabbour86
12457,Maya_hnl
12458,eunice_from_aberdeen
12459,bockylaw
12460,savvy_dave
12461,TomJohnston52
12462,608silked
12463,galll2019
12464,smsmissy
12465,953parksd
12466,quangsi
12467,Adventure370666
12468,109lesp
12469,debg2026
12470,danmJ3151CI
12471,V2148VMcathyb
12472,DouglasC566
12473,J746LXjeanh
12474,krnkpar
12475,peterbZ2329DR
12476,469ljb
12477,salwallsend1962
12478,RichardAndrewBogg
12479,R0sslynK
12480,Frenchies1976
12481,allan843
12482,hanleyfamily2019
12483,964francess
12484,GuidoU_12
12485,354kayt
12486,michaelbeutler
12487,Eltekeh
12488,tamarao785
12489,LarsTheIcebear
12490,georgiah411
12491,GordonRi
12492,lavieauvietnam
12493,precura
12494,dianacrombie
12495,lautjelau84
12496,443shannont
12497,ehinz2019
12498,emmatebbs
12499,lush019
12500,LeearnafromSydney
12501,JacksonCAGal
12502,AdventureAhoy987
12503,000JaneOO
12504,reumerstrim
12505,Curious58070778449
12506,j0hnv123
12507,Exploration79221
12508,482lindas
12509,emanddew
12510,billymexsom
12511,Paulineesther
12512,Jane130175
12513,JackieD01
12514,dgr42018
12515,nickwyborn94
12516,99evelynem
12517,hhawke2019
12518,TravelfanBine
12519,243louise
12520,Fadi081577
12521,jenniferdQ5984RV
12522,872jaym
12523,rluetz3006
12524,S6332QVjudithm
12525,CalebS628
12526,MoLe_Saigon
12527,dahumeovn
12528,elizabethmO4322JV
12529,clncaa
12530,katie_nicol
12531,kevinmA8263HL
12532,denimaric
12533,ericap246
12534,NickifromOz
12535,Minhpmb1
12536,T8371FLkarend
12537,DondeEstaDK
12538,Miriamanewman
12539,BrinaM1988
12540,andy_t11111
12541,darano1501
12542,terriw1212
12543,ianr311
12544,BorjaGarcia
12545,BatterseaBlade
12546,578JanetB
12547,darbyi2017
12548,manishgmaheshwari
12549,Jim_LF
12550,clementl852
12551,856benr
12552,carmz111
12553,V1633QFpams
12554,robinw443
12555,garrygeorge63
12556,Voyager40732025663
12557,HortelanoF
12558,354shirleyr
12559,eelcov699
12560,kcarters2019
12561,megannaid00
12562,SRLivings
12563,mogg48
12564,600linebl
12565,trivet6061
12566,Kwaka1500
12567,trevd49
12568,RobynM153
12569,markrQ1576IX
12570,Tassieblokes
12571,Inspire485177
12572,dianemark2017
12573,gmj1962
12574,BoardingPass277157
12575,Mosey1941
12576,pcarlisle101
12577,138simono
12578,Cart_1987
12579,Karen19672015
12580,Passport92310
12581,46EmmaW
12582,banksdev
12583,Pam22014
12584,Marion_vdB
12585,_helrob1
12586,algedwards
12587,shropshirelad3
12588,436sheenad
12589,Z4040GLjohnw
12590,anitapV3579ES
12591,183samiac
12592,Z9609BXsarahl
12593,Shellibean12
12594,stephenaB3032TG
12595,Rachii72
12596,vickiw654
12597,JonCM
12598,hanagodina
12599,maccie64
12600,annacI1687NT
12601,MalBates58
12602,MattNEmma
12603,TaceyJanine
12604,FourLangs
12605,Smoothsire1971
12606,thetaylors2510
12607,CarolineO639
12608,JoyousE547
12609,labsimms
12610,mattw324
12611,Sophiehannah11
12612,goingplaces0000
12613,R4955VDstepheng
12614,grandavegur42
12615,liezl669
12616,J9454UGsandrah
12617,shirleymN5210VG
12618,GrantF1010
12619,lovetotravel505
12620,Emilydop297
12621,Connector32187810625
12622,swmomof2
12623,Roam25069093192
12624,margaretbH8927MH
12625,filu131
12626,liamhD2410UB
12627,Pathfinder814789
12628,dianneg230
12629,Wander59891569011
12630,lyneeelou31
12631,staneicem
12632,Cruiser39064027457
12633,Paradise25100968255
12634,Maps31430509676
12635,Tour06148875179
12636,252gerardc
12637,GrangeyM
12638,Companion54469363787
12639,eldenk2018
12640,Adventure35084382591
12641,Coastal25824138648
12642,Plimmerton
12643,repmart
12644,181ambrew
12645,carolynmbax
12646,geogjo
12647,StephenB260
12648,650RichardC650
12649,jzpietrzyk
12650,603sonjag
12651,lucylK8016XQ
12652,GettingLost123
12653,helenkamby
12654,philnash
12655,nickw292
12656,161jenm
12657,K4305ZEterrym
12658,Klaus0761
12659,88nicolasj
12660,GrandTour13094018736
12661,angelacA1469HV
12662,Louiseturgeon
12663,Shazlee24
12664,junegebauer
12665,SueinSutton
12666,steveD4862CA
12667,shim0lp
12668,BONUNATOR
12669,MelissaTak512
12670,Paradise47859198416
12671,vietnamtrip1234
12672,joyl817
12673,sgatl
12674,RowenaG152
12675,chnewtonprice
12676,phlyates
12677,alfredov128
12678,Resort42628962213
12679,brendan860pyespa
12680,SarahSC86
12681,DellaSouthampton
12682,RichardHIII
12683,Globtrotter657
12684,Experience95173
12685,Stay42876176001
12686,Voyage54447352368
12687,Passport07503459283
12688,Daisylkm
12689,Sunshine19011660366
12690,kirstyc137
12691,DayTrip60367998393
12692,Tour47173792802
12693,dsykes65
12694,Global05801802593
12695,JgGaS
12696,klynch0123
12697,Venture38443853007
12698,joanbP8957SC
12699,Dream51284747928
12700,870roda
12701,LP-Belgium
12702,baerderic
12703,Aaaadele
12704,Q4594ZMclairew
12705,tonycF6987BZ
12706,joshstephelias
12707,Loveholidays2606
12708,Susannah189
12709,748richiet
12710,DayTrip03246579967
12711,Trek125027
12712,MandaG_12
12713,dougf918
12714,MichaelM9245
12715,highflyerwarwick
12716,dansN6340ZA
12717,kajaa2019
12718,Mobile28665332120
12719,Happiness23306350099
12720,Y9419TYwolfgangh
12721,tomjur68
12722,672carlk
12723,McD-Saffer
12724,OnAir29832305475
12725,PC1508
12726,ciaranroe585
12727,mogs2014
12728,Tina_from_Sydney
12729,tym0nk
12730,polzerkarin
12731,leachimooc
12732,Antoniosoprano
12733,DesertBob2018
12734,MonicaBRios
12735,jeskachow
12736,Departure69473
12737,Journey737179
12738,SuzanneH897
12739,Q8162SWdavidc
12740,markaj2016
12741,JPhD
12742,GoPlaces13987724854
12743,clairebearnaked
12744,johnnJ6191ZN
12745,AEAEngland
12746,Vacation06588958392
12747,Jwp222
12748,emes180
12749,tlosinski
12750,Escape34576734941
12751,Exploration528303
12752,Trail06336364554
12753,lucianofabio
12754,NorthStar598516
12755,Roosjes79
12756,chris7892017
12757,horstb2
12758,Excursion00692068007
12759,drmannambeth
12760,Parse_Bros
12761,katherinesZ2081UJ
12762,Dreamer35512128108
12763,I8344KRdianeg
12764,Ade20
12765,martinwH6441UM
12766,bencathcart1903
12767,MarkBoyntonBeach
12768,HAMALKA_12
12769,lindam241
12770,Erinrosetravels
12771,teacheronholidayz
12772,maggie_swithenbank
12773,acck74
12774,600carl
12775,brookeben10
12776,437jad
12777,simplykarina
12778,694lindao
12779,Marlenelee
12780,Kozyniak
12781,186kerryo
12782,goltdfeder
12783,Thuytt
12784,Sherpa61019954605
12785,Dreamer50603754777
12786,Curiosity04811491301
12787,Trail23292772036
12788,787thaoh
12789,Fearless29018313294
12790,Companion06564741728
12791,Quest22388629788
12792,Excursion60507498385
12793,Explore06448317776
12794,Escape67816559685
12795,Road22223583905
12796,Meander22276009471
12797,Paradise42629065622
12798,Mobile06950394297
12799,Roam12765056314
12800,Regazzi804fas
12801,Scenic07274029102
12802,Daydream09665336085
12803,Happiness68592143091
12804,Dream30667187639
12805,Quest26148311367
12806,ng0cthangd
12807,Stay11950032093
12808,ph_ngthuh2025
12809,Tertias474dep
12810,ngann246
12811,Curiosity19049601479
12812,Freedom48911506571
12813,Vacation39429642364
12814,Mobile55075832960
12815,Sightseer47497059281
12816,386ng_nh
12817,Trip41231645888
12818,NorthStar31354033122
12819,227maizam
12820,Flyer18627224189
12821,Dream33288592881
12822,dongn813
12823,Climber60538016505
12824,Flyer49069918559
12825,Wanderer49206100979
12826,Companion28972450180
12827,Flyer52311060506
12828,Dreamer45604221355
12829,583hoap
12830,Mobile12529933228
12831,Compass25959711086
12832,Tour31011845743
12833,Tour23652212669
12834,Vacation04549278246
12835,Dreamer57956491166
12836,Happiness12686474778
12837,Curious58698992215
12838,Culture46462860241
12839,Compass66572130582
12840,Pioneer45589744558
12841,C3087EBann
12842,Trip57209577342
12843,duy_nh2025
12844,th_ov874
12845,GrandTour15211318425
12846,Nomad04039910062
12847,Sherpa50865787916
12848,Trek36838992549
12849,Odyssey66924513692
12850,tuannU9828JC
12851,Tourist19303577027
12852,NgaN206
12853,linhp380
12854,Resort46241469470
12855,Explore36287031041
12856,Freedom66488428051
12857,Explorer24465644041
12858,Curious07252759040
12859,Wanderer27860974066
12860,Traveler62239898850
12861,Sightsee30858121478
12862,Getaway51355639124
12863,TienHuynh-75
12864,Escape36630419553
12865,Pioneer22480294741
12866,Sightsee27053397652
12867,Meander11658904450
12868,hingduc
12869,Road01589116400
12870,QuynhN191
12871,Odyssey40623939014
12872,Ngan6948
12873,135lananhh
12874,Escape68615324985
12875,Sightseer67296317892
12876,Discover44404603499
12877,Adventure43728270734
12878,Curiosity46389974843
12879,Climber14088975705
12880,manhlongb2017
12881,Adventure32956977164
12882,Resort23699730972
12883,Resort52911386713
12884,Navigate43022835584
12885,OnAir00524532504
12886,FarAway67056755849
12887,Odyssey41055803588
12888,Tour02929583462
12889,Voyage64188425494
12890,OnAir39236159650
12891,Travel31530096810
12892,Discover28000133010
12893,Meander25677545735
12894,Adventure37957196893
12895,Excursion43900410814
12896,Departure27774578191
12897,Escape46962466152
12898,Meander53431702585
12899,Sunshine11088725519
12900,Maps57770480541
12901,Seaside08167542720
12902,Curious14420149459
12903,Roving50638225742
12904,Go56951598029
12905,Coastal53985365456
12906,Vacation12254055204
12907,Getaway55125779346
12908,Tourist29991689707
12909,Global52442302699
12910,Excursion61424134038
12911,hanshooting
12912,Go17891623282
12913,Inspire12557021066
12914,Tour04062485920
12915,vyt299
12916,Venture19814069194
12917,Nomad65264113500
12918,Stay21930685850
12919,Culture65633862401
12920,Meander40766581449
12921,Happiness07744127219
12922,Traveler61278060491
12923,Traveler59710228416
12924,Companion25484164932
12925,Dream09872131242
12926,Odyssey63466099467
12927,Roving22113377092
12928,Vacation23549809626
12929,Nomad53791805575
12930,NorthStar55892592361
12931,Travel40647067445
12932,alicehuynh2019
12933,FarAway06193479315
12934,Connector44536819803
12935,Camper42695655868
12936,Resort55911507914
12937,Navigator64757557717
12938,Compass52217960407
12939,Wander57742192811
12940,Trip42597753988
12941,Safari13168421476
12942,Camper12916198049
12943,Climber47529222584
12944,Scenic53101864749
12945,Sightseer25054832586
12946,Passport27692442010
12947,Huyen1237jdk
12948,Traveler51525459186
12949,NhiPhan0202
12950,OnAir59208071422
12951,Hyun2199
12952,Thien-van79
12953,lyd759
12954,Dream26012671045
12955,Levu1233421
12956,Zhjkls
12957,Anh_Maiiiii
12958,Quest39144081708
12959,Road24853648303
12960,Nomad51830067122
12961,Ductho19832013
12962,Nhinhifood
12963,Kimkimkimcuc
12964,Mobile41511962672
12965,Journey47679729553
12966,Bdhdi
12967,Guide19595456741
12968,Curious03975763642
12969,Nguyennnss
12970,Venture25633682168
12971,PinkStar8888
12972,hi_nl880
12973,Miko_2787
12974,duongn923
12975,ntv-decor-ntv
12976,Truclam1984
12977,Lebin2117
12978,Jajajsjdhfdhdhdh
12979,Aydurkdlephai
12980,turisly
12981,NgocMai157_55
12982,linhlun2609
12983,Phat944
12984,Haingo1
12985,Nghianguyenblc
12986,tramtramhoang
12987,duyphuong19042001
12988,khoat269
12989,Minhle_97
12990,Quoctan
12991,Xuan123qw
12992,Cungnguyen85
12993,HEONGUYEN0804
12994,phuongqerrfhcd
12995,Celine_123t
12996,shishashimi
12997,MsenMsen
12998,Vutuan-ks
12999,NhuNTQ6
13000,Changne
13001,trang093
13002,Kkkkkhhhhhlj
13003,Cao7979
13004,Duyle2006
13005,khanhcdt
13006,hongthao2803
13007,Phuc47
13008,Kim_Ngan-999
13009,BuiDinhHuong_88
13010,Haingoc27
13011,a-123489
13012,Than_972
13013,Dinh_thi_minh_tien
13014,Ngahuyen
13015,thaon983
13016,Nhattttha
13017,tivatet
13018,Jekdifkdjejfkd
13019,Ng-nhu
13020,Anhh1522
13021,Bonamanax10
13022,Habizman
13023,ledangxuanni07042003
13024,boconganh2889
13025,Mynhi1234566789
13026,Brocolii2510
13027,Kimthoa12
13028,DangHong123
13029,Thythy01
13030,Chicr213
13031,Duyen1732
13032,0ND1332
13033,Tran_nguyen_1997_111
13034,Hailampt
13035,hshdjejuefha
13036,Thuhong12345
13037,tuyett2022
13038,Phamhuunghia1801
13039,ThaiNguyen1995
13040,Annhien1116
13041,Dan_Den_TP
13042,dangjun
13043,GongSheHi
13044,Savy09875
13045,Maps53604221014
13046,Lynguyethoangtam
13047,Trantam123
13048,Trung19735
13049,Dao1234567891
13050,175xuanv
13051,Van_giao123
13052,yennhi2010
13053,Ng123789
13054,Minhminh_6y6
13055,Duchoa123
13056,Eric_SonBui
13057,Explorer664895
13058,Thuyenart
13059,Vothihuong
13060,nguyendee
13061,Safari787462
13062,HappyDayViey
13063,Dungtran89
13064,Nbtran112
13065,MintyMiny
13066,Tang1992
13067,Phucthuong
13068,Takahashi008
13069,Huynhll
13070,Hoangkhoi901021
13071,Tuyen12e
13072,Kahn_nguyen_123
13073,TinaP0208
13074,ChinhH26
13075,Vicndcedcnm23ry7
13076,Vu23
13077,Hongquyen0509
13078,Taone1
13079,Lslsnasj
13080,Hathiutlinh
13081,quangdung6611
13082,Bimil0184
13083,tramltb1
13084,Comel88
13085,huonggiang1974
13086,Nguyentan95
13087,Jomajut
13088,W123123
13089,NgoVietTrungKien
13090,Odyssey827457
13091,hanhmilo
13092,milan0larry
13093,sheilavskidz
13094,342yongh
13095,FellowTraveler774385
13096,Passport757327
13097,872h_aj_d
13098,20FCWND
13099,khuynh11
13100,olgarusland12
13101,kavey
13102,sarahelmverryt
13103,halevis
13104,414suzyb
13105,MabelTong
13106,CatherineW1851
13107,U3572YVmartinav
13108,laurarQ2065RI
13109,Nomad412
13110,SueC15Aussie
13111,HoanLoun12
13112,maxstagram
13113,marianas544
13114,658charlottef
13115,JohnH11002
13116,G2274QDjom
13117,AnnaM17173
13118,lindaah
13119,312rajr
13120,Drosera1
13121,FlavieL29
13122,Traveller376
13123,Connietlc
13124,williamtherrien
13125,sitinurulh2019
13126,wavingcat2019
13127,gekh00ne
13128,NoaP75
13129,shraddhaap2018
13130,Tammy9588
13131,ninjaboyB
13132,moirac303
13133,brendan_rach
13134,CatarinaAleixo
13135,JoannaL3041
13136,ssrach
13137,Kfungmsv
13138,viscountoz
13139,Caleeeb3
13140,ZamiB5
13141,392gracea
13142,meadylou
13143,coconut52
13144,8tamasz
13145,BrownsTravelTheGlobe
13146,marjtuscany
13147,Dzeny
13148,945garine
13149,Dragonlady2500
13150,Companion565135
13151,Nidhi_jain1
13152,D2221JR_
13153,kevin844
13154,sharoneg2017
13155,962cheryls
13156,lhawley77
13157,Mel_Joan
13158,christinev01
13159,andyp_Singapore
13160,angelinarusy
13161,RhinoRocket
13162,Carlo2585
13163,thomasnguyen1305
13164,audreyd435
13165,SharonTeo
13166,happytravellers075
13167,Familyfuntimes1111
13168,DesigirlRes
13169,giorgosv865
13170,TracyM1906
13171,ladytravellerf
13172,heidiballa
13173,Carlislesupergran
13174,BubbleDreamz
13175,audrey_kiara
13176,mrbrightside30
13177,J5769BGjeroend
13178,Jacqui-lisa
13179,Tully15
13180,RoyN772
13181,uywoody
13182,Clementbrossais
13183,K7009MEsarahm
13184,vfehling
13185,SueReneeC
13186,alexohh85
13187,Megsapix
13188,nortan88
13189,lucasl393
13190,veryjo
13191,342chuckc
13192,johnnylin1985
13193,95Traveller2019
13194,Georgiahaslanded
13195,coconutt2015
13196,Dreamervietnam
13197,Wander03582949599
13198,11tiffaniem
13199,263gilliang
13200,770kyliep
13201,RLiew
13202,andrewhB490RF
13203,anthraciusb
13204,KeeB28
13205,TravelLover705
13206,Moo_traveller
13207,tonyforde14
13208,naesarmiento
13209,S8177VL_
13210,903makd
13211,Jenza35
13212,SH421
13213,apike93
13214,762mariagraziab
13215,420angelv
13216,977wendyh
13217,kinyanc2015
13218,88sakshij
13219,kelw777
13220,TJunh90
13221,waseydified
13222,sehgal2686
13223,Le_Guero
13224,racheltB8159AN
13225,pummy1953
13226,SuQuan_PSQ
13227,_F3386ZY
13228,DayTrip719098
13229,terencec869
13230,ecilop1
13231,SandrafromNZ
13232,ThomasH5184
13233,Clare_Hu
13234,Departure15260333706
13235,Dreamer53195941629
13236,shibav
13237,NorthStar37358322945
13238,Freedom29647146083
13239,Go22487956106
13240,Dream46584786130
13241,Excursion59173180329
13242,Culture64875864490
13243,Global11751881987
13244,Adventure47122960269
13245,Roving34710281005
13246,Happiness49123876787
13247,Getaway66591163753
13248,Escape62390313853
13249,Traveler15012531973
13250,Sherpa62290575661
13251,Travel17296945264
13252,Maps35233309448
13253,Explorer60780113235
13254,Tour58411381203
13255,Sherpa31142463136
13256,Connector53662908652
13257,Venture61515305578
13258,Voyage12487951809
13259,Escape31475782492
13260,Coastal59713177689
13261,Inspire21019102876
13262,Adventure39864744842
13263,Dreamer65428768723
13264,Travel09907179281
13265,Jet04538706691
13266,Odyssey57366371103
13267,Guide68367734709
13268,Trip57546616926
13269,Ligaelmane
13270,ang_le318
13271,goodplace09
13272,Nomad13101234729
13273,chriskhoah
13274,GrandTour48633713381
13275,Travel23752549582
13276,Travel14130169510
13277,FarAway11090246956
13278,Tourist58809394721
13279,859ng_nn
13280,h_ngh482
13281,to_nn155
13282,christinelF6023SX
13283,Inspire55907930379
13284,738phongd
13285,Coastal31634716337
13286,voa444
13287,Lanphuong18
13288,Dreamer23698828052
13289,jolytan
13290,minggyhsiang
13291,Briantraveller321
13292,Nobs1111
13293,vonkiefyu
13294,ameline1028
13295,NeoY14
13296,kelvinsoh
13297,tochs2018
13298,pacowvietnam
13299,440awhinap
13300,leon777SG
13301,floriandtornade
13302,32thad
13303,Tourist31373027380
13304,Voyager10280901628
13305,Wander52939854588
13306,Voyage50881144060
13307,Passenger22188573314
13308,Coastal57082537117
13309,Connector59374448229
13310,GrandTour29290404543
13311,OnAir23920424745
13312,Sightseer29285149692
13313,Daydream36704409937
13314,Voyage57805076210
13315,ng_v_nt2025
13316,Quest35274709735
13317,Sherpa42485797520
13318,Go46581991834
13319,Jet32411540127
13320,Maps54028237424
13321,Navigator29852706740
13322,Wander33250482808
13323,DayTrip45087866961
13324,GoPlaces18347540953
13325,Dream47864124093
13326,Navigator52994303583
13327,Odyssey62128238828
13328,Odyssey37192175772
13329,NormTravels
13330,MarkGWest
13331,Greggles1960
13332,dellm2020
13333,912fernandoh
13334,alanwL2823QB
13335,Sumit58
13336,H1951ROCrosem
13337,shattercone
13338,Binhar
13339,soliver987
13340,Sergelabourdette
13341,X6389TVlaurap
13342,thursty64
13343,Bryanhappytraveller
13344,Huynhngoc_thien
13345,milloz
13346,191marlic
13347,osh2019
13348,Travelbubby12
13349,RicknEv
13350,catcalledmorris
13351,P9127JQbriang
13352,vialauzfon
13353,reelsweet
13354,rachgasston
13355,cjyabraham
13356,crm114_discriminator
13357,34gunnhildurg
13358,bunyansakura1
13359,deanrW5233ET
13360,Relax88410
13361,Guide798074
13362,H7978QJericc
13363,malianolan
13364,J8153ZHsuzannek
13365,859marianc
13366,K4596XLadamc
13367,575suep
13368,Mariajm_246
13369,bmcp26
13370,985liamc
13371,annewB4852OT
13372,730reneej
13373,spunta2016
13374,noithatvuonganh
13375,NgocKemm
13376,cachnhiethoaphu
13377,grahamcI5882JR
13378,459jans
13379,AnnaG498OV
13380,cliob99
13381,Passport812817
13382,808bretc
13383,509suee
13384,Rozhug
13385,nstruman
13386,titinunwang
13387,818nishanthap
13388,lovalovaa
13389,936cameronp
13390,janetmJ5242IE
13391,Elizabeth_Dickens
13392,pollyr328
13393,summerlincarol
13394,91nhutt
13395,M2502GOcraiga
13396,liamwC7576BQ
13397,PreethiC29
13398,selamrathakrishn2018
13399,1974Mitch
13400,637diepp
13401,ballyer21
13402,gannz
13403,737garrys
13404,CraigT1315
13405,L7506PKjeant
13406,paulafP8103GO
13407,jydaley
13408,waynebee
13409,Curious782396
13410,thephieffect
13411,BillR2387
13412,hazy6665
13413,486trangp
13414,tung89nt
13415,tr_mn2026
13416,Explore53176853216
13417,_nT6233OO
13418,Getaway13490815468
13419,phuonganhh2018
13420,hu0nggiangb
13421,Getaway16542860033
13422,Climber19306370548
13423,151hu_b
13424,thaol653
13425,Coastal58369373498
13426,Guide07809631167
13427,Explore68445705217
13428,h_ngn120
13429,leonardocS7049IM
13430,rosief886
13431,ourtravelandcruise
13432,davedP6377BQ
13433,397elizabethr
13434,kenleung823
13435,caseysN4772OF
13436,michellesY3096MO
13437,Q1749DAdavids
13438,TomBugden6
13439,575greteld
13440,shazzleigh
13441,Rebeccamc0412
13442,peaceofthepie
13443,lk5972019
13444,lenni_len
13445,N3313FSraymonds
13446,961annettel
13447,DylanP522
13448,tashablonde
13449,Mowplsu
13450,neverland2020
13451,580lynt
13452,Rhoda705
13453,writenancy
13454,U3709NLrobertc
13455,LisaI257
13456,ErikInasia
13457,gregmJ3978QT
13458,akshayvaidya23
13459,331janikab
13460,Tang0Brav0
13461,perditacarol
13462,970caitlinb
13463,Melb3193
13464,Dubai_567
13465,kellyfufu
13466,MaryM7678
13467,pillarsofhercules
13468,paulhN6500AB
13469,vjnmala
13470,ritchita
13471,899kimmyh
13472,initialdpw
13473,bobetteh2014
13474,G8497XYmandyr
13475,leah959
13476,mkstewart2016
13477,fancyplace2stay
13478,bjgbkhdk
13479,anniecaza2018
13480,D3291FEmarinac
13481,kenishy09
13482,bekgraetahj
13483,TK_AUT
13484,vanessahO1925RB
13485,gayleaspden
13486,HelenB284
13487,775allisonf
13488,919belindas
13489,kiwi_sees_the_world
13490,saintlyharp23
13491,varundas85
13492,764francesh
13493,kated322
13494,hollybokar
13495,Dsensing1
13496,Angelachristiano
13497,UpjOnTour
13498,adventures_of_ez
13499,Taliastravels1
13500,mattyoungVN
13501,ah_kiat
13502,ForrestersTravel
13503,justiner341
13504,K9561EGpaulg
13505,79kayleyr
13506,428garyz
13507,Bhaskar2000
13508,W8132SJjulian
13509,DSF111
13510,nette246
13511,Crustyout
13512,LLINK
13513,KiwiScorcher
13514,532fabriciom
13515,vietnam191
13516,N6659PEpaulaf
13517,sophiedaniellar
13518,302sarahkates
13519,mpodesta
13520,sarahleegalway
13521,nickpedersen76
13522,TheBarrsNZ
13523,TimD_AU
13524,177jessicaz
13525,pranashh
13526,jamiearoundtheworld
13527,01jennb
13528,N1724DVchrisw
13529,tuanyingg
13530,VAD1964
13531,S1861VGmichaelk
13532,debraaE2143YY
13533,Bubbasa19
13534,joannemT8825PV
13535,susybluenz
13536,jeb061
13537,VHorowitz
13538,philo19651030
13539,105LindaW105
13540,travlaw2012
13541,birdyfly71
13542,glee05
13543,colleenw342
13544,aussietomo
13545,lionelr105
13546,emugarza
13547,Z8489YSdavids
13548,Polkadotpanda
13549,garyl839
13550,Wadeyonhisway
13551,richardomurray
13552,philbW5214CS
13553,U9874WPchriss
13554,brookew0478
13555,Susanne1909
13556,D8371KRmatth
13557,erin464
13558,L5830TElauraa
13559,Read89
13560,Milolil
13561,RachTops
13562,ChinY248
13563,jsch426
13564,Lisa_S18
13565,kyler578
13566,AlexShan2012
13567,Gldnstrn
13568,ozvickijc
13569,kudu
13570,Gwinkleb
13571,wandersmuch
13572,duxofthepool
13573,569deirdrel
13574,lorainew389
13575,jame200
13576,97derrickw
13577,Q5351FSjohns
13578,gweir95
13579,SirTravelHereandTher
13580,PelinA171
13581,K4231RQhelene
13582,DfeCT
13583,beccas391
13584,SianDxo
13585,967stephenp
13586,clairemeharg
13587,IsaacNZ
13588,Trinigasman
13589,thesweetwanderlust
13590,315chuanl
13591,Passenger32770430973
13592,360ho_ngn
13593,DianaMohamed20
13594,wnnadhirah
13595,inaqasrina
13596,ranjeetaap
13597,svsn4190
13598,fatin_joeyroo
13599,nuraimanasa
13600,GrandTour579697
13601,Anitamin
13602,W8052PKdianab
13603,afqhm
13604,1st-4th2019
13605,Suelin009
13606,haniihariis
13607,AinShahira
13608,723zakis
13609,panic_imagine
13610,nurayumi
13611,azmilhushairi
13612,Storyteller546917
13613,NurulAtiqahJamil
13614,FiezaArifin
13615,Aidasalleh90
13616,saifKUL
13617,514wanh
13618,ainsha07
13619,yapn2017
13620,MMPilus
13621,Dirkman100
13622,Rafiqah_rasid
13623,Fikkahh
13624,Linnnnnnnnnnnnnnnnnn
13625,NadiahKitty
13626,Kekniss-89
13627,EmmaBaring
13628,Jet559931
13629,NurAishahM9
13630,farahiyahhaibatia
13631,AsmawatiH2
13632,SofeaL4
13633,YarosaT1
13634,beenisam
13635,idhamk2018
13636,571faraha
13637,609genevievev
13638,bankmar
13639,Dan_MMXIX
13640,ninasE9705XL
13641,mike3123
13642,stefanleontinj
13643,Daveylinn
13644,JulienCl
13645,darcyshe
13646,kar0lienc
13647,famklinken
13648,PeterG6596
13649,emilies674
13650,AriMaki2015
13651,KevinM3809
13652,PTWendy
13653,bronwyna877
13654,KaEdEmHe
13655,NamoNguyen
13656,kathrine1233
13657,TituR11
13658,sammyjan123
13659,mirj_z
13660,ho_ngp2017
13661,970quangn
13662,kimmyng456
13663,3004Rose
13664,Dustind1904
13665,ashleighppham
13666,trantpn155
13667,TravelwithSteve97
13668,megamind9096
13669,meritxelldeulofeu
13670,Arthur0498
13671,oscarnguyen1406
13672,alicebR142SZ
13673,callumtodd222
13674,Aj_21971
13675,Jun6Mo
13676,659valeriev
13677,Mmdpp
13678,KhiemChristchurch
13679,Tommogucci
13680,Cb400johnvt3
13681,julienguyen7
13682,Footprints663950
13683,theoprob
13684,HoangNguyen19
13685,Chichimonkee
13686,muchic2016
13687,Ananash97
13688,logan_street2201
13689,T523HRalyssah
13690,Ryanbee9
13691,ThanhXuanHCM
13692,242Sue
13693,711xuanl
13694,Hanhleelee
13695,Truongminhvn
13696,LeeGiang
13697,939laurenceb
13698,winj60
13699,annazwygart
13700,CorkHibs
13701,fletcherjv
13702,E8928BHkareng
13703,montagfortz
13704,DanielKramer
13705,jacky024
13706,GN100
13707,RumpointRani
13708,665thyp
13709,Camper720369
13710,Fearless701097
13711,renk317
13712,Climber719019
13713,doanquoctuan1996
13714,nghiemphuong
13715,BackPacker715317
13716,Stay714774
13717,lehanhgtvt
13718,JuliaSMA
13719,TheFortySomethings
13720,Traveler062018
13721,Trip710842
13722,39melt
13723,contosh1951
13724,DianeB681
13725,Coastal670747
13726,SheilaKWolf
13727,311allena
13728,20van10
13729,V9519JTchrish
13730,A6826HXcindyw
13731,Vangx1o
13732,boo98
13733,TomTam_TheTravellers
13734,kblair2016
13735,DonGBK
13736,ShirleyH9
13737,AbbeyH541
13738,Kramerstrip
13739,Wendelse
13740,knselva
13741,WhyShouldITravel
13742,Cruise55
13743,GoPlaces29727410034
13744,makylatallim
13745,NatalieRenee516
13746,tinal602
13747,691lizaee
13748,TheresaMat
13749,boitzbeachgetaway
13750,Quest560436
13751,wandal671
13752,Inspiration560938
13753,normt123
13754,AndreaRex8284
13755,Alphonsusnugent
13756,670walterk
13757,ymmij10
13758,U1104TWbobf
13759,Ontheeroadahain
13760,bonniebL2855BD
13761,Flyer229292
13762,GopiGov
13763,pedrolJ4903UZ
13764,tickletoo
13765,Quest648213
13766,619julietb
13767,68amberleys
13768,markwhitesworld
13769,kawh
13770,WorldLATraveler
13771,aviatorpepe
13772,N2131KMdebbieb
13773,J6119EPalanw
13774,martinh41
13775,Johnbsydney1157
13776,RoseD470
13777,WinnieMak
13778,travelerlindajean
13779,petervD7004ML
13780,nicolod871
13781,B9148CVedgarg
13782,828briano
13783,318matthiass
13784,578susanah
13785,MarshallW53
13786,887karrend
13787,emjayv88
13788,SoftEnginerLR
13789,670deann
13790,dereks894
13791,anasU6566GW
13792,hchang123
13793,nickeP9188RY
13794,ibbrown
13795,745kayb
13796,UrszulaR
13797,Nniihhaarr
13798,RoselyneNg
13799,anitamahal2
13800,col40h
13801,silviec2013
13802,jeannettea26
13803,clivecanada
13804,uncrei
13805,marinla2018
13806,ONeillAM
13807,924jennifero
13808,gillianmY1406JC
13809,SNelson722
13810,Dbdb1998
13811,karenkK9422BF
13812,347ruit
13813,R13CEkellyd
13814,350majellal
13815,429melh
13816,zoletil
13817,BazzaCrewe
13818,Goldbunny123
13819,Stushaz5
13820,nicolelI3660YX
13821,Jen_S0879
13822,JessoLouise
13823,Venture711180
13824,jamesI7084F
13825,janedT8109UF
13826,PWinnick47
13827,helenfW6172MO
13828,mariahQ8839KF
13829,SampaiJumpaLagi
13830,A9053FOdavidp
13831,Vacationer611293
13832,Itsmissjo
13833,E2859LYlindah
13834,110kathyc
13835,paulines882
13836,829antheap
13837,fionar738
13838,VanessaB2402
13839,peteraT5089OW
13840,Kylie438
13841,miketri722
13842,claytonwert
13843,Connector439843
13844,trungn166
13845,Bterry516
13846,916cl
13847,SLVakantie
13848,TeddyDuChamp
13849,asturch1208
13850,Javad1516
13851,S376GYlisas
13852,michalvutung
13853,329radekd
13854,radulescup2016
13855,irix70
13856,Jaaaws
13857,andy_wj_2022
13858,jdb409
13859,Maps137359
13860,J6288THdianah
13861,kerstinlein
13862,jasontaicc
13863,594kendraf
13864,Adventure25993
13865,TanyaB1656
13866,Emilievietnam
13867,Super_bree
13868,lcrogers56
13869,843miket843
13870,jerichamay
13871,dobiggs
13872,Shazza_ad
13873,pdiz05
13874,mariemeig
13875,crazykat19
13876,GlobeTrotting535976
13877,932sherrieb
13878,sarita_dssl
13879,ChrisP7838
13880,alinesX4335ME
13881,NicolaiS9
13882,Cpfive5
13883,kristinaa458
13884,Shawndany5959
13885,Jen_Overseas
13886,chrishall0720
13887,mishfish5
13888,Isabella_J1965
13889,nataliya0108
13890,575abigailk
13891,annisal2019
13892,jeynellew
13893,thava11
13894,francescavP6674AC
13895,kaylar2492019
13896,fallinasia
13897,Jenervate
13898,453quint
13899,katiebrackenridge
13900,2Veggies
13901,351sadam
13902,902sonyas
13903,ScalesPatrick1
13904,mrandrewpricep
13905,Herre91
13906,Aussiemumnzj
13907,mariafritz
13908,Rachgun
13909,CoffsHarbourTenni
13910,olsonelisej
13911,CGRV628
13912,karnold695
13913,Caseylee1190
13914,Benz_GDF
13915,296anissam
13916,anando2018
13917,bryankan2
13918,paulgreene89
13919,victorianguyen7
13920,R8748BAchrisg
13921,59travd
13922,Sherpa216711
13923,bluebabybearz
13924,FrancisKatoa_81
13925,ceciliaharoroiz
13926,sergedC9005JS
13927,Bijou7551
13928,Aylill
13929,da_franchise84
13930,Maricel1811
13931,JoshJosh13
13932,wenihle
13933,G345NPjackd
13934,685tonio
13935,Storyteller821492
13936,569yeh
13937,doriennes2018
13938,laurasS2461FI
13939,helderc547
13940,ashari13
13941,sagecolesdogan
13942,127sydneyh
13943,Nervonium
13944,2cesaref
13945,arnoldb527
13946,863meghand
13947,MinsuK122
13948,Quest805746
13949,Ongxnc
13950,J3630ZV_
13951,patrap0rnv
13952,junecako
13953,701levir
13954,arranmh
13955,michellebL6580CY
13956,EugeneL68
13957,Shojo22
13958,vimanHongKong
13959,Lananh881902
13960,Kilo2982
13961,Ngan_0603
13962,Solotrav429
13963,Aiham97
13964,THAO456
13965,Thomhhtt
13966,HUYNHTRAMdn
13967,ron11371
13968,Kieunguyen0402
13969,bevanson
13970,vidaisy
13971,likeliketravel
13972,sonmonho
13973,Safari49871386573
13974,Paradise60555661410
13975,Trip54926273800
13976,727gilbertos
13977,crystalv336
13978,olivias150
13979,cathyrY8944OA
13980,nickbR316CD
13981,mgreen8811
13982,HazzaB1997
13983,Winters-words29
13984,L6628MAdannys
13985,nickybhoof
13986,Taysay55
13987,O3963EXdeanw
13988,_U2254WU
13989,Etissamdh
13990,Q6036BSalexandraf
13991,Excursion826311
13992,347nicolaso
13993,dhireshl
13994,asashiin
13995,chadapornn2020
13996,alancatchpool
13997,elleessebe52
13998,mariebS3085ZL
13999,_S525HY
14000,cindyn62
14001,bphil
14002,jorienh597
14003,shaketk2020
14004,Quest18199412010
14005,Julia_Yu5310
14006,N9394UI_
14007,Lenna781
14008,unsayab123
14009,tomekj786
14010,alanad391
14011,Pineeedle
14012,mikemercy14
14013,Christopher330300
14014,emmkayye
14015,Jimmy9014
14016,lo_sd166
14017,828williet
14018,beatn2020
14019,Q5581ZRanag
14020,kerstinllll241
14021,Lucina16
14022,Nancypham1979
14023,Ols_Travels
14024,albertt309
14025,769aleksandraa
14026,shokom2020
14027,MSharples
14028,Rrrrrrrrr66
14029,BHILGERS888
14030,Ruthosmond
14031,Roam352429
14032,KarolinaKopton
14033,lucasgG7636
14034,N5402LTlaurag
14035,Nan18888888888888888
14036,V18NFvalenting
14037,D6252DCannap
14038,tobiasm210
14039,Ksjxjjaus
14040,marc_huysmans2
14041,Daniellepoppe80
14042,Cristianthosen
14043,Parahthosen
14044,Ali-Nakhila
14045,Easha89
14046,Jucasthoer
14047,Lineana32
14048,Joliesam
14049,kelkertimo
14050,YEmanuel
14051,delmihara
14052,697raniae
14053,arao2012
14054,CynthiaB06ie
14055,Nihonjin3
14056,easyriderOttawa
14057,577camillez
14058,973geraldr
14059,386naomif
14060,GrahamRB
14061,natka2016
14062,meungy1
14063,cleoh702
14064,maurosW876IB
14065,annukkan2020
14066,Cocoalex1
14067,Egark
14068,Manalramadan0
14069,195319811985
14070,724shawnyw
14071,BenL8444
14072,mistakenyeh
14073,Sunatkar
14074,K1571OMannas
14075,pindi25
14076,Q6426LCsophiem
14077,VaniaC11690
14078,CRChance
14079,manmeets2018
14080,Gabijener
14081,790terric
14082,Peteryuinne
14083,sasek2020
14084,KazandBobbi
14085,claireireann
14086,emmagT3297HI
14087,47miguelangelc
14088,Eric_Baiiiii
14089,DominicMarijo
14090,I3050LCcarlad
14091,215dominikad
14092,JayWeightman
14093,778tomaszo
14094,Jasminechan2589
14095,Jacobinss
14096,Layla12345689
14097,443eviej
14098,Voyager53607064710
14099,747Heavyy
14100,steffens528
14101,NZtraveller6
14102,HelenaNL11767
14103,joneda1
14104,686maryo
14105,Rita_Leach
14106,SiLeach
14107,rafagalli
14108,jmgallo93
14109,484agustinw
14110,789ignaciol
14111,chrissis2019
14112,Chiieerra
14113,Maps602439
14114,lizhackett2016
14115,parvizt2017
14116,MichaelF5735
14117,Jasonselvam1967
14118,712seshagirin
14119,annasK2079PT
14120,Maxell69
14121,donsL3450BL
14122,James26950
14123,annelX7210RM
14124,nikkoc71
14125,516camh
14126,Layka2002
14127,roberthX724LZ
14128,Karolina_93pl
14129,berithm
14130,veikkol2019
14131,AUS85USA
14132,Inspiration602590
14133,602piap
14134,valeriocZ9625EK
14135,1290haip
14136,McAdamZ
14137,jazyen27
14138,Quest255301
14139,X6183TDleet
14140,691wayneb
14141,julietteb127
14142,294devas
14143,Doddy2003
14144,Pramila1979
14145,992sitif
14146,andym6161
14147,sabel0g
14148,Adventurer787818
14149,thinlayt2020
14150,joricmagusara
14151,sweetrubyg
14152,484sixtoc
14153,jherwynne
14154,Betsylimson
14155,saiopra
14156,susanpainO
14157,TanaVancouver
14158,332gaurig
14159,Q6357NIninam
14160,Cloquero
14161,Carter20005
14162,L447USmattheww
14163,HFrost07
14164,Frododontour
14165,Sherpaa297
14166,Roam635229
14167,rapeepanf
14168,HOTSAUC3
14169,147thew
14170,Aloetrip
14171,Rakhi0806
14172,308davide
14173,kerrigleeson
14174,U9879ETannee
14175,656lann
14176,Marianakenwer
14177,arundathib2020
14178,sandrasT277SJ
14179,dharaj2020
14180,Odyssey546166
14181,followmea2020
14182,262vanitas
14183,pumeshb
14184,Tango251
14185,dinkers2020
14186,525_a_da_y
14187,vasudhas2020
14188,Heiderland
14189,539harrylans
14190,801ronyc
14191,856woski
14192,jeptc2020
14193,Annette0080
14194,181sineadr
14195,moonjogen
14196,avantikapratap
14197,satyaprakashj
14198,manask2020
14199,athanasiantavora67
14200,Googlereviewer
14201,A1336HLerickr
14202,Paivijove
14203,28490rickynice
14204,genep409
14205,nsc111
14206,Adandawert
14207,Sylviee_Re
14208,derek_sanders_k
14209,juliarD3478FT
14210,charlenea736
14211,68karhing
14212,Alexander6543
14213,Sunildub
14214,leilatv
14215,annabchico
14216,itsmemayn
14217,C8273AU_
14218,Hannafromkorea
14219,demiirishb2020
14220,yuppyoldginlord
14221,mstepien476
14222,Maggda2009
14223,65Anthony
14224,Fiko123
14225,joannasZ8669MB
14226,B5554DGangelab
14227,AndreasG01
14228,gibbasso
14229,JOSHUA2558
14230,Jobieroo
14231,georgebT2437WJ
14232,S6981DEjohnb
14233,tompT6323AM
14234,Teukka95
14235,253emyp
14236,Reissumieskaikenties
14237,Meeno4152782
14238,Anamandaee
14239,915silkew
14240,mridult2020
14241,ymkato1989
14242,shashic2020
14243,NormanDuncan1
14244,Y9919OQamandad
14245,Bushstravellin
14246,titabia
14247,tatianabM2376QZ
14248,jackdX314ED
14249,shano091268
14250,shanemuspratt13
14251,672livc
14252,PedsDDS25
14253,erikabQ3632XT
14254,Z3889RKandreag
14255,addovox
14256,MeaganLee816
14257,910barryg
14258,jackmN5924OL
14259,Worldtravelertina
14260,Oss_amita
14261,Neev123
14262,Jasmine21895
14263,DanielKK123
14264,829mustik
14265,Josefintravel
14266,Hej123123
14267,gabeelbabe
14268,bahamasbeachboy
14269,harsheenk2020
14270,Sawantsayalee00
14271,434parvatin
14272,kentarot2020
14273,sonnyg847
14274,DavidC966
14275,Neebenwn
14276,wujowie
14277,KamnilTravel
14278,643ngocn
14279,Pedlock
14280,Samuellockman
14281,Lockinator
14282,marku881
14283,luizfelipev2019
14284,anbs22
14285,alexsW647DP
14286,peke2000
14287,332luukk
14288,vinayathanr
14289,ecan2020
14290,JamesS4621
14291,StreetPhotoAdventure
14292,2020somerser
14293,mamietmajuri
14294,mirjana89
14295,639rossg
14296,828seanw
14297,NhungEmi
14298,mathildepG881OO
14299,Chelsea_travellinga
14300,2027bekim
14301,anzule
14302,ATc567
14303,honeylover1
14304,Florentina_antal
14305,MillersLauren
14306,Hkh1976
14307,sambitsen7
14308,sapoti
14309,933victoriat
14310,edinabettina
14311,Destination722227
14312,kevinrW4951VG
14313,Nottherealbruno
14314,N2186KSbrunor
14315,933maggiel
14316,142chanb
14317,OnAir722662
14318,keseen
14319,Neil_Wilson2019
14320,Didooday
14321,shaifriling
14322,980rickys
14323,robbie-south-yarra
14324,elliebuchanan
14325,robert_cwwwww
14326,149marcelas
14327,TanyaLP89
14328,andrewlF76TV
14329,sarahpF3988VW
14330,gowoop
14331,489signem
14332,kh_iminh_2019
14333,br4dmc
14334,_C8675CR
14335,W4631WQjamesm
14336,381deem
14337,johnpaulm548
14338,iuliacarmen01
14339,debbierJ3932JU
14340,522shul
14341,706erino
14342,Lyn_carson2
14343,F5139FEmarcelm
14344,Andymcgf
14345,delna67
14346,150at
14347,aamirahm2015
14348,Tanyarogozina21
14349,aiereyes
14350,oifat
14351,mohitberiwal
14352,Danmcdonnell
14353,GaryyyTheSnail
14354,U7094QPstevenb
14355,olga_R4843EA
14356,Experience605451
14357,richardgZ6791BS
14358,rachel_c_g99
14359,kubamacierewicz
14360,agusfff
14361,BryantdGr88
14362,imogens600
14363,Alexanderanger
14364,843saschaa
14365,EdGwen
14366,54sangill
14367,DrNinjaJelly
14368,chrisdupre1
14369,Milokerr90
14370,fredh892
14371,Alexalexiss
14372,933g_rardd
14373,69_andreiwe
14374,00Pip00
14375,marianaluciav2019
14376,WarrenGWill
14377,932jayf
14378,navikas
14379,gulenkovamila
14380,DanielB17067
14381,narpyarp
14382,timlK9213TP
14383,jennifernF4756FC
14384,456eriks
14385,lucjadwo
14386,georgiaswilliams
14387,Maddywilliams
14388,L1521XBkellyd
14389,aneshp
14390,493cathalb
14391,24baharf
14392,746nikhilv
14393,Stevench92
14394,Phillippaskye12345
14395,zthornhill
14396,subhapradhad
14397,narasinhar
14398,felixl468
14399,MBRichardson66
14400,curtissfn
14401,TjPm2019
14402,871marufk
14403,soizb2018
14404,Pokuni97
14405,Buiksm
14406,doctorclifford
14407,CristinaHBR
14408,victork685
14409,267bakerm
14410,716loganm
14411,josehenriquep2014
14412,918giselap
14413,Nessaanderson
14414,Heatherpaddon
14415,697jamam
14416,adambacon
14417,justwanderli
14418,Debbieandpeter
14419,samanthamorriswrites
14420,Csatayusa
14421,Christian245_Zurich
14422,545wongr
14423,irinabN9619NF
14424,vanjica2
14425,Akaywongx
14426,M00cakes
14427,aldiyarm
14428,petermT2827PE
14429,240maria240
14430,543marieclairet
14431,JacintaH
14432,981quraisha
14433,Snowballmit
14434,Pathfinder274812
14435,582melvind
14436,762ivab
14437,298nia
14438,IliaVasilev
14439,pavlova_anastasiia
14440,141hawas
14441,21lisaw
14442,Jimmey1
14443,cherry_sia
14444,898agatam
14445,813ljubas
14446,jennyconnsilva
14447,M9748KTtims
14448,stuy8lt
14449,popkovakaterina
14450,weijun260991
14451,kiviee
14452,KatharinaDieGrosse32
14453,Vivienneeeeee
14454,LucaS323
14455,deviganey
14456,141mayav
14457,DeepakGangadharan
14458,albans262
14459,oliviagB2946NO
14460,bennyk624
14461,Torbalder
14462,V_woflkort
14463,55Bettinabeauty
14464,Christinaantoine
14465,snakechia75
14466,DarylB983
14467,AhmedEssam694
14468,amritpalv2018
14469,Trail398394
14470,erikabufv
14471,Detters
14472,IlanMeerovich2
14473,julpitts
14474,GerhardCROUS
14475,mmlssa28
14476,L4557JKamandam
14477,juliakF8684GF
14478,ThomasK5260
14479,M_ucl14
14480,Jet1306099925
14481,Gannagsgvs
14482,monicacW1742QC
14483,Richie974
14484,TravelsinJest
14485,Rachid-MORSLI
14486,Dezzdogg
14487,HDK1410
14488,Kshah1004
14489,P4341KYpamelac
14490,496datt
14491,hoangpeterd
14492,daniellet115
14493,I4625WTchrisb
14494,YvettekeW
14495,cynthiachiuky
14496,jwym1024
14497,karinas804
14498,7moniquek
14499,scottmE5252ND
14500,baribm
14501,Arun123456789012
14502,kimmariet2017
14503,Sydneyviva
14504,Therealskywalker29
14505,SMo2509
14506,alexch3n
14507,734sachink
14508,V4612JQtinac
14509,RaneeSingh
14510,Gcsirens
14511,GoPlaces485699
14512,OzG
14513,Canicopolis
14514,stevebZ2610BZ
14515,lamyeb
14516,teazeal
14517,yanitsad2018
14518,mohdzulhaini
14519,norad420
14520,norazzaha
14521,torczynskamonika
14522,kinneraimmaneni
14523,Trevorgerry
14524,LorenLF9
14525,573angeliah
14526,cc629
14527,AandGTaylor
14528,tahiran2019
14529,daffyviolet
14530,NM-Ruben
14531,annayQ4155NF
14532,lesleyjrichardson
14533,313haroldc
14534,aaroncze
14535,Larissa2508
14536,Teo-Malaysia
14537,anj_b12
14538,W2256IRtims
14539,Hazelbdelavega
14540,LamJ38
14541,D8649KC_
14542,StaceyKip11
14543,667ausrak
14544,mmmarjo
14545,Arkanemesis
14546,Solotravel5
14547,Wildman20196545
14548,O1671OCemilyc
14549,Muzzyhbous
14550,SmugJustice
14551,Cosmopolitan615724
14552,SwampTiger6
14553,bethwX1451IU
14554,486stefanieh
14555,874russellw
14556,OanhNguyen64
14557,Soadmans
14558,DanP1430
14559,Phil_Eh
14560,Jammdental
14561,C6990UWtomw
14562,Ugalde123
14563,Ailadazz
14564,michelehN7942CP
14565,ASK07Shill
14566,VictorEscobedo
14567,SunitaPeleshok
14568,TinTinSu
14569,Sarah_and_David_2018
14570,hazreena2017
14571,nnoomi
14572,924antoniaw
14573,Extraordinary781780
14574,Jupitero
14575,poolmaso
14576,212chloet
14577,346mathildep
14578,P7037SYadamt
14579,640Debby
14580,DavidC20215
14581,SeanT685
14582,larsbB7719QP
14583,joehD4275FP
14584,mcarney03
14585,katherinem3434
14586,taliani88
14587,MrFox93
14588,tobiasjunk
14589,MM_Lux91
14590,lemaidukele
14591,Traveler829570
14592,K3618PIanam
14593,835maxmax
14594,Ioanaralucarusu
14595,Touss91
14596,Phi11ip
14597,darrenwN7557GV
14598,mattgA7543SD
14599,dranson44
14600,nanoz342
14601,Tanmc_1
14602,yawh2019
14603,RubyP322
14604,sanseglobaltour
14605,nogovitsyndhk
14606,thomasrG5820KG
14607,Helen05245
14608,juuys
14609,12cecilian
14610,MDGarcia10
14611,annanoula
14612,Stunsm
14613,agirlwanderingaround
14614,Suvakumar26
14615,soniasU5587VU
14616,ailisho159
14617,J642MVaaronc
14618,287robynh
14619,junc485
14620,551b_a_ejs
14621,amarp456
14622,432lavanyac
14623,Jackgravy01
14624,LauraH3131
14625,katspyro
14626,CT1210
14627,marialuisaa466
14628,anitareischel
14629,chochip
14630,X9262BNcristiana
14631,Danialdunater
14632,joacoaldunatee
14633,camialdunatee
14634,torahs
14635,JessicaSFl
14636,Z777TFamandaf
14637,praytheman
14638,910hanag
14639,T740ZLstevel
14640,W3113HChannahg
14641,zaitunhassanb
14642,michaelmM5524WG
14643,halis67
14644,130robync
14645,Bredads
14646,wonnyl2019
14647,236ritan
14648,_W2882FI
14649,Vacation468025
14650,zoharp143
14651,Martablondie
14652,helenelisabethe
14653,singapurah
14654,nickwerahiko
14655,dianamS8211NP
14656,ncantra
14657,cnewbre
14658,491susane
14659,andreavfitzgerald
14660,895iuliaa
14661,jesudesu
14662,Culture45533927740
14663,650sarahv
14664,1jeanh
14665,kenjinegi65
14666,N7420QFbryanh
14667,ukswild
14668,123Abeselom
14669,noswad_e
14670,Boubidouwap
14671,801evalds
14672,karenoI1440FZ
14673,FLASH88
14674,Greavee
14675,oren1313
14676,Sucharitamaan
14677,Adocherty19
14678,sharonhendriks
14679,534tetsuyah
14680,NickJ1807
14681,jess_m_wong
14682,ChloeW1392
14683,Terisss28
14684,740prueh
14685,arjun1991
14686,amywD9352OM
14687,beladamvi1996
14688,DrPollwaffle
14689,Ageliakalive
14690,97Julianna
14691,714jessf
14692,cocothemonkey2000
14693,mvacu4
14694,G2702OTbrunoa
14695,CRR03
14696,mayankk1992
14697,Stephensonmediot
14698,michaelcG1909YQ
14699,douga859
14700,Francesca85255
14701,23amaw
14702,IrinaStewardess
14703,Wooching
14704,Marianakuchue
14705,Mariajosely44
14706,bmalar87
14707,KenDeep
14708,Stevephane
14709,Navigator822849
14710,Adamanskii
14711,thomasell
14712,zoherg2019
14713,Sahimachover
14714,Sharimach
14715,Leoeddie96
14716,reikaa2016
14717,alisakunz1
14718,michelledK9498FS
14719,johnmichael78
14720,5miac
14721,14tysonc
14722,42brandyc
14723,x8951RSlouises
14724,russellr588
14725,yveyanxi
14726,Nareshhaggy
14727,Elangfitt
14728,Miguel_Pucela2017
14729,641anl
14730,Neethilab
14731,250karld
14732,michelleoZ7117TC
14733,SydneyBill3009
14734,852fieb
14735,mrnate8
14736,Mustbemickb
14737,L6057QLlaurah
14738,Bejam90
14739,101debin
14740,Clairequinny
14741,Y4221GFthomask
14742,Annakheller
14743,Pascalkheller
14744,B7007RQmelissaw
14745,teddy6250
14746,gagataw
14747,LAANNNA8
14748,I6154QBsabinew
14749,Lindysmath
14750,Sarah45890
14751,EmelyNorthern
14752,Matthewbroke
14753,Taliamout
14754,Karen_kltsang
14755,dylanb2019
14756,noreenc281
14757,NoorK114
14758,paulhU1714YJ
14759,aellas2019
14760,512denislavd
14761,Jeka1986NS
14762,Lorenalorena167
14763,LarissaBosman
14764,974karenv
14765,HillaryPaultravels
14766,nhonp2018
14767,Silimeeh
14768,VeeNZ18
14769,rhyd78
14770,SabiHarridan
14771,Sevil_SA14
14772,rahulgQ8407OJ
14773,maryl925f
14774,KDTowse
14775,dasharomanovaaa
14776,aleksandras459
14777,tonytB6524QY
14778,krlwong
14779,DayTrip742076
14780,pedrocolbachini
14781,879wenjiel
14782,Warrenneithern
14783,jonathonw475
14784,ricardoc777
14785,Darandeshally09
14786,D1674SHgarym
14787,adri_nr680
14788,charlottepR6708WO
14789,Katekathelin
14790,B6197UMmelissat
14791,Tommymelbour
14792,Ros998877
14793,MT486
14794,Jasquelinetraveller
14795,travelix86
14796,Christianamelbourn
14797,Leeyin56789
14798,Rinitamain
14799,5Stephii
14800,Rammatamin
14801,Sidmaramta
14802,Anchorsandaeroplanes
14803,Melissajv15
14804,Savvytraast
14805,Leonh1806
14806,Aussiekitstar
14807,WalA228
14808,Vinaverlin71
14809,Kateaverlin
14810,Talia1991
14811,SofiaYanezR
14812,360ants
14813,Maybell5
14814,Kazzy1129
14815,01mq
14816,rhwlc
14817,hannahgT7353GL
14818,Kirst10godfrey
14819,camillagu
14820,stephaniehind
14821,oburnett
14822,Skuser1
14823,Mindy3390
14824,Blakemarshall
14825,LGREAVES
14826,FrancineZ536
14827,jonathancH724MC
14828,Exploration251170
14829,609rubanr
14830,Sil789
14831,sureshreddyobili
14832,Nuggetisblack
14833,Fatty099
14834,F217FZronaldp
14835,Lkire
14836,Climber25560580805
14837,Jojophilipine
14838,claramckeown66
14839,usag123
14840,Abhiamin
14841,karolkQ3881TG
14842,pawe_kQ6619DA
14843,jen20734
14844,870headt
14845,94jaspern
14846,louiseburgess4
14847,Mobile232017
14848,279harrieto
14849,AndreavonZadow
14850,saiveea
14851,debmickarcher
14852,kyianaw
14853,Gearosin81
14854,pkash3
14855,mariatc025
14856,UdayDD
14857,Uninspiredusername
14858,diegorQ8992BF
14859,CraigT2088
14860,U1997VEmanuelab
14861,GOPI_MUTHUKALAI
14862,JanBlokland
14863,578stellar
14864,Hee690
14865,Sarahao8
14866,Chrisone11
14867,michelinadviser1
14868,JuttaStraub
14869,SohanAjgaonkar
14870,GrandTour471897
14871,Trip520677
14872,545andreasa
14873,boyanav2019
14874,pepijnkuyper
14875,joeshlfchdh
14876,ingeborgh667
14877,MichQ22
14878,filippoooooooo
14879,kjellwinkens
14880,Helennacy
14881,SharaBec
14882,anaclement123
14883,gprior4
14884,Francisatsn
14885,LucyAthony
14886,Rebeccajohnsont
14887,tomtomnor
14888,claupach
14889,ugursusler
14890,ScottD2636
14891,anettemariew
14892,MakankshiA
14893,eraitala
14894,351jonb
14895,AbeP79
14896,B8700SZpaulc
14897,SuellenPP
14898,judithr597
14899,Hannahbrad25
14900,Craig3006
14901,callumhw
14902,mariechristined403
14903,martyworld
14904,Karen981004
14905,X9434DJkathys
14906,ho_ngl894
14907,226tracey
14908,freyaleh
14909,simary23
14910,DmitryC83
14911,MarlaX88
14912,leae808
14913,356job
14914,Y7747PNseanl
14915,Trish3003
14916,sudhieshg
14917,Mjk63
14918,978kymr
14919,christinal702
14920,flakog2017
14921,EmsC_78
14922,Fayev333
14923,Ronnygth
14924,begumaslia
14925,kyelieb
14926,Snow2804
14927,MargMSmith
14928,pinoy1969
14929,P4101XErichardh
14930,jiliand2014
14931,SnoopyTown2018
14932,nuttypower
14933,valsone
14934,K8587JEsharons
14935,rajnnil
14936,peterlL9733GF
14937,dumdidum711
14938,753oliverw
14939,avitaj2017
14940,P812JIgregr
14941,BackPacker816234
14942,Maneesh12345
14943,MatthewfromSF
14944,lonl144
14945,anitaw709
14946,ngocn912
14947,ronnyn206
14948,N5109ATmatthewa
14949,kartikg968
14950,Guide781418
14951,847candiceg
14952,Oisinofaolain
14953,Seaside443117
14954,156jessicah
14955,InvisibleWitness
14956,jhueyoung
14957,GoPlaces557027
14958,Claraizb
14959,HAD252
14960,Juansis
14961,20fabriziob
14962,NoahA183
14963,gilly402017
14964,martinkW7128ND
14965,K7384RZjoanm
14966,ph_ng_2016
14967,shawnw118
14968,MichelleV956
14969,kellynguyen0512
14970,Seaside766236
14971,mdar697
14972,zravez
14973,HoangDanhgv
14974,kevinmK5472PH
14975,patajames
14976,FrancoisrRouen
14977,tavelchef2019
14978,_nhn992
14979,Resort53531446957
14980,tuyenn866
14981,Dream12211495967
14982,Navigator38333563406
14983,76trucp
14984,Wanderer01787569453
14985,Sherpa66744845992
14986,NorthStar55876182427
14987,Navigator58073508516
14988,Passenger22339626077
14989,Inspire15078520425
14990,Navigator33594910357
14991,Stay59104001134
14992,Climber58806705482
14993,219binhn
14994,Curiosity12423997434
14995,Go09486037736
14996,Venture66986612014
14997,th_di_mtrinhh2025
14998,Scenic68235221058
14999,Mobile18482949992
15000,Maps58153049763
15001,GrandTour39894741662
15002,h_ngnal2025
15003,Sightsee23706084498
15004,Maps65347476041
15005,v_tr_ntr_ngd2025
15006,Explorer24198044205
15007,GoPlaces50271513036
15008,Quest46731004808
15009,Explore14633023358
15010,Freedom00441634738
15011,Getaway48768829258
15012,Inspire36319339865
15013,Vacation27647853676
15014,Global13411403969
15015,775d_ngn
15016,Sightsee50902068917
15017,Fearless25606245928
15018,836ph_ct
15019,thimotn2025
15020,Daydream06241292911
15021,trangp866
15022,Trip34742483761
15023,974d_ngv
15024,Tour61020539367
15025,luyent2025
15026,c_ngn538
15027,Connector66678332288
15028,oanhl651
15029,117duy_np
15030,686kietl
15031,Traveler61436292059
15032,Roam31355672955
15033,Roam14447124684
15034,Flyer58460103295
15035,Dream64393223138
15036,th_on164
15037,Trip48605086684
15038,Escape29572550439
15039,Excursion62501874408
15040,quangn719
15041,31tuy_nn
15042,th_nhs_np2023
15043,th_tn2024
15044,Explorer07502079832
15045,khangn716
15046,t_xu_nv2024
15047,sunnydO4167SP
15048,229trangl
15049,h_n_T4456HX
15050,Hamy123a
15051,Wander54609958279
15052,thihienv2024
15053,vtv2024
15054,NCAO
15055,SusanNguyenThuThuy
15056,Curious382273
15057,nextview
15058,billcook2
15059,radupatu
15060,231selinan
15061,Kikadentist
15062,SandyS4156
15063,sue_donim_88
15064,kuu-kanko
15065,M1593FWannab
15066,Justaddideas
15067,HeidiC1659
15068,lyndaann1975
15069,Surenchawla
15070,Phuongdonguyen
15071,sydneysider9992018
15072,T9646GAsueg
15073,mikeyr_syd
15074,Hosky64
15075,nadinel867
15076,Yupin2107
15077,sallysallysally789
15078,JevonLeong
15079,Camper683619
15080,177margd
15081,Astrogirlz
15082,TAAMelbourne
15083,SaigonWolf
15084,thaohoang190983
15085,th_oh943
15086,Colleenpenn
15087,BobSt_Helens_Lancs
15088,suek494
15089,sarahsY3513CB
15090,312phant
15091,104beccampbell
15092,RobertS270
15093,845lizh
15094,paddieo878
15095,Barbjanec
15096,TowerPark
15097,burygirlkeeper
15098,couple235
15099,PERRYMERLIN
15100,JoRymill
15101,frankl211
15102,Jack022016
15103,Steve186402
15104,liamh109
15105,FellowTraveler600690
15106,554b_p
15107,VinceCadoret
15108,922victorr
15109,kkhabich
15110,susanmary6
15111,colettefellows
15112,Car0lyneS
15113,jillbadolato
15114,CWW190763
15115,Anthesy
15116,504justinm
15117,GlobeTrotting826253
15118,cameronc139
15119,RossD223
15120,gone_south2013
15121,LIKE_IT_IS666
15122,wentfamily
15123,rickalexwestoby
15124,kezzan2019
15125,ciaranlyng
15126,Robynroses
15127,V6195WZannaw
15128,AndreaO661
15129,calste7
15130,Silvertab
15131,atvdb
15132,Bumble2012
15133,GiorgioSubiotto
15134,FoodieMyWholeLife
15135,Carneiro_Carolina
15136,margwillc
15137,DevonBlueboy
15138,linoceccon
15139,nanQ4681JC
15140,kathleens67
15141,happytouristmum
15142,LaPaj
15143,MarionB2553
15144,rmeliker
15145,andrewpO8371HI
15146,MarkT233
15147,TinaLLea
15148,Eims88
15149,H9237HWsimonm
15150,maumere
15151,LESLEYANN52
15152,Cookholiday
15153,craigw500
15154,vest_chris
15155,KirstyEkua
15156,warnsie1
15157,116deborahb
15158,cindy_morel
15159,annettel632
15160,Snoqualamie
15161,Heoxinh95
15162,petercL9045IF
15163,rocco11221
15164,RogerB227
15165,rdudhia211
15166,aliciar833
15167,427didiert
15168,buzzfamilyuk
15169,A5747VBsteveb
15170,Pam186525
15171,Travel-planner-mum
15172,NickyM680
15173,SheilyS
15174,Anita016
15175,MarcusHurley
15176,TravellingTrio03
15177,448mt
15178,Alastair_8
15179,carlag198
15180,holidayfairy_8
15181,RugBugs
15182,Tourist41874935157
15183,Coastal26369408970
15184,Tourist58500168153
15185,164thithim
15186,Paradise32183751950
15187,Pioneer30508673873
15188,Seaside14542394864
15189,dinhphucv
15190,Freedom05787673643
15191,Nomad06930690745
15192,Discover28409678697
15193,Journey55447491931
15194,Vacation55765971995
15195,Culture45192471338
15196,Coastal03013408026
15197,Adventure13283233702
15198,Pioneer35743037342
15199,259huyn
15200,ho_ilinhl2026
15201,Road13923855437
15202,Explorer48472078517
15203,Escape66548901813
15204,Curious24135126186
15205,796trieul
15206,Culture49254439529
15207,238lyb
15208,Curious34409697665
15209,Trail07135469088
15210,Camper41875604681
15211,Quest09982232407
15212,Global45402611028
15213,Navigator08705278365
15214,Culture29604136685
15215,Cruiser08898595827
15216,Sunshine33114499747
15217,AlbertNguyen2020
15218,Sherpa36375921206
15219,phuongp924
15220,b_opX4896GH
15221,Discover67023997181
15222,481ecol
15223,559d_uh
15224,OnAir42629508737
15225,F1693GTl_t
15226,605trangh
15227,Roam22066017974
15228,Voyager31527998353
15229,Trail56186701384
15230,Tourist60091562600
15231,152hoan
15232,Climber18276098946
15233,JackieTong1984
15234,Tourist56152110863
15235,Go23036923439
15236,319len
15237,Getaway23642231575
15238,230khoat
15239,Dreamer40274317079
15240,Go48341081031
15241,Sightseer40439128185
15242,Daydream50009809707
15243,Fearless26449024445
15244,joliep59
15245,Passport00776385246
15246,Mobile05855086110
15247,Hongvan10111995
15248,TinPTT
15249,QuangHung1
15250,Trail828170
15251,minhtuan97t1
15252,davidsE167QA
15253,Voyager31166359498
15254,h_uduyp2024
15255,658ph_md
15256,B5762IJkeithc
15257,A2759OUmarkg
15258,DavidInFlorida_12
15259,N9730MLjamesm
15260,869nhih
15261,Nam3570
15262,N2TNguyenThuan
15263,Jet30283815940
15264,AnTranSWB
15265,TranN280
15266,KEliza
15267,GobaloT1
15268,regm889
15269,phuong0409
15270,veekaybe
15271,MikeB311
15272,kathrynrM7123SO
15273,axelo525
15274,sonjam758
15275,goldcoast2704
15276,ClintT890
15277,554petrac
15278,LarryL764
15279,wanderlust_cat
15280,njcatt
15281,jjshpln
15282,cdwils74
15283,ml248
15284,bj373
15285,ruaryx
15286,Sabina1567
15287,123J0H
15288,Jodylee71
15289,jeffles92
15290,reneesX6854BN
15291,121kirrab
15292,susaneQ8272YX
15293,emeraldisle1
15294,sambaker2
15295,Jeff86-LDN
15296,Fifilabear
15297,marklingj
15298,Rhileelong
15299,Mada949
15300,MelBinet
15301,948eliaz
15302,Sylviboer
15303,U2323PTcharlieh
15304,ATamps
15305,KiwiOakley
15306,rowdyfox
15307,jmtgm
15308,Goingforwardx4
15309,mkf49
15310,francisrK6668UR
15311,ajayb05
15312,Nata1105
15313,2323miranda
15314,BrittanyAllan11
15315,335damienw
15316,MarcBaschetti
15317,mind267
15318,DrBeach77
15319,R4943LVjessicat
15320,Ahuhdee
15321,chloes454
15322,jwsa2018
15323,690carlyk
15324,JosephAttard
15325,esk70
15326,janenz774
15327,kevinwA7104DU
15328,746carlys
15329,Aloha144
15330,469kathrynl
15331,kevinmY5502QF
15332,mmyers3395
15333,538KarenL
15334,showpeiho
15335,Chicken008
15336,vaw300
15337,horoeka4
15338,stefanwillems
15339,A3798EFcarolynb
15340,whysuey
15341,paigelrichmond
15342,669DebbieB
15343,naullsytown
15344,mandywZ8807CT
15345,J4470QAjoshm
15346,KF_traveller
15347,katetjhomas
15348,KayJorgensen2506
15349,hayleys477
15350,LauraL0484
15351,C5313JNjann
15352,R5147XJchristines
15353,Avarando
15354,pablogleeson
15355,jow159
15356,peterbJ5921ZP
15357,vincentl502
15358,T5520DTkarenp
15359,jasonallenevers
15360,R9915QBbarbaras
15361,Lindacth
15362,robinski8699
15363,H4204SCsamc
15364,653hongt
15365,Compass34181618727
15366,Navigate53079553745
15367,Climber18856218291
15368,Explore32134043028
15369,FarAway10181235170
15370,Connector27716177290
15371,FarAway54972744108
15372,Tourist47772425292
15373,DayTrip42972358607
15374,GoPlaces59235232124
15375,Wander35416840058
15376,Meander34724647023
15377,Meander66590872686
15378,Explorer54536038694
15379,Pioneer38385982599
15380,Wanderer50718520385
15381,Inspire16251352627
15382,OnAir58146904960
15383,Trek61316048685
15384,Vacation39698605169
15385,411nhin
15386,Wanderer32472448281
15387,Coastal05333023995
15388,nguy_nth_a2026
15389,Explorer44372908514
15390,Scenic45679481664
15391,Connector60891818731
15392,Trail33095113096
15393,Climber32724635335
15394,450len
15395,Relax10899884774
15396,Wanderer25492370599
15397,Quest41824475555
15398,Compass22817906905
15399,Traveler29447125599
15400,AnhThunie
15401,Discover18178032263
15402,thuynZ2210JW
15403,Passport19907556734
15404,_cth_nhb2026
15405,Climber16926355369
15406,Trail18659324038
15407,Trip67332819496
15408,Maps65913082049
15409,Discover60997228892
15410,t_lE6394RQ
15411,k_duy_nt2026
15412,Scenic08392153322
15413,214ph_ngv
15414,Seaside43497102103
15415,Meander06267746308
15416,Coastal62946823528
15417,663namp
15418,Daydream13444702030
15419,ph_ngth_ol108
15420,FarAway66193900277
15421,Scenic54083884532
15422,nguy_nh663
15423,Trek23474909795
15424,h0_ngti_nl
15425,DayTrip34953616969
15426,Departure24681613468
15427,Roam40644004737
15428,Wander65527549610
15429,Passport34789079001
15430,Nomad32262111728
15431,Fearless23690043960
15432,Sightseer09116853600
15433,Dreamer37595813334
15434,Tourist32865252968
15435,Y3760TMann
15436,uyend781
15437,Global17978893668
15438,Departure09707911200
15439,Explore66179449690
15440,Fearless11819825415
15441,91th_nhn
15442,Culture38865618858
15443,Happiness33269097274
15444,Wanderer60505562285
15445,Tour02428390688
15446,Trail56614306512
15447,Tourist54425539246
15448,ho_ngdungn2026
15449,NorthStar27826729556
15450,Explore64854105612
15451,Global35263737523
15452,suongt899
15453,GrandTour16438475991
15454,Tourist33347656635
15455,longnS7666YB
15456,Sherpa48063913431
15457,Wander39340721322
15458,Passport32981464508
15459,Freedom14354824602
15460,DayTrip60776676988
15461,Sightsee18304966931
15462,49ph_ngt
15463,Tourist53776204135
15464,Navigator21923388303
15465,Culture58704134642
15466,Adventure38766102689
15467,Trail13747998659
15468,Safari51598482187
15469,Pioneer08647491861
15470,W5336WMl_t
15471,Scenic43894948530
15472,Companion64045340335
15473,Roving64624611663
15474,Jet64249850165
15475,Travel53586767320
15476,Compass12080686233
15477,giangl808
15478,265thanhtrucn
15479,Culture40500532349
15480,Daydream28698347153
15481,Passport08009700103
15482,Go43130145584
15483,Explorer42717060606
15484,Traveler35902058557
15485,Roving16658642963
15486,junn518
15487,Companion45881240386
15488,Trail35207947938
15489,Mobile29390520940
15490,Go44742865132
15491,Daydream41036852532
15492,Passenger17442045722
15493,475tr_c
15494,Adventure16260394771
15495,Dreamer56170709280
15496,Wanderer07394999301
15497,Navigator06141248128
15498,Road44373373175
15499,Connector48301921786
15500,Excursion01226942717
15501,Voyage50422376271
15502,684y_nh
15503,qu_nhnhil2026
15504,Sunshine28280462501
15505,Wander45350046328
15506,NorthStar35332555215
15507,Paradise37737729071
15508,Maps57631571323
15509,Camper33655598339
15510,Global27733762992
15511,Safari33571346242
15512,Road50693972626
15513,Roving50657902292
15514,karahG4163NH
15515,Explorer45981080291
15516,718william86
15517,933hi_pt
15518,Jet24127853125
15519,Cruiser09033103675
15520,704hi_nh
15521,Getaway04429991059
15522,Roving32273139906
15523,FarAway52733678553
15524,th_yng_nn
15525,minhtu_nt2026
15526,831ngoch
15527,GoPlaces47323852321
15528,Curiosity07946487487
15529,354vyl
15530,ng_ch_nn2026
15531,Traveler01403204754
15532,karry1909
15533,341kieth
15534,Sherpa58201740837
15535,Passenger68647962630
15536,Scenic59064307339
15537,172phuch
15538,Discover40877188648
15539,868h_ngl
15540,Trail44850674343
15541,ch_b_nhv2026
15542,397h_ngng_ct
15543,Wanderer46617913693
15544,Sightseer68204013853
15545,Global06185369861
15546,FarAway68116094926
15547,Wanderer31015443431
15548,Jet27593255989
15549,905nhungl
15550,Dream62887175025
15551,Flyer07695641898
15552,minhdul
15553,Trek43046371925
15554,32thu_linhl
15555,duyqu_nhp2026
15556,Maps21017763651
15557,Adventure62364839338
15558,Getaway52623043514
15559,Maps12735086257
15560,Daydream34876549780
15561,FarAway31366770693
15562,Traveler63518277907
15563,Daydream01079054772
15564,Coastal41230296741
15565,FarAway32466294362
15566,kh_nhvyt2026
15567,Inspire44935621141
15568,Escape28749803669
15569,OnAir36205363611
15570,DayTrip48183901708
15571,Sunshine19415313932
15572,846tu_np
15573,Companion58247860258
15574,447huyt
15575,Nomad53515320249
15576,Culture48971562643
15577,Wanderer58803914722
15578,Quest23926458855
15579,Happiness20771288245
15580,Escape10320007965
15581,trungt673
15582,nhin326
15583,Culture02738277351
15584,Resort30020056045
15585,Vacation62875720232
15586,FarAway31747420619
15587,Global49891656647
15588,91th_oh
15589,Camper41033031906
15590,Navigator36104175447
15591,Excursion59621428468
15592,Inspire60696557474
15593,NorthStar43789649675
15594,176t_nn
15595,Trail65405547470
15596,Global09660416368
15597,456tienn
15598,F5443CGth_
15599,879th_nhd
15600,Companion35793195162
15601,650thutrangn
15602,Curious53817427088
15603,Companion53155942223
15604,th_on188
15605,phant581
15606,493led
15607,Sherpa20095377956
15608,l_i_677
15609,166ph_ngp
15610,Inspire64833901201
15611,Passenger31160809441
15612,Fearless33346330251
15613,Freedom59671737876
15614,GrandTour33927550996
15615,Passenger19368625940
15616,Voyage13433058272
15617,H7479MRv_t
15618,Jet09720493161
15619,Sightsee07901624961
15620,thinht2026
15621,Dreamer68122647318
15622,Safari10820463142
15623,400d_ng_
15624,Roving04974744176
15625,ttrucn
15626,Roving17362771446
15627,Journey57750439341
15628,704huyt
15629,151tr_nq
15630,Trip47534843627
15631,Trip09998053481
15632,Seaside67971686491
15633,nhih103
15634,Quest43684646477
15635,Departure58139360465
15636,Roam30684400137
15637,Meander46524381211
15638,970phamc
15639,74ngocp
15640,Excursion673448
15641,Excursion51831266563
15642,vuongt142
15643,Guide27170233362
15644,85tuanp
15645,436lann
15646,Happiness06994414057
15647,nguy_nh368
15648,khahoang2310
15649,NorthStar64598605904
15650,Relax52833940190
15651,thanhthaol2026
15652,Sherpa10461196016
15653,907thu_nm
15654,Stay60211923010
15655,Odyssey11291865468
15656,Freedom61404965372
15657,410xu_nt
15658,Sightsee52071141032
15659,Sunshine51494165647
15660,Camper16373293911
15661,Sherpa52049798544
15662,Climber27435756296
15663,Discover26233860388
15664,Curious05768576368
15665,Guide66983932139
15666,HangThai
15667,Dream62576084326
15668,Nomad35337053841
15669,Quest17419240303
15670,Tourist35483885467
15671,giangn642
15672,Compass17775148843
15673,vynC7788OQ
15674,h_tF775FQ
15675,Companion03408969114
15676,Tour61751394335
15677,Go51290613488
15678,Global47699651828
15679,minhnZ5868ZC
15680,Adventure40802733775
15681,972ho_ngl
15682,Excursion43131272000
15683,Happiness21519350755
15684,Traveler30151122032
15685,Travel29502844236
15686,Camper46615934558
15687,ph_ngn250
15688,Meander28626506358
15689,Dream38236360756
15690,Sightseer36749728247
15691,Mobile58493659575
15692,Dreamer51808494235
15693,Odyssey62887101305
15694,Resort37961369714
15695,GrandTour42309752540
15696,Trail12967477006
15697,OnAir63959316908
15698,Connector02903141013
15699,Venture04696694075
15700,Sherpa11475315833
15701,vyn437
15702,Compass26688842891
15703,Departure28177886632
15704,Scenic07329088018
15705,W5047KItrangn
15706,Global21980246421
15707,GoPlaces17171239590
15708,Sightseer39206252409
15709,Excursion51202585202
15710,Seaside20698984862
15711,Sightseer67605786427
15712,Freedom41768450012
15713,Explorer15567953683
15714,Road30144100352
15715,Sunshine40018972149
15716,Curious61494173394
15717,Z7851BOlyn
15718,h_nP5924QA
15719,Culture41794966289
15720,565ho_ngm
15721,Tour10706842693
15722,Resort03118740300
15723,Curious50134456882
15724,Compass36367541913
15725,Wanderer44649496192
15726,ho_nganhn2026
15727,t_mt2026
15728,224nh_n
15729,huy_ntr_ml2026
15730,Venture43345199991
15731,Navigator49008374026
15732,Daydream17814495520
15733,Coastal65177200274
15734,971trinhp
15735,Mobile52011815937
15736,Paradise00872681367
15737,Vacation05791129396
15738,Explore47490910390
15739,Passenger66352939606
15740,ngoquangt2026
15741,Sherpa60737773692
15742,Passport02043958735
15743,OnAir16715736566
15744,diemn2026
15745,431b_ngt
15746,Culture64083637764
15747,anhdungn2026
15748,GrandTour48834569887
15749,Maps61525039422
15750,Vacation54904645516
15751,xuanbienn2026
15752,h_ub998
15753,quynhy2026
15754,Navigate23874147221
15755,Voyage13313136738
15756,Relax66857702154
15757,Passport41830919963
15758,Happiness00531912257
15759,Curiosity49215356148
15760,Fearless27455418118
15761,Trail04804396070
15762,Guide50874768426
15763,Navigate49208437606
15764,thaov211
15765,Meander60036735363
15766,Departure64049774446
15767,326phaml
15768,Maps23302490239
15769,Global13512945154
15770,khuongh688
15771,Safari32594346879
15772,Curious38034706824
15773,Climber16021808421
15774,Go04492608492
15775,771peb
15776,FarAway49173737082
15777,Happiness39544089680
15778,Seaside61063200034
15779,Cruiser68717710521
15780,ngat913
15781,Trek49531351522
15782,176buih
15783,Sherpa35594183724
15784,Sightsee49860209538
15785,Cruiser14691899585
15786,Inspire09308710135
15787,444m_nhl
15788,Meander28318666955
15789,Road11788605878
15790,606trangv
15791,Adventure16637662134
15792,Camper44224437092
15793,Travel46226691839
15794,Traveler20484878198
15795,Jisle2573
15796,Fearless48993589567
15797,Camper43882406052
15798,phamt2013
15799,cindiecom
15800,bivensangie0
15801,AndrewD1179
15802,bryantX7124BI
15803,ericcX9534JA
15804,459elvinl
15805,ray55Perth_Australia
15806,953gcm
15807,sharond248
15808,ruthdM2974MF
15809,wendylV3665PO
15810,sathishvaratharaj
15811,flicck
15812,boopathyb98
15813,hwvandendoel
15814,spsteen01
15815,ethanb668
15816,Dorianebp
15817,familyfunNewZealand
15818,Murray222
15819,MadelaineM49
15820,Curiosity738226
15821,stearnep
15822,Hanahtt
15823,bronnietrips
15824,ITRT
15825,dutchopa
15826,MRVAust
15827,lynlitvack
15828,BlackJack2001
15829,lindahC7817XV
15830,martinfC3331UT
15831,Brenda010
15832,hellohello987
15833,glenluscombe
15834,472hi
15835,MimiYorkshire
15836,kcole7
15837,deborahw79
15838,allisonhooper59
15839,JypsiJ
15840,samuelm946
15841,Stclut
15842,TrishB578
15843,Vroomster123
15844,U3673PHtomb
15845,686troyb
15846,ditte2019
15847,W8760CHjohna
15848,Curiosity53239715973
15849,nsimpson1842
15850,Travel517955
15851,rebec47
15852,26Jct
15853,Navigator68578052498
15854,grhobbs
15855,michaelcarden
15856,AnnaPe2018
15857,am_lieg33
15858,ameliegaime
15859,annazusS
15860,816shanez
15861,Travelguru1812
15862,racheleshaw88
15863,Dreamer04041885007
15864,327chezl
15865,lwmcnab
15866,JohnH12473
15867,ewaldd2018
15868,mullv2017
15869,516minhthaih
15870,Happiness594375
15871,LesleyJaneW
15872,E9112APjeremyw
15873,danieltrantours
15874,christopheraI2548AK
15875,LisaDoublex
15876,AC0005
15877,hrozenfeld
15878,Z5276HVrobertl
15879,Peskyn
15880,OlivierH509
15881,748shanec
15882,984katherinei
15883,LNQuan
15884,g_khan_467
15885,claudiaP475SK
15886,146wilb
15887,d2uc2
15888,lavernemb
15889,Nhw_ii_2007
15890,bogdanm640
15891,Madison48
15892,400brindas
15893,alanSFBAYCAVING
15894,s_hay885
15895,kidt82
15896,814ani
15897,JoHNewZealand
15898,leewQ9887HA
15899,JanetG82
15900,annabelm2016
15901,Noellej23
15902,MandyJordanLaing
15903,RebeccaS4840
15904,annewN9296LF
15905,Mcd525
15906,kinhv2019
15907,malwahalwa
15908,MarinaK1028
15909,Jtonic99
15910,YvetteDee
15911,6022Mar
15912,Sabrinacelli7
15913,otisnewell
15914,BangelState
15915,W8329QRmatth
15916,judy00123
15917,Expat_TravellerSG
15918,Nicjenkins1
15919,Travelbum85
15920,erinj413
15921,S5100UYmichellem
15922,smokedodger
15923,ordine
15924,JBoogieee
15925,Climber228197
15926,Compass586249
15927,dyaniJo
15928,Sailorwoman
15929,Foraar2019
15930,G9840YQgregb
15931,Storyteller808704
15932,matthome
15933,Polly265
15934,Aleks2007
15935,R9996GFgregp
15936,Diana_I6
15937,NY7train
15938,siobhanf233
15939,Kevinferry
15940,Mozziah
15941,janandrew87
15942,DiT629
15943,354louisem
15944,Mike_k1300R
15945,367hafizh
15946,NNNielsen
15947,adamjelly
15948,paulkelly268
15949,268alyssar
15950,Z1208IAtonyw
15951,SumiL53
15952,lixinp2016
15953,christ7128
15954,794mettet
15955,412ginav
15956,amalieeb
15957,jasonp281
15958,G2482XLmikew
15959,DavidN6316
15960,OperaStar
15961,FurySG
15962,Livethedream2019
15963,caseyr458
15964,269jacintam
15965,902howardm
15966,Patrick_hazard
15967,victoriar_11
15968,laurenfD3526LO
15969,Meander130706
15970,uzia2013
15971,parans6
15972,355kime
15973,614kristoffero
15974,V6340RAanthonyr
15975,helend451
15976,Vacation188425
15977,gabriell710
15978,P6789NXcindyj
15979,DannyL2768
15980,GrandTour685487
15981,NehaAgarwalHaria
15982,MarielaT135
15983,852merrynw
15984,adorr683
15985,peterhH544AP
15986,linad333
15987,flavioc842
15988,35jonasm
15989,170JimF
15990,JadeLeonard1
15991,davidcZ3310YP
15992,in0ueka0ru
15993,kigaap
15994,448youssefa
15995,micksp65
15996,boarce
15997,martinmaw123
15998,623emmak
15999,miloando
16000,kml1688
16001,anna1olive
16002,Marcel2166
16003,SusieH136
16004,trant496
16005,K298GBpaulh
16006,Mules6948
16007,Kerriemiajax
16008,niamhc739
16009,AliceH1331
16010,Marjanslovenija
16011,iremdereli2019
16012,tinahM1229DO
16013,Teamdev
16014,The_Indulging_Chef
16015,mita280
16016,676shivanin
16017,646rsk
16018,kennyg975
16019,Kennyho1516
16020,Z1037FMalexl
16021,Avshalom11
16022,728michellew
16023,thaksoh
16024,Ozstars
16025,Kimausourh
16026,venusminerval2019
16027,Detectinvestigator
16028,elsainiesta
16029,GoVisitor
16030,NguyenSardinas
16031,PangA108
16032,deepoo4u
16033,P5975YUjohnw
16034,AndyWW78
16035,joeolen839
16036,th_nl2015
16037,alexciaha17
16038,amthew87
16039,lilyavidcha559
16040,NKaii
16041,Amyanh
16042,121rohanb
16043,jessek784
16044,398satpreets
16045,FredMagne
16046,ZareJimi
16047,MVB2509
16048,hmccar
16049,TravellingMamma52
16050,Quest173934
16051,Oldtravelledbag
16052,terrys629
16053,olivierGerst
16054,jeffsV8741SL
16055,kennethwL6961RF
16056,Global57855090825
16057,Roam28986107619
16058,Cruiser59716820439
16059,Sherpa23659673589
16060,Pioneer24419499206
16061,Navigator04532112173
16062,Happiness60802065994
16063,DayTrip12188243396
16064,Venture43933054081
16065,Maps18166513203
16066,777tr_mn
16067,Voyage26971005604
16068,168vi_ttrinhn
16069,Excursion33271846947
16070,Fearless65411953206
16071,Paradise27009679818
16072,Connector01760435812
16073,Voyage63306499201
16074,Freedom68117547253
16075,Departure16966862003
16076,NorthStar51168067899
16077,Connector34089820908
16078,Escape25161160255
16079,Cruiser60841419779
16080,503tr_myv
16081,Roving31124062631
16082,Passport05067580007
16083,Camper11085897341
16084,Fearless57771431573
16085,Trek52515670528
16086,qu_nhanh_2026
16087,Flyer11348086872
16088,Explorer68293727738
16089,Fearless19931923406
16090,Resort57821540604
16091,Inspire60134478793
16092,Venture01010548019
16093,Stay64637007046
16094,Meander03915522552
16095,Voyager67492416256
16096,Camper32006143314
16097,Trail58876420132
16098,Fearless18648759582
16099,Meander07549917538
16100,Sunshine15365909026
16101,Jet49725825017
16102,Discover58294935439
16103,Trip17417323264
16104,Voyager27681284983
16105,Vacation37549541151
16106,Compass17490802893
16107,sophoclesnicolaou
16108,AnotherTourist84
16109,selfred
16110,148donnaf
16111,stealth_traveler_NL
16112,ford081176
16113,debbiem724
16114,Lovely_lovely_trip
16115,janet1ee
16116,wilsonc559
16117,jessicamJ2271EQ
16118,Spinnersmith
16119,Lamestar
16120,brintjac
16121,LariElka
16122,alowy06
16123,nanda770
16124,jhoare2018
16125,judeos101
16126,fizzkakz
16127,paulinemarr26
16128,SoniaK1814
16129,JayM1067
16130,622sonyag
16131,M4973CXchriss
16132,KatBright
16133,hoanghuyv
16134,Voyager56322262929
16135,Venture06991584484
16136,Travel16899023175
16137,Sightsee60429229983
16138,Travel12440994417
16139,Paradise45706818347
16140,Nomad47749915517
16141,Haphuongnhu
16142,Khoai_Tay1994
16143,Sjksjksjk
16144,sarahbaz21
16145,yatyn
16146,jf33180
16147,ClaireABG
16148,DestinationsDevine
16149,mfadlins
16150,silentbazooka
16151,349puteria
16152,L9581IM
16153,V9053NMhelend
16154,Rbben
16155,Johnrusselldk
16156,dijar2017
16157,rosimaa
16158,JulieMai_July
16159,diananaz
16160,ndc1968
16161,markdR3934JV
16162,erlakristbj_rgs
16163,deborahbM1465ZY
16164,JT_Turner3
16165,gallergry
16166,jorgetestos
16167,nancykN1157UN
16168,Team_MCoco
16169,lvigenser
16170,atwfoodietraveller
16171,Inagreentshirt
16172,jamescJ2529NJ
16173,JodieZuc
16174,tracyh311
16175,travellingfoleyss
16176,AdeleZA
16177,vidooo
16178,Iamsothere
16179,ReginaWehner
16180,Chrissice
16181,SpinnerNYC
16182,scoolb
16183,planner-of-the-fam
16184,Kmayer14
16185,juliarL9716FR
16186,slc2790
16187,429stevel429
16188,stefylapis
16189,780hywelr
16190,U6350GGnathanh
16191,459bec
16192,sophiap656
16193,thelevines
16194,JenFMonroe
16195,MFL0101
16196,SKtravelstheworld
16197,SusieTravels55
16198,winetravelguide1
16199,sarahmY6641GJ
16200,parrotipan
16201,62raffaele
16202,Nickarino
16203,174alecs
16204,mariasEngland
16205,Retired_teacher_56
16206,JordansTravelsAUS
16207,dwash2017
16208,Travelburg
16209,TeeandK
16210,SY3141
16211,942laurac
16212,TheNorfolkPirlo
16213,477eviej
16214,Maps551280
16215,716alyshaa
16216,ID1Nicky_Ram
16217,124gertjand
16218,E137DFjosec
16219,Robs74
16220,wherecs
16221,esmenes
16222,mariaaZ574JR
16223,CalgaryGirl1234
16224,jessicaS9758UH
16225,kerridavison
16226,luhanhsaigon
16227,413thierryv
16228,Celerrimus
16229,geryhome
16230,Markuskamark
16231,kylehk
16232,ambert212
16233,howardy599
16234,oscare418
16235,381arielg
16236,gordonbradshaw98
16237,N8328BGthomasr
16238,554jasmin_
16239,Zsolt85
16240,D6976EMlucasb
16241,Guide296117
16242,AK346028
16243,A7336AQjoshuah
16244,TE004
16245,TUrben
16246,juliadX3112SF
16247,V4503LYpauld
16248,fatemaebr
16249,rosieox
16250,valentina0154
16251,Q4531QSpauls
16252,965oliviat
16253,JoachimW95
16254,Malcolm752
16255,dhztacoma
16256,karenhW5496KQ
16257,katy1279
16258,celinedurand78
16259,BeachBum770
16260,xekki
16261,georgiap86
16262,jmac0496
16263,PPChia
16264,Hockencocker
16265,myyscreenname
16266,Palmtree59
16267,Adamjayschwarz
16268,Troll6162
16269,mistdew
16270,chubsterc
16271,alancN3441DR
16272,GrantW957
16273,songthiamo
16274,136cheewail
16275,616harleyv
16276,vonDincklage
16277,Theophilus_Maximus
16278,matts288
16279,Angel_wyp
16280,rothy_1018
16281,pgs200
16282,Mackenzie888
16283,weiserm2019
16284,Jfall0515
16285,GPhysio
16286,jac_aleida
16287,259harleyj
16288,sarabeatrizm2019
16289,CasaKemara
16290,SLK001122
16291,karynrc
16292,karenhopp
16293,V4794MXalanm
16294,gooftravel
16295,DonnaD655
16296,philmW1514OH
16297,354margareto
16298,I6751VVronaldc
16299,454keving
16300,Jakenack
16301,KellyL00
16302,ashleigh185
16303,692brigittem
16304,Poprishchin
16305,andrewrW8556UG
16306,433trinaf
16307,_arpitajohal
16308,G1417PPjamesm
16309,466dougg
16310,GJ10
16311,leahyup
16312,413jorgeh
16313,CA872
16314,brandonwL315AM
16315,258rosalindk
16316,895meagand
16317,Lindy004
16318,S1465CIrob
16319,onemind888
16320,scunningham25
16321,404kelseyp
16322,pacUk
16323,kathrynwI6922KA
16324,Flyer18422231704
16325,Rich7e
16326,krystalgib
16327,martamA7716JF
16328,tonykD5537RX
16329,MySun14
16330,R4576HIjohnm
16331,Cdsmith321
16332,jordjas
16333,Eritoyo
16334,Rumpelstilzchen1893
16335,mariafJ9242LG
16336,corinnao836
16337,irishtongans
16338,Tracey5280
16339,tomcH6161QP
16340,cameronr16
16341,NicholasL309
16342,567ayahi
16343,jesstodarello
16344,I8070YGgregm
16345,timdV4233YP
16346,azzaking
16347,Nickiwhit
16348,sars01310
16349,johanestrisno
16350,lesleyd454
16351,AntDon43
16352,Fourbells1960
16353,Kaydee24
16354,mvlegal
16355,H1379AVvincentm
16356,dharla12
16357,rachellem522
16358,Renmarciano17
16359,Sightseer47124214991
16360,505cicis
16361,jessiepU7080OA
16362,bethjZ4212JX
16363,Bethjuat
16364,Jun2020Feb
16365,rosemaryt579
16366,418kerrya
16367,484glend
16368,jasonpY4627TG
16369,jayeshs907
16370,anishrshah
16371,Oshadhi22
16372,VikneswaranM1
16373,cyzeny
16374,Cheesheng995
16375,wengzhenlim
16376,Waiwai29
16377,RaymondGCN
16378,kelokc
16379,sterney2019
16380,161cheongc
16381,jcS4084OK
16382,tcjx
16383,CXYtravels
16384,Addyyyyyyyy
16385,vanessafT8263CH
16386,camelliac357
16387,a03410
16388,winniefowler
16389,popol332
16390,Neelo217
16391,Jojo2479
16392,511gideonl
16393,acel0108
16394,Gretchen246
16395,Romesh24
16396,Nazrin222
16397,Jawsan2
16398,thayananthann
16399,Raisdeen
16400,Iamthath
16401,Ramzan22
16402,Amjath1
16403,D4847EHpauls
16404,geoffk848
16405,799careym
16406,Labdhi-4170
16407,RahulG1847
16408,Ankit24r
16409,Avneesh124
16410,Atalbihari
16411,Swadhinjaiswal
16412,Veerpal2
16413,Ramdev12
16414,Cherryyebron
16415,Vangeline37
16416,Sher1234567
16417,maryannt469
16418,Joshuadavi
16419,danirene179
16420,pepidavid09
16421,Alex_conce
16422,Mar4537
16423,Adventure55593
16424,Stran91
16425,Ds077
16426,Visaigon1
16427,Tess13
16428,I6387HJchrisw
16429,jaklinas2014
16430,melitastojcevski
16431,RickandMichelleB
16432,DoubleD42069
16433,S7598JCdebbies
16434,550shielav
16435,Jazzzz46
16436,krizkitz
16437,Abasakiran
16438,IreneoAOliver
16439,Lot1977
16440,Marjielou
16441,Benjieestelloso
16442,viveks0212
16443,AkshayKM12
16444,435kavitam
16445,Chachoupam
16446,Darren5353
16447,Shirl1234567
16448,MxolisiM
16449,Rob707707
16450,ThomasVanMc
16451,NgElaine12
16452,kens142
16453,guoweiz2017
16454,chuat2019
16455,Ahmadmorshid
16456,NanieGonzales
16457,Cytan72
16458,elizabethbN1544BP
16459,DilaDin
16460,Siti791412
16461,477ngm
16462,Alegalvan36
16463,Bolds51
16464,sefenaeunice
16465,Domz246
16466,marinadJ7864XE
16467,sococrro
16468,Arlene2468
16469,Fredrik-qwerty
16470,lyluonghue
16471,Geddis62
16472,Companion416399
16473,itsmeredherrero
16474,pjbp2016
16475,JonStone12
16476,Djwheatley
16477,josephined2018
16478,redo588
16479,Reddy2178
16480,seinip2016
16481,Kylanbourlon
16482,Bowral200
16483,Shilobeagle
16484,avi7070
16485,Asitha1231234
16486,740arunam
16487,N828XMangelab
16488,509arjunm
16489,X1000QGjoem
16490,travisr731
16491,davesN6171VL
16492,604lucasa
16493,ThiagoBolognini
16494,chantelr634
16495,abduphoto
16496,Navee14
16497,rosanav1958
16498,Sparty2019
16499,logandsmith
16500,kengechen
16501,SusanMH5656
16502,yanis_malta
16503,m_lisa1992
16504,206avelinac
16505,Priyanka24688
16506,599bindur
16507,Girlwithabrokensmile
16508,sumadyutic
16509,ashan446
16510,edirisungheautoe
16511,26anushkap
16512,SusieSD
16513,ThirdyMercado30
16514,ArdyTM
16515,joeyroooo
16516,jdtmerc19
16517,Hw-port
16518,Passenger279368
16519,smmarichu1017
16520,lori0325
16521,pjames0715
16522,narayanaf2018
16523,335nimmyj
16524,Getaway791754
16525,shirleya711
16526,JohnRonnelD1
16527,emmadelrosario18
16528,Excursion61941325537
16529,hungtrinhvan
16530,manhcuonghufs
16531,ninhbinhexcursion3
16532,Passenger24014778555
16533,Scenic24679617713
16534,Jet13047924047
16535,Safari09893793136
16536,Odyssey801328
16537,_J7419OA
16538,explorerMiddx
16539,jimnhvt
16540,lgadye
16541,R1929JKpaulb
16542,Iniakuk
16543,Stretto1
16544,Lovemmytravels
16545,24avaw
16546,arjanb589
16547,dougs543
16548,Carlson973
16549,danieljQ5001SP
16550,950Willey7Shawn
16551,David78Nicole
16552,Tank11122
16553,GregInLA
16554,L4405WNteresam
16555,BlondeBullet
16556,premarajshekar
16557,001Marleen
16558,btlizzard
16559,billeclass1
16560,160clairef
16561,814mjb
16562,mbd702
16563,Cat3578
16564,ByronQuartet
16565,NorwayGaby
16566,867v_minhh
16567,ph_ngng_cminht2024
16568,tr_nhng_cl2024
16569,988nguy_nh_ut
16570,195m_minht
16571,l_ngth_v2024
16572,nguy_np348
16573,nguy_nqu_nhh_ng2024
16574,nguy_nho_ngc2024
16575,nguy_nv_na2024
16576,nguy_nthi_ug2024
16577,miceka2024
16578,CathyB394
16579,michaelc482
16580,CelOsorioSalvino
16581,saskiabC149BJ
16582,X4377RGrichardp
16583,Cloudydragon
16584,marianneaustrali2017
16585,Vondula1
16586,ZaimJee
16587,jennyjN7232EJ
16588,avenue12016
16589,zygou2014
16590,ClioL27
16591,Hong_tiffany
16592,EMRTe
16593,goodboycrabby
16594,robertfP6840ZH
16595,268peterc268
16596,Gmervitz
16597,LoveIreland49
16598,H4577RCrogerp
16599,460sianh
16600,mikhi_h
16601,148caleighg
16602,dogbot98
16603,K4914UWjamesw
16604,Stacey_Marcia
16605,philosophicalm
16606,bridgetr2018
16607,tgrbnny
16608,michaelaQ2673MR
16609,esbenm2018
16610,aurelien171
16611,MeiLiJade
16612,180juliez
16613,davidmB8817OK
16614,Manu_Berlino
16615,JeanneT8907
16616,ajlip
16617,anniemsw
16618,fionad714
16619,J0emcdobald
16620,G829ZHjennifers
16621,Parky155
16622,Happytraveller161
16623,brigittj
16624,Adventurer725096
16625,ediandrews
16626,U8461DYelizabethh
16627,FrequentFlier615825
16628,nickgZ1671MS
16629,Hils900
16630,Mareejan
16631,keas
16632,SurfnPics
16633,Jake38655
16634,lukie2903
16635,mantedc
16636,Rene_Kiesewetter71
16637,LaneTJ30
16638,Peter_WAW
16639,savistor
16640,G5138JNsandym
16641,932lena
16642,KennethJ348
16643,lindyg64
16644,JebBryan
16645,ChristinaG625
16646,Sooz608
16647,SueChisholm
16648,saddyo1
16649,334gregk
16650,sallmac68
16651,266kaineb
16652,N8180PKnicoleb
16653,Lairoo
16654,Lcambr
16655,LightPacker296678
16656,Lmo15
16657,densut2018
16658,Dianemorry
16659,Grassis
16660,blbaxter
16661,ChristinaB447
16662,glencris
16663,adjuan23
16664,Dicko4
16665,CorinneV922
16666,JordiAbileEvents
16667,648mattr
16668,N4348JWsusanh
16669,mjellio
16670,794sonjaw
16671,Cooperoo
16672,CandN07
16673,966liza
16674,X5011CFestherl
16675,TravellerToday123
16676,Curious48
16677,20sally
16678,kimmH5633QQ
16679,NadineOz1234
16680,Hotketchup
16681,Vickimsea
16682,1818rc
16683,todr241
16684,RamiS249
16685,MarkStevenAnderson
16686,richardbF5468KU
16687,conniemR4089RY
16688,markp2018
16689,500Thora
16690,kathleenr102018
16691,karowr
16692,thomashD9643GB
16693,ernestodilodilom
16694,kathyali940
16695,markh639
16696,rambourseb
16697,BassmaandSteve
16698,DorteH
16699,ICBV
16700,Maybe16
16701,anntR7647JG
16702,photoju
16703,X5647OUgaryh
16704,shoequeenone
16705,Rodeogiff
16706,NOVO29
16707,hotcanvaswork
16708,Markjd123
16709,805lyndag
16710,Hasherd
16711,NYCAR
16712,Redruby15
16713,bgee123
16714,T1460EYbrucej
16715,ColoradoEVC
16716,Jesvar2
16717,345gerryw
16718,Josephine25
16719,jeffpC9934BN
16720,bfvermont
16721,debbie29n
16722,JoCatSin
16723,davidgP5018MV
16724,MrBarfoed
16725,GeorgetteCanberra
16726,Lizzie1849
16727,nwalters2014
16728,396Denise
16729,MaxR63
16730,434brettd
16731,Cockerspanielfan
16732,Ange1961
16733,756hervef
16734,W5349OCgeorgel
16735,100artc
16736,278cherylc
16737,Etheldog
16738,RichS92
16739,indigo1167
16740,597ignaciog
16741,Sumuckles
16742,DrZBT
16743,taniamonk
16744,irisd444
16745,walmrac12
16746,thuga1975
16747,Clairebear1234567
16748,rinatk1998
16749,Dctrubin
16750,665michalw
16751,na0milin
16752,abhinav236
16753,CharleneMae
16754,Mingli983
16755,438tishg
16756,911tamirs
16757,vlgarcia91
16758,ThathyaAri
16759,naingthusoe
16760,jackcZ3539KB
16761,tasyamitya
16762,connieele
16763,81joshh
16764,TheresaNgSockTeng
16765,ineedatoe
16766,niamhm989
16767,p60fat
16768,Jet22607215875
16769,johninturrisi
16770,manhpham22
16771,I8328KUjerrys
16772,chom_ppo
16773,nurinchee
16774,jer_titan
16775,237pravins
16776,Anich121
16777,LisaH-Canberra
16778,vinnylaw
16779,XandraZ
16780,jeanie208
16781,JasonJ2665
16782,IvanM690
16783,ZuzanaSim
16784,veeveepants
16785,tahliaf2019
16786,SandiViVi
16787,VictoriaAustr
16788,ech50
16789,williame73
16790,OCpapaS
16791,D3497PS_
16792,Gotta_Travel_Around
16793,asxlee
16794,karilynnequin
16795,kstar86
16796,jmarinwildcat09
16797,JessicaB9419
16798,raimondat159
16799,matthewhR7217QI
16800,justinbI523SQ
16801,AntoniosFiala
16802,jordonh350
16803,O8052JZmattb
16804,Yuri_chooooi
16805,jennydN8862IX
16806,850xiaol
16807,650pian
16808,714seanl
16809,m_lanieb462
16810,yinzdahntahn
16811,Wohlfama
16812,Dianne2484
16813,jaamesg
16814,TeresaY234
16815,X2992QKdanielr
16816,AnnaEdinburgh95
16817,Lulascarlett
16818,Trail66665337487
16819,Vacation44063363369
16820,Sherpa48212210292
16821,akioi951
16822,685tr_nh
16823,Loanhappy
16824,M3448OGtonyh
16825,chiduongg
16826,hi_ph2020
16827,limlyeliang
16828,Miaanavn
16829,chiendoan831
16830,rowenar228
16831,ngocson194
16832,dieutruytranh
16833,Mhamb4
16834,glenh760
16835,dennisd678
16836,Ovejohannessen
16837,ewingdrew
16838,K2261RJalessandrap
16839,081266
16840,PeterC7215
16841,Guru14
16842,Peter_Bloor
16843,C2697POanthonyh
16844,acsaffert
16845,ian1784
16846,nicolleg98
16847,Krystleba
16848,amayalaram
16849,carolineclaie1982
16850,camillar207
16851,bunnyb001
16852,gophysical
16853,S3807UBalexk
16854,2020steinville
16855,Uttamac2011
16856,karenfenby
16857,MelDfirsttime
16858,T8321NKjackier
16859,DanielTourTravel1810
16860,StephenYap
16861,BrendanB100
16862,MaythamTravelers
16863,rurn0321
16864,jillo173
16865,Desimonetravel
16866,SArtick
16867,Fotos4you
16868,Keoweecruiser
16869,soxfan1975
16870,Nomad803448
16871,vmosgrove
16872,V4646MQsusanb
16873,Jfunck07
16874,klang64
16875,546mariamf
16876,gracet363
16877,thomaseiting
16878,RoadTripRoger
16879,Bill-Bob-DC
16880,LindaK1818
16881,NahanniRafter
16882,joycet99
16883,748susano
16884,LL00000
16885,MikeAndChloe
16886,devot60
16887,HelenandKatie
16888,Jolyfamily1
16889,Susanedinburgh2014
16890,PandaOnTheGo73
16891,RajenShah68
16892,stvenhvey
16893,jksteelman
16894,mutravel
16895,Srbacon5
16896,jesseline007
16897,johnrW3906TG
16898,LJKesseler23
16899,MalieMornington
16900,josepha284
16901,dpage18
16902,569JulieK
16903,tlluong
16904,Nanniejen24
16905,tuningout
16906,kathy22192
16907,patelius
16908,GlobeTrotting745042
16909,Regdab66
16910,Steve_Cynthia
16911,_saleliz76
16912,gourmand2025
16913,507missym
16914,Li_Li
16915,Roger43Melbourne
16916,paulinemX1045DC
16917,fatfisher5
16918,585jennyw
16919,819sas
16920,hienandmanh
16921,jollie312
16922,scottnguyen629
16923,344h_nhl
16924,449tobiash
16925,bobk704
16926,Klevgy
16927,Janciel246
16928,547grahams
16929,722jasonl
16930,gonglimor
16931,akrizhanovsky
16932,100mirkom
16933,Tiffany787
16934,Areekasemsuwan
16935,KaustubhV22
16936,Ash286
16937,Anita426
16938,yashodhal183
16939,udarasandaruwan
16940,7Rahan7
16941,nocturnalgringo
16942,263marianh
16943,fliss137
16944,Srikl
16945,Celinelondon123
16946,Simonhiew
16947,goha678
16948,tienphucit03
16949,nadiah031
16950,davidsH6391QX
16951,trishdgespi
16952,Javimaki
16953,JL2906
16954,Snong85
16955,natbusa
16956,kittuii
16957,Travellerlover1000
16958,zhikheamo
16959,rajeevrajaram
16960,CCH145
16961,Devylee91
16962,aboggio
16963,nettycod
16964,656denyc
16965,935hannahp
16966,JTxx
16967,Mochagal87
16968,Vinhlong_sgn
16969,taherarafat
16970,RetiredTraveller88
16971,Wen7879
16972,Mhaansastrillo
16973,ladeee_m
16974,Urikho
16975,ohti
16976,dung2x
16977,panatsayap2019
16978,swej88
16979,macka28
16980,Mariacoco1968
16981,360lynnk
16982,sonn573
16983,subtlepetal
16984,Sunshine365425
16985,Bigpanda143
16986,922garryg
16987,Lysia_Chatrine
16988,rickmankcwong
16989,theresacC1805BW
16990,irvinetraveler2016
16991,kosiong
16992,michellep503
16993,T3590EYcathyd
16994,242crystalw
16995,debndacshep
16996,VisitingPlaces2020
16997,gaikkee3
16998,JosephineTan940
16999,graceflavyelizs
17000,aekooo
17001,jocelyns732
17002,eppyiee
17003,neltonjoseph
17004,VIvianLee3020
17005,megata2019
17006,shannon0807
17007,delta_gate
17008,WennyLuv
17009,Lingxuann
17010,teopealvin
17011,oorisg
17012,ree_verd
17013,AngelynA24
17014,448sheilak
17015,EdmondK120
17016,IvanCheah
17017,adityatirta
17018,minaing69
17019,mimil558
17020,mk2119
17021,dannydovn
17022,laurav606
17023,nishantdhanendra
17024,Global185577
17025,jessicatH4494CN
17026,vinht127
17027,886espiev
17028,13chasej
17029,Yorochoi
17030,EmmaBoston2
17031,leokevilv
17032,johnlL4896CI
17033,mindfit4life
17034,PBGG
17035,LaurakBarbara
17036,P406GVlukes
17037,RRBakerBali
17038,Jjlakes8
17039,amandatrendy
17040,JillSummers84
17041,Christrang23
17042,Navigator09831314576
17043,Passport40386577633
17044,thiyenthanhn
17045,GrandTour52689677922
17046,dtd0905
17047,linm452
17048,972tr_ngn
17049,557hungp
17050,Tamphan2001
17051,Tinasaco123
17052,b_chtrangn2022
17053,660hi_up
17054,Hananhatrang
17055,Lamha-06031994
17056,kimhealy
17057,dewitteseep
17058,624maimunahm
17059,August1956
17060,claretZ6563KM
17061,SA5308
17062,Mex-viajero
17063,matthewsH3232CD
17064,Thespoo99
17065,ngodward
17066,913AK
17067,Explore56136638142
17068,222laured
17069,Explorer33157054596
17070,544krisf
17071,robertcJ9781BD
17072,NicandWes
17073,madeleinem810
17074,JVClair
17075,Y9817KNdanielh
17076,C6195AKjoannew
17077,dankhara
17078,jmgonzalez54
17079,ksbanga2018
17080,albertoderezende
17081,GrannieE
17082,ljbell5
17083,936michelv
17084,MiguelitoyCat
17085,johnyboy974
17086,lauraoO6298LO
17087,JusKel_28
17088,256gabrielleh
17089,timrh66
17090,Martyrmother
17091,Fipilatesgal
17092,cocohernaez
17093,RoadieF1983
17094,lineat
17095,wpg15
17096,109marielaurep
17097,F6534HJcameronm
17098,Z7203LFmeganc
17099,519pl
17100,Seagulljim
17101,oewillrocku
17102,dongk738
17103,Curiosity636884
17104,Trip49196536395
17105,Camper01553498667
17106,Roam59866293057
17107,DayTrip36127309954
17108,Companion23572678801
17109,Voyager26397957743
17110,Dream16022539420
17111,514ki_un
17112,Mobile22884124816
17113,Fearless46026829451
17114,Safari63101833648
17115,Inspire31881251552
17116,Tour19292858234
17117,Tourist19779852169
17118,Sightsee49707030579
17119,Sightsee48351825862
17120,Trip32353289576
17121,Happiness00624096163
17122,Explorer30798110680
17123,Tourist68005010734
17124,Sightsee39799541154
17125,Maps23539169790
17126,Tourist16957944327
17127,Voyage38852550535
17128,Escape47431079565
17129,Nomad06899747571
17130,Meander55843114690
17131,Coastal26147618301
17132,Cruiser49313672331
17133,968thanhng_nn
17134,872b_chn
17135,ti_nn686
17136,Discover01467263998
17137,OnAir29156597668
17138,H5763EUkimn
17139,Explorer18026227665
17140,anthonytK5042VF
17141,Resort55322103564
17142,Happiness68578399316
17143,167th_n
17144,Journey68336491395
17145,thip970
17146,NorthStar645952
17147,Tour29687280861
17148,Resort66185040442
17149,230ph_cn
17150,nilagiaothuyn
17151,Adventure23383348694
17152,nguyentN4173QS
17153,Excursion16031169292
17154,Navigator18886128615
17155,Voyager54917510776
17156,Fearless05149755326
17157,Voyager18259593515
17158,Vacation65046823250
17159,Dreamer23073033121
17160,duongphung1412
17161,nhungn518
17162,Explorer08238236201
17163,thu_tn2019
17164,Trip18899037225
17165,Scenic66918832772
17166,ng_cph_ngdungl2023
17167,DayTrip19703966209
17168,Freedom17579116955
17169,Cunon
17170,denbastasommaren
17171,Vidad_Traveler
17172,jgraham1014
17173,catdogs
17174,Flow415
17175,eagle54
17176,kingfisher188
17177,hazeld945
17178,CeliaJunon
17179,Ben_xyz
17180,andrewtran69
17181,Tour774364
17182,Inspiration773374
17183,AnhP302
17184,FrequentFlier772064
17185,HaiN425
17186,HongS285
17187,NGUYENVUH4
17188,LoanT143
17189,544longt
17190,Roam58370621894
17191,Nomad25317353771
17192,Tourist35283673822
17193,Navigate56043422773
17194,Maps22277851722
17195,Roving13400666606
17196,Curious63468534478
17197,Stay66682814560
17198,Quest825178
17199,ricard018
17200,fongt952
17201,Hiroko14
17202,Elau8448
17203,T794MAsamg
17204,J8492CRanthonyb
17205,kareng452016
17206,isabelgF7693MK
17207,jwmdsports
17208,Culture756045
17209,paulinam677
17210,michellecK2690LQ
17211,483bf
17212,Alan07986
17213,T9089EQjacobh
17214,rossa624
17215,msfortune
17216,effreyjay
17217,mervdunia
17218,DeanH2082
17219,danielae950
17220,elc482
17221,856bod
17222,Paris_the_city
17223,riverajerez
17224,AdamA3812
17225,louisej980
17226,2cristiano
17227,CameronF0478
17228,Paradise04741388738
17229,Relax06240231576
17230,660v_nl
17231,vtttrang1310
17232,Trail11690957985
17233,Adventure57386108640
17234,Go44792920721
17235,Navigate52575446292
17236,Stay45244458896
17237,Dream31132349194
17238,Go03012726770
17239,Odyssey68526653070
17240,Freedom40904132971
17241,Quest00505178399
17242,749mait
17243,koosh145
17244,Road60557253873
17245,Journey30229160143
17246,frandsenn
17247,Inspire39736193532
17248,Curious31687872340
17249,Departure06913781950
17250,QuynhVu2512
17251,Flyer18132853257
17252,Curiosity40904945968
17253,DayTrip28477373366
17254,271lu_nn
17255,Trip19024421517
17256,Millietruong15
17257,Passenger17221953688
17258,Passport33846713136
17259,OnAir59881529350
17260,117t_mb
17261,kellynguyen93
17262,Curiosity787119
17263,syuiko
17264,excited60
17265,QamarulF4
17266,Fk4i
17267,TJ227
17268,rozianabilah
17269,Harizzz
17270,Sitinoraini
17271,NasarT2
17272,58tiaw
17273,dalem1984
17274,hastuti13
17275,Asiantravelers12
17276,NormanJ
17277,haihas
17278,Renylauw
17279,saradurban
17280,NMN711
17281,azriza2006
17282,Sciengate_Automation
17283,acgtrini
17284,G3310LSmr
17285,yuswandic
17286,zaharic2018
17287,dingymia213
17288,safnakma91
17289,Mohamad_Zulhilmi
17290,FilzahA
17291,hiaohiao
17292,D8796CRjulianr
17293,royc701
17294,I3985XVgrahamw
17295,johncarloc511
17296,Mandypotato
17297,Nicolad1411
17298,LynseyO24
17299,DiemH21
17300,Freedom712693
17301,Phatdatland
17302,thaoluongnguyen
17303,karolakunz
17304,Carmen19771104
17305,V432YLgianlucas
17306,Slam77
17307,MizukiB
17308,oliviergV6164YY
17309,DesChenCK
17310,Torutoper
17311,JoyceTeogh
17312,eastasia2015
17313,Tayda47
17314,Trek25984242381
17315,Maps29834864152
17316,massi2468
17317,skuadbeth_69sjwn
17318,NaveenB484
17319,AFPtraveller
17320,felixstockholm
17321,62casandrap
17322,philfromOz30
17323,400lancel
17324,collectmykey
17325,maoball1227
17326,Anna9816
17327,loliv252
17328,elleeo
17329,sijiel_13
17330,Madsentai
17331,celineemartin
17332,jadeandthecity
17333,Catcrawfie
17334,mountriv99
17335,ngopinat
17336,Storyteller689753
17337,RuohRuoh
17338,julieMcEntegart
17339,anishmanichan
17340,Curious08959868137
17341,GrandTour09136363353
17342,MeryYus
17343,pwelch
17344,erlia91
17345,aljazirar
17346,727dannyc
17347,christyy2h
17348,Naysway
17349,ShihengChen
17350,Girlonthem00n
17351,hoangvt91
17352,lua201555555
17353,spizzenergy
17354,antoinitos
17355,SharonDonohoe
17356,Thuy_NN91
17357,dags111
17358,hoangtn144
17359,danlU5616QR
17360,Kgdry1960
17361,CarpeDiemOURway
17362,bwbridger
17363,170liamr
17364,_mctilbrook
17365,SamerD
17366,soniak3332018
17367,andyh693
17368,SmileyCalgary
17369,stephencL4144LG
17370,tiernan2018
17371,LuisjCarvalho
17372,JandB4
17373,N8722VCtimp
17374,yedidahe
17375,michaelmou1960
17376,marig304
17377,Tabilyc
17378,745calumm
17379,571niamhf
17380,Adliving
17381,AnlaLiv
17382,oskarreber
17383,731carlg
17384,nicgrabowski
17385,67marka
17386,angellicayap
17387,cammiada
17388,andrewld544
17389,714ng_cb
17390,daviddF9963XH
17391,moshes257
17392,Decentbloke
17393,joeyt830
17394,katehP1222IM
17395,602kailab
17396,Venture64848398341
17397,phuongtuyen318
17398,Quest57689230780
17399,588zimm
17400,Explorer62817510530
17401,duy_nt2025
17402,Resort29089369935
17403,myp590
17404,GoPlaces40334884515
17405,Dream47208082145
17406,Roving01772886393
17407,Anbangbeach
17408,52liann
17409,Ngocthuy133
17410,Tourist26811698443
17411,thyn487
17412,Andiedo2203
17413,Camper50852464403
17414,Jet50118114140
17415,fransie0509
17416,CamillaP_13
17417,nataliem773
17418,Thehaaman
17419,JoT87
17420,xosahraxo
17421,NYCTravelGuyLivesOn
17422,swissblitz
17423,isu82
17424,WS_Ang
17425,iamxander
17426,alligatroar
17427,Relaxedtravelleroz
17428,K1tlv
17429,phuongp385
17430,rinathermoni
17431,Boestergaard
17432,276sophiay
17433,Voong
17434,Sheeradean
17435,peterdP5248XE
17436,290brittas
17437,RohainiH1
17438,Curious09188837628
17439,Explorer06018240501
17440,B1043SO_cn
17441,Journey16684783040
17442,Flyer37659969644
17443,Excursion36281901945
17444,Getaway31434998285
17445,Connector35607472012
17446,DayTrip15178824976
17447,Nomad51039760332
17448,Annguyenvn
17449,Road15850118946
17450,hoango_2231
17451,Voyager11757680767
17452,Tourist04310205585
17453,Nomad47423235041
17454,Dreamer53801583193
17455,Explorer21888711603
17456,Companion67637176214
17457,Vacation01753135593
17458,Explorer56088456867
17459,Dream18066275463
17460,Pioneer64890686034
17461,Happiness60589296323
17462,NorthStar01324078949
17463,Sherpa51078129231
17464,Departure49630923260
17465,ngont2024
17466,Stay57307870616
17467,Vacation63604121903
17468,Quest27333068885
17469,Guide34711948160
17470,Dream45434740614
17471,Coastal750715
17472,Curiosity31442738638
17473,Flyer53918692292
17474,ymerin
17475,Matthew310
17476,116anum
17477,217charlesd
17478,elin0ref
17479,edeet7
17480,kakadu5
17481,J586SQjohnm
17482,n8sheep
17483,firewire444
17484,ElizabethA208
17485,dannymY2534MV
17486,Nicohille
17487,nilao693
17488,NinaC2269
17489,319garye
17490,BJodi76
17491,serenal845
17492,mariaeQ6027UT
17493,644suzyg
17494,oweh2014
17495,nicolesharp94
17496,meganmN9203VH
17497,samsM8782SS
17498,exinated
17499,lorenz_373
17500,EC2018Sing
17501,Tthy
17502,263ph_tt
17503,Dreamer26096151564
17504,Flyer09772632250
17505,Resort32639091119
17506,Daydream07390443879
17507,457sineadk
17508,Maralro
17509,sheila878
17510,Grant205
17511,loseyourself
17512,J2614PGanthonyb
17513,Alan771177
17514,Expl0rer007
17515,patricktalbot
17516,238kathiej
17517,Daviestarna
17518,E4527FBlindab
17519,lulam2018
17520,brendenrb
17521,AlenG10
17522,teemo99
17523,513theresao
17524,downundergal2
17525,635ikramg
17526,Amerly1491
17527,845nicholasw
17528,IevaR_A
17529,alexandracZ3067GN
17530,katbut2016
17531,greggD4925EU
17532,265adia
17533,Odyssey10541597410
17534,DayTrip43033236852
17535,FarAway27517753548
17536,Quest26372867418
17537,Coastal42644702552
17538,459ng_nt
17539,resat436
17540,Getaway14149407932
17541,Departure45309316887
17542,Meander59321775184
17543,Roam05261577610
17544,580bichlienn
17545,Passport45641875894
17546,Venture06914707411
17547,Happiness38455217452
17548,minhnhath2025
17549,Roam66376848055
17550,396ch_ut
17551,Tourist29458564310
17552,GrandTour67755350953
17553,sisos2024
17554,Cruiser37689398992
17555,Nomad55237992010
17556,Roving27711476959
17557,Camper02498193208
17558,Vudep
17559,Sunshine01846205978
17560,minhnguyen116
17561,linhl991
17562,fionav810
17563,N3024ABevat
17564,thuyphuong_le
17565,cupcakeluu
17566,NancyBParis
17567,Hoover151
17568,357ians
17569,Manager411
17570,sudn2007
17571,justjessnjazz
17572,mike88trip
17573,philip_knuth
17574,adameshraghij
17575,149trana
17576,DianaCormie
17577,linkt
17578,AlpineCeleste
17579,JeremyB3319
17580,KasiaM0123
17581,ann00120003
17582,ellis4323
17583,keikoxoxo
17584,kellymeihangn
17585,rowenam505
17586,fariastam
17587,gokka23
17588,Taryndaisy
17589,Pixie_Picks
17590,TravellingSoon87
17591,411steffia
17592,joemattner
17593,85agnieszkap
17594,ph_mt805
17595,Sightseer23174023383
17596,Navigator31624402923
17597,Travel35321928191
17598,Camper36327079173
17599,minhtF9038FV
17600,489vib
17601,621t_mt
17602,N9081YWashleyc
17603,dilshaadali
17604,GrandTour08498096321
17605,345tr_nnguy_nt
17606,Inspire35570664377
17607,Excursion67205706360
17608,iahT_D
17609,hehehoppi
17610,PhucPhung
17611,Navigator55263242053
17612,Tdamax
17613,thaopham97
17614,Rachel_2404120589
17615,Rhl237
17616,trang8872
17617,447b_chv
17618,Yangghh
17619,Tuonglee
17620,DngTh_Trangg
17621,nguyenn_smai
17622,Phunggvuu2212
17623,Cwhale-meow
17624,Phanle85
17625,Ellaatxx
17626,Bjornvanleeuwen84
17627,94nadezdab
17628,J1998QIandrel
17629,FGiggity
17630,626RickyB
17631,anhlee88
17632,serra0810
17633,nguyenthihong1
17634,patrickkeefer89
17635,Htjandra
17636,461lingp
17637,Roam679521
17638,93williamsa
17639,Zerototality
17640,nataneb2019
17641,stefanpN5065HC
17642,lel838
17643,Lemailinh1991
17644,Navigator771504
17645,WENLI108
17646,luisabG9578NF
17647,SajniC3
17648,dhruvpremani
17649,463louisep
17650,joeyxdoan
17651,BonnyHi
17652,Feigorwilliam
17653,ladydi56113
17654,williamchengwingyin
17655,YumaM37
17656,SophakTravels
17657,Lolda1
17658,Storyteller653145
17659,HongDinh
17660,jennettebrett
17661,Razulin
17662,wuikeatc
17663,KSibb
17664,936janineg
17665,CheeHongW5
17666,jomainl
17667,leanneo308
17668,XtineAnnA
17669,carla10r
17670,minhv125
17671,363kkh
17672,Odyssey05274581912
17673,thuyduongt727
17674,Road45186144379
17675,Trinhminhngoc
17676,Paradise63534964010
17677,DyaneLam
17678,trongtien05
17679,LilyMay_000
17680,Curiosity19907745398
17681,minmin142004
17682,Nomad29152093431
17683,sejabin
17684,Travel13338143832
17685,GBGlasgow
17686,IorgaA
17687,Bobynguyen
17688,bataiosua
17689,Tinna22
17690,izzy_3001
17691,juliahlk
17692,bec_rodri92
17693,Canka60
17694,maeg506
17695,KhoaH65
17696,O562DWmariar
17697,O278SKhelenf
17698,295h_ngp
17699,Bedugul
17700,VinhD100
17701,596andreeab
17702,kmindickie
17703,Glenga52
17704,10travel
17705,E606RZteresas
17706,chriscP3686LO
17707,48huel
17708,G6435WXdavidh
17709,coletted792
17710,SunderlandPgj
17711,alimSG
17712,hildakassim
17713,JYusof
17714,998aka
17715,255shar
17716,MMM810424
17717,juniadahh
17718,zafirahabrahim
17719,SharifahS123
17720,sitikhairunnisak
17721,v_t282
17722,callmelin
17723,Mobile37833241774
17724,Freedom66724617157
17725,l_v_nanhp2023
17726,927nhil
17727,Passenger51208471122
17728,833nguyenn
17729,Companion40056862388
17730,h0_ith_ng_
17731,Flyer22748173264
17732,Happiness68601931178
17733,Companion18563766432
17734,Venture39977507551
17735,Nomad23148277180
17736,493y_nm
17737,HarveyHuynh_240995
17738,Trail14551259933
17739,Mobile35908407476
17740,826minhqu_nt
17741,Discover50344525946
17742,N9315IW_tt
17743,Happiness15056549673
17744,Companion49243848576
17745,kimvyh2025
17746,louisdR556AF
17747,364kh_m_
17748,phaph2025
17749,Dream61882061081
17750,571tr_na
17751,Cruiser63936496428
17752,vyn869
17753,Q2951ZQh_l
17754,h_th_thu_h2025
17755,212cecilien
17756,angelinecn
17757,kahlian
17758,turbomalte
17759,686oliverd
17760,leandrom446
17761,jcardi13
17762,Lily_Lu1910
17763,Flyer13168811
17764,SebastianB2080
17765,gretalian420
17766,Hayley0317
17767,JasonN2361
17768,raetang
17769,Faiharrington
17770,kazuyafang
17771,Whereisvi
17772,Realitycrisis
17773,Deadanimemom
17774,Ashacan
17775,alextn99
17776,chermander
17777,ashleiho
17778,tedc482
17779,Chermaine1605
17780,prernest
17781,emilyeec
17782,Cevatprague
17783,tanwenxin
17784,joneJF
17785,cce1765
17786,jeanyueio
17787,JacksonT427
17788,marimarired
17789,637martino
17790,thaonQ4483PI
17791,Roving50021875927
17792,Roam42844863990
17793,249ch_ul
17794,th_th_yl2024
17795,400l_mc
17796,donnaomward
17797,A7703TCrobina
17798,775vi_tanhp
17799,theycallmeliyana
17800,Katzy50
17801,petereY2034YQ
17802,Ands_rea
17803,lynr558
17804,odettekatzin
17805,185jacintap
17806,204vivianp
17807,rosemariem657
17808,richardw0ng
17809,Jolenelfc
17810,PhaetonPrime
17811,DeniseBewley
17812,P5922ZPbrianp
17813,BundyTraveller
17814,MaoZedonglol
17815,Exploration647278
17816,EileenM364
17817,Pmkm17
17818,frodzmonz
17819,Julesius
17820,JacquelineC239
17821,Jaiprakash48
17822,Expedition812365
17823,mushy1peas
17824,AMC286
17825,f_gartenmann
17826,405lynneh
17827,sharyny2014
17828,vmillet223322
17829,Ashlawnguest
17830,HazzzM
17831,eddien323
17832,B1056RUsophiec
17833,SophieC3890
17834,Maritavora
17835,mdboyes
17836,785annav
17837,MartinM1926
17838,Lockington58
17839,el_gord0
17840,CarlosB6998
17841,mattfY6582PT
17842,geethac2016
17843,668anandc
17844,AnnJurk1977
17845,Grecofil
17846,GeorgeBroz
17847,ann_jurk
17848,KezzaA75
17849,Adventure644129
17850,TableMountain_11
17851,loksarah
17852,73hansc
17853,emilywX8033SJ
17854,MasayuAbdullah
17855,Nancyls27
17856,cavaibhavil
17857,IssyMo
17858,Wickedfool
17859,RvL86
17860,dresinclair
17861,Sante0828
17862,ericloo46
17863,yungky
17864,mendivil123
17865,juanmart_nb2018
17866,khristinau2016
17867,mhfsaaniya
17868,Connector47077652548
17869,Excursion29560656209
17870,Journey40281588762
17871,171tutt
17872,Emb260
17873,16lyl
17874,Wanderer05980002933
17875,J3687TDlinhl
17876,Getaway57227230052
17877,GrandTour56640101606
17878,Roam46988254596
17879,Fearless00466253467
17880,Curiosity04279008078
17881,Passenger57363816412
17882,jkliuliu
17883,indrabyes
17884,Richard_ppQ
17885,Satyakipc
17886,848gerganad
17887,Yorkie0407
17888,sophiewM4542JZ
17889,161nursaadaha
17890,stefanot834
17891,khuongd2017
17892,lann300
17893,Discover703219
17894,Trip12821658933
17895,Explorer63029290434
17896,Relax57224602204
17897,Tour63453590101
17898,Camper29625083152
17899,Sunshine08189560495
17900,Roam68369787395
17901,Culture24566783243
17902,Travel50604898469
17903,Road40927360014
17904,Tourist51348597142
17905,Climber48738109814
17906,luanlinhnam
17907,NDBproduction
17908,DANNYBTT
17909,Jollyphan201
17910,TiBlue
17911,MenTran
17912,QuynhDang308
17913,136xu_nh
17914,KhoaTran2408
17915,tuannguyen152
17916,MenTran1210
17917,Maymaymaydo
17918,ThamD3
17919,trinhtomtim
17920,Vicentnguyen
17921,SevenJuly
17922,Vuhoa2603
17923,AnDo216
17924,thongnguyen426
17925,MisuXuwon
17926,NTTTThanh
17927,QuyenPhan98
17928,552huy_nt
17929,thucongdanang0809
17930,VyV83
17931,termascda
17932,obeckering
17933,NhiCP
17934,NhatSang0709
17935,mattenwagen
17936,MichieNguyen
17937,vutbay
17938,Experience303336l
17939,tintinmiluc
17940,alexadosfoor
17941,sapa0207
17942,655chin
17943,Agusta0808
17944,NguyenD703
17945,NguyenDiem
17946,134tuh
17947,th_on261
17948,679quy_nn
17949,Seaside20661095401
17950,noohel59
17951,ChriztopherC
17952,TammyB1503
17953,joanneliu
17954,Kaitlyn9177
17955,junem88
17956,keithcU3432AC
17957,S0PWnataliem
17958,amandad878
17959,X8778JPanac
17960,CleGirl88
17961,H2219KAtomm
17962,Lyn518
17963,661v_roniquer
17964,anniehH4714RZ
17965,madisonz2018
17966,Coastal35467818191
17967,Journey54464159347
17968,222nhin
17969,139tr_np
17970,Seaside39079623520
17971,_nhdi_mh2025
17972,Venture65726904076
17973,Excursion42673658430
17974,Tourist68674188574
17975,b_0thyn
17976,DayTrip07133072993
17977,danielthiev
17978,VancouverPinoy
17979,garygB8374JS
17980,82waj
17981,hellorl
17982,small_explorers
17983,ValentinaV1014
17984,hihellohowareyou2015
17985,SandraMyrl
17986,OZTravelmate
17987,gregnz1969
17988,santravel2007
17989,maarmst12
17990,petendmarie
17991,D3744AYjohnf
17992,W6067VAangelac
17993,260traceyd
17994,raafat54boktor
17995,siarnc2016
17996,MandyTonyH
17997,777spencern
17998,atular54
17999,craftyAustralia
18000,973pamelak
18001,traveller-eater
18002,christinesO2695GB
18003,charmaine1811
18004,silverfoxMuscat
18005,thut682
18006,v_kh_nhv2025
18007,OnAir43309802564
18008,235ki_un
18009,Incorrigibleoptimist
18010,Z479FMchristinah
18011,bull0ckfamily
18012,christinarL3672IF
18013,Roam407218
18014,PeterN4313
18015,445marcoso
18016,crookm1
18017,NguyenTruc0201
18018,nhathuy95
18019,665alland
18020,Walt0305
18021,685chin
18022,alex160494
18023,ChristinaQuynh
18024,EbbeH_11
18025,990SueH
18026,antonhinenz
18027,businessid
18028,btsad
18029,Nminh
18030,lilyvn1009
18031,ninkyaligam
18032,GoPlaces750237
18033,richardfF1386ND
18034,P4934SCphilt
18035,S3317RAharryc
18036,jpaul21
18037,Dion1975
18038,OnAir57377950612
18039,909nghid
18040,Quest11406467689
18041,945ng_cthu_n
18042,linhnB1538PJ
18043,hanat651
18044,Quest43076334368
18045,nhit862
18046,Wander16228636150
18047,Freedom38791291828
18048,Roving21358634200
18049,GrandTour42276718917
18050,A4179DYannal
18051,705thanhs
18052,flaviaflavina1961
18053,f0sketts
18054,Sightseer817269
18055,79kanew
18056,melioraj
18057,ChristyM1460
18058,alexanderwI26XB
18059,longt185
18060,555hieul
18061,H2449OBdanielc
18062,johnsI1562AB
18063,GoPlaces54672379209
18064,Dream67670013169
18065,Inspire51671848100
18066,Daydream59151311723
18067,Trail63520132723
18068,Connector26985920585
18069,Curious29685529139
18070,Excursion02702191890
18071,Meander14710604827
18072,StevieWonder1982
18073,JohnDavidsonUsa
18074,trangt904
18075,NiallTNT
18076,Michelle659
18077,ClareL1035
18078,826elst
18079,3808pomfret
18080,melissadL9843VE
18081,kathygO7094UI
18082,Saw2009
18083,ChiefRockband
18084,Freedom60250427257
18085,ph_mhu_d
18086,Trip45712266558
18087,Paradise10619535801
18088,Roving30125025939
18089,Pioneer37212768050
18090,hannahv655
18091,Sherpa63036313561
18092,laualex96
18093,ThaoKim-2512
18094,ChuanVanTruong
18095,Chaunguyen1234
18096,Thaovo304
18097,Thongle005
18098,793shawnt
18099,trongtri35
18100,Vanvinguyen
18101,richardtW8940IP
18102,SYLF68
18103,Coastal16291119883
18104,tuanthanhc
18105,Traveler57852010411
18106,Wander26972937127
18107,Voyager63670781896
18108,155th_l
18109,junee403
18110,J7535XUricharde
18111,359richardk
18112,funcycling
18113,TravelTweetTravel
18114,aecsoldat
18115,volkmannmj
18116,xxxxTucson
18117,904teeb
18118,Lilyol2
18119,windywombat
18120,thomaswN9608KX
18121,jessw333
18122,emilyp346
18123,989dawnp
18124,958kylien
18125,ng_ctr_cn2024
18126,Curious16214691708
18127,m_di_mt2024
18128,Curiosity48366993162
18129,simpleman0209
18130,nguxiv
18131,hu_nhnh_m2023
18132,l_ch_uuy_nn2023
18133,531hungn
18134,DayTrip48798712687
18135,Maps58137393939
18136,mongoliabalo
18137,h2cogai
18138,JaredLaverty
18139,leejH59HQ
18140,X1417WLlionelm
18141,Ladybear23
18142,HeidiW87
18143,alexdO5987NM
18144,Amwongster
18145,605albertfa
18146,942ki_up
18147,StefaniP6
18148,patrikp797
18149,Ella08
18150,Readie120
18151,AndrewW3891
18152,Y6530NWdonnam
18153,lisaaussie2017
18154,906talitar
18155,CeoJo
18156,ChrisI519
18157,peterc794
18158,Ykhoa22
18159,huyhaibui271058
18160,vanessav822
18161,Tungpham268
18162,AnhNgongDuc
18163,Nguyen68686868
18164,Mar17393
18165,Borap2288
18166,duongt297
18167,dantran1807
18168,LiemT39
18169,Dothanhloc
18170,Kieukieucute
18171,Linhlinh9912
18172,Duoctran140295
18173,Hoang_Hung_986
18174,Phuoc226688
18175,brendon274733
18176,Nhuphan123
18177,Lynn_oi
18178,Linhling12
18179,Hiennguyenvlog
18180,Jon3272
18181,LKH1906
18182,Vinh_NguyenNgoc
18183,PhongN359
18184,660thaon
18185,Road53438044831
18186,TriXinChao
18187,nguy_nqu_cv
18188,Paradise00707886881
18189,464merlot
18190,chasemarta
18191,AnneN847
18192,Nelechi
18193,ramenjon
18194,matt_irving
18195,AliceC1
18196,kwinthekingdom
18197,Navigate65153961222
18198,Tourist07691419451
18199,442corinel
18200,R9742MTlucyh
18201,Mayadreamcometru
18202,leonieb994
18203,grabielito
18204,Bethlloyd95
18205,andreoulini
18206,OnAir815080
18207,tathanhd
18208,TheeC2
18209,agy17
18210,132danyl
18211,Anjunbeats
18212,jenniferkD5324LM
18213,Taffoolie
18214,vinhhung12296
18215,Michellenguyen5246
18216,nhatkhang6658
18217,Thaiphuong12
18218,888cameronp
18219,Phuong601
18220,ToeKneeWinz
18221,josefr650
18222,ryanfA6105FT
18223,AnhPhi1999
18224,661v_nl
18225,Charli-burt1
18226,Y224QTsunilk
18227,Rachelpayet
18228,brittanybA3248JP
18229,Filurifax
18230,AnnaGibbs2015
18231,D6217OWjuanp
18232,Bloona
18233,KendraN84
18234,192petap
18235,aflo16
18236,johnkE778TS
18237,Companion12399192762
18238,PeaceDiamond
18239,longriver79
18240,vinaphuquoc
18241,nganngothithanh
18242,68estherp
18243,Tubbytankman
18244,385queenslander
18245,MiaH674
18246,396wayneb
18247,michalmc01
18248,Amala_92
18249,889bobh
18250,739hrishikeshk
18251,NicolasSuley
18252,steveeK4975XM
18253,967SteveC68
18254,HappyTravelersVR
18255,oktadvisor
18256,mariaf302
18257,MoiraRathbone
18258,jesspV6728QM
18259,eddieln
18260,BusinessTraveller64
18261,Culinelle
18262,AmarnathBiswas
18263,rosez215
18264,Aidasas
18265,frankyensan
18266,davidyV6345US
18267,flyingscotsman555
18268,NavidH_13
18269,india0105
18270,Callcaz
18271,Godano
18272,Guide09053695180
18273,ti_nn180
18274,605nhungh
18275,ThyThytravel
18276,Sunshine44310062000
18277,ricksaigon86
18278,672uyn
18279,MinhTu91
18280,658tuanv
18281,Happiness43044378444
18282,GBC151
18283,BH712
18284,ksmith_hoppers
18285,JustinW573
18286,Rudxb
18287,200himanshub
18288,Wouter-Judith
18289,745viviens
18290,GogglesOff
18291,PenelopeB99
18292,caslindawatis
18293,B1032JQandrews
18294,cahoots1401
18295,timothyg
18296,739madeleineh
18297,sinlak
18298,lauriem964
18299,149sheenad
18300,179myt
18301,Trip50576338048
18302,FionaN648
18303,305annan
18304,U4361NYtinah
18305,SuzanneA1039
18306,nidz26
18307,ZLTD
18308,tarrynhorner
18309,315isabellag
18310,SaraV72
18311,jen2012usa
18312,shynars2017
18313,966rukminim
18314,Lrlangille
18315,271nikitar
18316,TaraniS3
18317,TahliaN13
18318,Cecil218
18319,parulmehrotra39
18320,JimandJenFuller
18321,sunita2812
18322,gretak359
18323,michi630
18324,248abhan
18325,194vikramk
18326,vanessalatefap2018
18327,kayanejchan
18328,562angelinad
18329,467briannam
18330,keikoa846
18331,lindakX4631VR
18332,benice2018
18333,petramac
18334,313yusd
18335,khanhthanh53345
18336,542thuyn
18337,Explore09884125347
18338,795vi_tv
18339,367thaoh
18340,Passenger25187066945
18341,tr_ng_nl2024
18342,boyetl622
18343,Chrispychris
18344,I2951KPandrewl
18345,W8851KWalanl
18346,tuanbeo16111997
18347,Dodo286
18348,qnhu_nguyen
18349,hangmt
18350,792trann
18351,jessiehihaho79
18352,NhuNguyen18
18353,ChauDang2612
18354,375duyn
18355,604thuyt
18356,phuch2018
18357,kinglamma
18358,alexlI5202RA
18359,Vy1506
18360,NorthStar60480701237
18361,Sightsee52046151891
18362,710nh_h
18363,Paradise00415547191
18364,527anhc
18365,karolciesluk
18366,349h_ngnhungn
18367,Trip26566120809
18368,Departure56931637677
18369,Tranhuynh310
18370,Quest57377310873
18371,l_tU9925VH
18372,d_ngn538
18373,Jet15739719288
18374,964tr_ngg
18375,505kyt
18376,Dreamer14743393896
18377,524hgm
18378,M2311SCduyn
18379,georgemH2046UZ
18380,T8466JUcarlc
18381,LizzieF124
18382,Sim987789
18383,372cheryls
18384,Mal456789
18385,dsims11182
18386,123Daniel1999
18387,adambZ4213SC
18388,KimF301
18389,234sheryln
18390,Departure167485
18391,K4600UEsarahw
18392,nathanx66
18393,153brettt
18394,diont720
18395,349rubit
18396,S1703AUrobertm
18397,maitealarcon
18398,ianmJ8038PU
18399,374lbee
18400,Freedom391401
18401,Jimmac61
18402,JoeMacd
18403,munkongp
18404,choyfen
18405,402jackiej
18406,pohk2019
18407,crawleymark1
18408,asgill71
18409,B7724HEkimj
18410,sc0ttdjakub80
18411,Reeee123321
18412,L1115IWkatiej
18413,ayeshah739
18414,J2104ESvickib
18415,jackc1995
18416,dankN3719IO
18417,982sebs
18418,408kimberleym
18419,NicoleK1623
18420,mathewh736
18421,jennykR6236FH
18422,660yannickv
18423,ciaran1878
18424,984gunawanm
18425,hvvietnam
18426,Mitzicat48
18427,qu_nhnh_nh_n2023
18428,h_ngv_ng2025
18429,133tr_t
18430,Trail13858610123
18431,515nhungm
18432,th_ol626
18433,brendanZ4323VT
18434,balujyostna
18435,Banditb2b2
18436,N1058OSbrendas
18437,PGnem
18438,Durry-357
18439,vanessacB2222HF
18440,WindRiverHiker
18441,Climber18880541950
18442,Navigator03751419301
18443,233giangn
18444,Framboisedudeux
18445,ellanndow
18446,nathandong13
18447,timz356
18448,114miac
18449,sjunjun18
18450,PeterC7505
18451,920thanhn
18452,635larar
18453,PhilippaP505
18454,bohomiracles
18455,Dworldismyoyster
18456,SharperRN528
18457,386lindat
18458,RachitM38
18459,tourpocket
18460,ruedigertontsch
18461,RhiaC804
18462,khanh1990
18463,Gotorelax59
18464,LEDenman
18465,SwizerlandRoisinDubh
18466,Daydream64012265550
18467,Roam32500313316
18468,Discover59051892109
18469,Paradise20536697974
18470,Quest28909651536
18471,Traveler24979587084
18472,Traveler19554238771
18473,Venture00769809297
18474,Sherpa41882216212
18475,Nomad57309468937
18476,th_0linhd
18477,Pioneer09861147332
18478,Quest29638264189
18479,Companion57015097972
18480,Guide42728769771
18481,Fearless27684068165
18482,Getaway48623020773
18483,Voyager16673716938
18484,Discover18229981178
18485,Relax38980354095
18486,Trip40150009315
18487,Roam67460375453
18488,Sightseer42138104453
18489,phuongnth108
18490,Wanderer02669988381
18491,franciscol799
18492,dvjs1993
18493,345RobH
18494,Anyalipskaya
18495,pcahill93
18496,687jeremiahw
18497,katielS2871QM
18498,Geebsideas
18499,nmsarahjo
18500,super_sanita2018
18501,Contan123
18502,AgentBooper
18503,hannahsZ9188RP
18504,TexasTraveler404
18505,sonja1235
18506,9steffenl
18507,ginacQ4911KX
18508,311willl
18509,321attila
18510,kaiser_liz
18511,FarAway46934178117
18512,Voyage61916796343
18513,Road59395407632
18514,Paradise21402661551
18515,Guide47319819692
18516,Connector19427937886
18517,Voyager32750069128
18518,Daydream61794526630
18519,Van-truongg
18520,399tammyd
18521,bkktim
18522,217gbl
18523,Passenger776572
18524,391mikkels
18525,lemonc227
18526,DebasishS104
18527,Voyage67539426318
18528,Companion57929035856
18529,BusyMayBee
18530,ImwumS
18531,tonyw3571
18532,baha8
18533,abrahamo929
18534,combat_wombat86
18535,JTheFlyer
18536,snirsea
18537,Quest563856
18538,luciagp94
18539,TzlilBoo
18540,Maxhuguet
18541,Tharakaja
18542,xaviferran23
18543,152brentb
18544,fintann2019
18545,jackh675
18546,isabellechollet
18547,claudiah962
18548,ShellyR41
18549,MichelleR3482
18550,barbierikab
18551,will0w212
18552,Lukas0008
18553,1997ajs
18554,Tomislav2004
18555,Lana_Mihaela
18556,Navigator61480149430
18557,Travel57825932581
18558,Discover50171316620
18559,tuongt897
18560,Wanderer58111363567
18561,Curiosity63906544377
18562,Flyer06230128948
18563,913oanhn
18564,206ph_ng_
18565,Guide40564540721
18566,Explorer63264122879
18567,Safari39063815192
18568,Roving44586766713
18569,tuy_tanhl2025
18570,Global45885275909
18571,b_ov_nt2026
18572,xuant498
18573,Dreamer01689487180
18574,Compass54791919806
18575,th_on355
18576,gonzalesm2023
18577,MinhQuanjkp
18578,QuocHienpls
18579,hang2308
18580,Trek60306204879
18581,Vacation36737614077
18582,KhanhTran2002
18583,kenhorto
18584,767noon
18585,Meander47093995492
18586,Y9151LKkatek
18587,ThuyPhuong258
18588,Tourist707378
18589,L1097ZQh_t
18590,anhtX1582KH
18591,HuynhKhaTu
18592,Trongthai
18593,ledi814
18594,Honganhha92
18595,BruceWayne94
18596,Phanlebichnguyen
18597,Mylee1111
18598,Traveler171050
18599,Phuong811
18600,Laiphan2212
18601,214nguyenh
18602,Nguyenphanlebich
18603,Maianh21
18604,t0raih
18605,Curious648789
18606,QuangGiang
18607,hongocthach
18608,CamHuongCute102
18609,DuongNgocHoang
18610,Jasonhuynh1980
18611,TrungTinThuNghia
18612,locn844
18613,Jasonbartle
18614,harryh3006
18615,885angelah
18616,vuonggng
18617,JessieTruong
18618,caohan
18619,Freedom33018005691
18620,59anit
18621,KAFFE_lounge_NT
18622,FarAway17956116224
18623,pinguyenlaluta_94
18624,Thuy99
18625,Navigator07914173197
18626,ngothanhtrung
18627,huynhhuunghia1013
18628,138salehs
18629,Passenger06004827445
18630,Sightseer01539648102
18631,539hi_un
18632,143l_ml
18633,275liend
18634,minT2351DF
18635,Departure54488337736
18636,414h_ngm
18637,Quest38054064309
18638,Road14836886728
18639,Explore12717775025
18640,Odyssey00261335470
18641,ThuyDuong1234a
18642,318d_ngn
18643,rockme1n
18644,27mss
18645,Fearless60432344018
18646,Pioneer66037273827
18647,Nguyenthithanhlan
18648,vn2259522
18649,Fearless44524713982
18650,Meander59636697825
18651,Curious26866669341
18652,dhma2310
18653,Jinfe
18654,VINHLE120198
18655,Culture60384189112
18656,ivymochi11
18657,andres_tian
18658,885hungt
18659,HoaChu66
18660,Vyngonguyen
18661,IvyBlue_74
18662,Selena1408
18663,607tamn
18664,tommydZ2820HY
18665,Anniepearous
18666,HomeopathicDana
18667,Ngan_Julie
18668,pinkerrific
18669,Vacation794411
18670,TizzyOK
18671,AttyNYC
18672,thubong258912
18673,audreyannec2016
18674,cterrantroy
18675,DuongLoan
18676,HharlandG
18677,McPato
18678,SidaT5
18679,Stay46864728950
18680,Annon1963
18681,Ann
18682,360nikid
18683,enooh
18684,havenicolai
18685,aprilmier
18686,Meander393616
18687,Jameszeng
18688,longl648
18689,Fearless19412570363
18690,DayTrip15640785323
18691,Voyager53639342021
18692,943ng_nl
18693,440tr_m
18694,hu_nhkh_nhd2018
18695,h_nl332
18696,nickgY2759YW
18697,Hancho
18698,jacquib1995
18699,dangthuydunggggg
18700,JuliaG5109
18701,671graemes
18702,I5921XHlouisec
18703,431mariamy
18704,BandBreviewer
18705,Fearless252704
18706,Stay51725503173
18707,Passport46850002123
18708,Dreamer03081314460
18709,Paradise60643816505
18710,R1444SAm_it
18711,Road29667863489
18712,388thuanb
18713,Stay04209441344
18714,jennybG9974TC
18715,A10EWD
18716,AnnPaz
18717,Temac1970
18718,Explore723094
18719,LamN237
18720,JuneAnnBrown
18721,phuyk2018
18722,AaronLe86
18723,hurdynguyen
18724,JennyUyen
18725,Dreamer62915929265
18726,nguyentuan12321
18727,Trangphung1
18728,Journey11470293439
18729,VanQuan11
18730,julyn875
18731,Traveler19280780459
18732,Camper37292874143
18733,Odyssey10994868742
18734,Julia20031895
18735,Vacation09774906523
18736,Curious21875324501
18737,243giangp
18738,784t_ip
18739,ho_nglD1770GP
18740,Journey48457118642
18741,789hangv
18742,huong381
18743,714thuh
18744,MMikeyy
18745,CongTangTonNu
18746,Taylo0rr
18747,Jet29577821402
18748,dvtrang13
18749,349mst
18750,jakel796
18751,171waheeds
18752,OnAir02838153124
18753,Sightseer36532035549
18754,Jet67569891103
18755,Explorer09857391099
18756,839rowant
18757,Flyer00130857755
18758,to_n_725
18759,Tour42575547525
18760,Nomad13513987149
18761,FarAway29857653280
18762,Roam21721714188
18763,Stay57874848325
18764,681tr_nm
18765,Wanderer67114626781
18766,160khanht
18767,I2762FRsarahm
18768,384lanm
18769,thanhd636
18770,427l_mb
18771,C3630OO_n
18772,Escape66114656811
18773,Travel20646350531
18774,qu_nhd2025
18775,asternguyen219
18776,elisel001
18777,Hobo003
18778,Mapepas4
18779,Stevejefferson
18780,Traveler0044
18781,Katrinaovs
18782,nerfherder20
18783,Lidvine
18784,R1375ZJsarahm
18785,gijshendrikx
18786,kevindatrader
18787,bhaktiar_an
18788,overelmundo
18789,joebW8080RP
18790,groundtoskyt
18791,TomareUtsuZo
18792,Nomad15752500184
18793,Curious36848727545
18794,DuynLuu
18795,Escape16203559461
18796,Camper41934935461
18797,Wanderer06630571885
18798,Companion30602955533
18799,Go08832676276
18800,chencaoyuan283
18801,portiakuo
18802,dianawychan
18803,007Rowe
18804,756cazk
18805,Snowy888888888888888
18806,2mumies
18807,matthewcT157PD
18808,438lizk
18809,thii_meii
18810,feckerdoc
18811,ValentinS1016
18812,155nguy_nl
18813,NuNau0509
18814,MinhTranQuang
18815,B6706VYalyssam
18816,Mreview32
18817,jannitl
18818,julietY6096TZ
18819,EmFama
18820,tomvining
18821,PepijnNL
18822,brycek64
18823,tinaTruong8778
18824,huynhd333
18825,Vacation30266818301
18826,29nh_t
18827,Coastal62640717955
18828,sueg-p
18829,711ritab
18830,166jennies
18831,TheAlexLHK
18832,Road03549108348
18833,Trek38877809532
18834,Sunshine38713415284
18835,Inspire11269484288
18836,Passenger51674854838
18837,j0ynu
18838,Tour60607932162
18839,I5073UDthanht
18840,Nomad09673353268
18841,Nhu_Hoa15_2
18842,R7873BIclaires
18843,kinckknack
18844,aussie_curtis23
18845,justinebG382KT
18846,Explore814875
18847,24sammyt
18848,KhangleDesigner
18849,Giauyen00
18850,Claire21Nana
18851,martasV8096JG
18852,nathalierN5087QF
18853,yeesgarden
18854,807di_un
18855,Camper63728170038
18856,Trip58422271822
18857,Explore54334903082
18858,Guide68101413185
18859,Departure59848084475
18860,Maps46137817210
18861,Sightseer46698716186
18862,Discover03021154645
18863,Journey30743610022
18864,GrandTour67849270681
18865,Pioneer11944719296
18866,Freedom61954864499
18867,832vyt
18868,Safari43702518971
18869,Explore09414391306
18870,Curiosity36321643354
18871,Traveler27204605587
18872,A2009JSth_
18873,Thinhtran1601
18874,JudyDo1205
18875,TDT149
18876,Lunguyenminhtoan
18877,Uyen7801
18878,Hphan824
18879,quynhthao
18880,Haphuong2208
18881,thanhphuongdo0311
18882,Ngocanh99
18883,Doananhtuann
18884,ngan2011
18885,nguyencanhtrieu
18886,Candy1399
18887,n_lbn
18888,TrinhDo_1699
18889,thanhhaoo
18890,jessibuii
18891,giagia010199
18892,hai1234567890
18893,Wallhuy
18894,bethd854
18895,Marprende
18896,liz_turner80
18897,Paulstocks1963
18898,Kenzpham161
18899,Destination827349
18900,deleonj2016
18901,sarahtP8878BV
18902,vi_tph_b
18903,longb704
18904,wandees2018
18905,190nhanh
18906,trungnganduong
18907,MyN241
18908,HenryYang
18909,Wanderer20780090579
18910,anhp915
18911,Journey02014736647
18912,Safari19828024382
18913,Resort53741974544
18914,Trek62672404717
18915,Road68588421831
18916,Voyage53136345288
18917,Navigator23076592699
18918,Wanderer59678815583
18919,RenataB55555
18920,ahanster
18921,Experience48906
18922,470robinr
18923,ChrisSurb
18924,thuyg2018
18925,DerW_13
18926,985megana
18927,Rachvarsa
18928,robwJ4148TP
18929,634ryanw
18930,NickF2688
18931,722benjaminv
18932,AllenHimes
18933,brentb638
18934,Nicknodder
18935,fredyven
18936,khmerkiwipp
18937,CyberDoo
18938,DOSSIER_MAGAZINE
18939,robb191
18940,greggo60
18941,docmike1949
18942,sheilalM7911OY
18943,iamyurayura
18944,Huynguyennn
18945,NGUYENPHAMHOANGPHUC
18946,VirginiaP1505
18947,129minhla
18948,Max_Kolbe
18949,Sightsee49799821117
18950,Castor_Troy17
18951,pietdevries2018
18952,lucysE3233GF
18953,JohnP1958
18954,634lukeo
18955,Xpat_Travels
18956,Camper68590260694
18957,Happiness09280523619
18958,JordanE0206
18959,P9074HVianb
18960,gordonk661
18961,Doru1980
18962,davehD521WZ
18963,rocknome
18964,Furbofar
18965,DaveK2651
18966,adamzak75
18967,divinewindnsew
18968,velworks
18969,280redb
18970,laurentlucien25
18971,ChrisTran1003
18972,Annabelltran
18973,S7062BYangelar
18974,foreverinhisservice
18975,zenesis
18976,cscholem
18977,Vananhmai
18978,dotrongthien
18979,nxk233
18980,Yauml
18981,judikieu
18982,17MichaelK
18983,jakjaj
18984,BancaT1
18985,Curious23247693504
18986,jojomolloy
18987,Kimkhanh1510
18988,Hongngoc19
18989,tueminh12
18990,anna2480220
18991,MissCaryn
18992,222lisam
18993,KimMai611
18994,Mobile591699
18995,mushalvarez
18996,viktoriyaaaaaa
18997,199elsab
18998,chuch2025
18999,Guide00354039232
19000,698umangp
19001,G9452UYkevint
19002,Kennynwf
19003,458anniex
19004,Merleloves2travel
19005,TheOExpress
19006,100DanA
19007,ChristopherS3245
19008,markdR479JJ
19009,Extraordinary695450
19010,straightwater
19011,abskeee
19012,duongh2024
19013,422li_nt
19014,doan_khanh112
19015,walkabout_00147
19016,andreatretti
19017,hienthaole
19018,thienphunt1234
19019,haminhdat0002
19020,uyenv54
19021,lienchau_nguyentran
19022,DRousselet
19023,Connector58295549294
19024,djoulibrown
19025,Excursion62321273537
19026,th_ob297
19027,h_ithyn2024
19028,MARYLINNGUYEN_02
19029,Jessicatran202
19030,Coastal52244214040
19031,Explore31012036174
19032,Journey16249119811
19033,Voyage38685396247
19034,Passenger52100002519
19035,Dreamer51806319487
19036,Paradise34405138835
19037,Seaside58463938363
19038,168bibii
19039,binbarbie
19040,HahHanh
19041,Lanphuong07
19042,GiangN88
19043,anhnQ1127TR
19044,Thanhbui6792
19045,haonguyen266
19046,Hakimthao
19047,Anniecy82
19048,Curiosity401580
19049,baod581
19050,quynhnhu0310999
19051,hongdpham
19052,Tour761950
19053,_baothii
19054,Fearless777965
19055,S2107EFmartam
19056,nhivu22
19057,Trail47892361772
19058,SteenieC
19059,bobncraig
19060,P5217CXmichaele
19061,rainger10
19062,MaggieC2349
19063,DivePanther
19064,880matthew
19065,katiesky26
19066,18huyentrangn
19067,Izaac10
19068,cocodyludmilla
19069,Dreamer26427401159
19070,721gwenn
19071,876talenth
19072,aaronmK1028QG
19073,Curiosity17176388195
19074,miguel-r-silva
19075,KC819
19076,moddang2088
19077,tepnaf
19078,hcmcsolo
19079,Nannahhhbd
19080,rachelpcw
19081,Jhud69
19082,danwicke2018
19083,616shah
19084,101uy_nn
19085,Escape56440083396
19086,Fearless19511958302
19087,Voyage51562723545
19088,Passport65872637286
19089,954thu_d
19090,LynHung
19091,GoaArgos
19092,446sueb
19093,345uyend
19094,MAKSIN313
19095,MatthewMarshHK
19096,dgermoscou
19097,laurencepQ653ON
19098,Sightsee66522372707
19099,86trangc
19100,Gidget3001
19101,ItsFabioBarros
19102,Kenekeboy
19103,Alexjurlina
19104,549mazzap
19105,sandorbalog
19106,SuzanneETD
19107,Trail749276
19108,jkchung
19109,J9259LPjohnt
19110,jvu808
19111,nurulaynip
19112,Adventure19305798815
19113,Climber26165811237
19114,t_nsangm2025
19115,Tour08698994762
19116,958muil
19117,PhamDucKien_1996
19118,maihoaph
19119,minhdang678
19120,Venture66556437777
19121,Pioneer44885375455
19122,ngoc733
19123,Explorer33184827222
19124,Voyager65194006316
19125,Odyssey30908820709
19126,Venture63891642928
19127,iilyen
19128,yleniap2013
19129,Inspire57208968291
19130,adrenaline_Mike91
19131,MitchB802
19132,ChungK136
19133,TuanP252
19134,Tbag1975
19135,JHMtravel
19136,BDC-CityTraveller
19137,jasminej680
19138,tenpixels
19139,rebeccaturnor
19140,brentb886
19141,pb6102016
19142,CaspaA
19143,NorthStar02209871518
19144,OnAir25792109182
19145,Navigator24032045900
19146,Sunshine28318337929
19147,D6288FNpierreb
19148,Vacation26451840502
19149,Exploration542638
19150,Cruiser27147289280
19151,DNomad78
19152,foxkiflytr
19153,kellyc321
19154,lindan190
19155,peterbA5819BG
19156,bobcM7506TC
19157,MelanieTaratoa
19158,Donna965
19159,LizzROz
19160,ChefCliveM
19161,Departure03519662967
19162,LanAnhL7
19163,Kat_Donsol
19164,HaniekimIshmael
19165,tracytrxn
19166,shifus2019
19167,andreak972
19168,tiatashtash
19169,louisekleijweg
19170,Nelson_Gregga
19171,nguyendangh
19172,96hungn
19173,yiukiang
19174,rrrahulll
19175,ohayoo
19176,Coastal09243736280
19177,642tr_ml
19178,Safari17148873202
19179,ti_uy2024
19180,Venture47222329741
19181,Trail21226567178
19182,Discover45808229283
19183,Travel00241610850
19184,logan205
19185,Jet461733
19186,FarAway415935
19187,Dinhien
19188,JarretT_12
19189,1WiserTraveller
19190,Venture10016800112
19191,Meander58852151946
19192,MrRhino5578
19193,thangnguyen25112018
19194,Phanvanson7
19195,FarAway60314271365
19196,Getaway37384046585
19197,b_holic
19198,minhthai0105
19199,Wanderer23665650557
19200,Fearless42464364245
19201,Wander28923290221
19202,michaeldO2293FL
19203,vines_sgn
19204,BruceR7
19205,thanhthu_nc2020
19206,michaeltU8064SF
19207,nhuhoang
19208,209tramn
19209,TrangT54
19210,349ducl
19211,NguyenT1302
19212,patriciamJ2866LF
19213,martindC3040WG
19214,neimas2019
19215,JoshE1083
19216,pbnz2018
19217,ngoctrantran
19218,179zenaidam
19219,IanM123
19220,hoaliennguyen
19221,nickvY4728MN
19222,bruceallans
19223,87rayw
19224,toddf677
19225,chepogitravel
19226,tonyn903
19227,meganmk87
19228,63tashb
19229,15LaurenA
19230,Dee2304
19231,759nicolaj
19232,xelat2018
19233,cab659
19234,staceyhC6176SJ
19235,MariA3502
19236,HarbourDaySpaClev
19237,bern247
19238,Tranglee95
19239,Truc1418
19240,NhungMy123
19241,TTdai123
19242,saeed556
19243,TranL231
19244,LeHongL3
19245,TranTay
19246,LanAnhP22
19247,huniep
19248,tomgrassano
19249,pommeetalexs
19250,Odyssey15317222302
19251,Relax50449755064
19252,Explorer11143268944
19253,Cruiser23716010961
19254,Excursion67015207508
19255,minhhan0711
19256,194thul
19257,alerimo
19258,vctr360
19259,MWD139
19260,G2582DEclairer
19261,Tony112019
19262,Tiffinaf
19263,KenandRamona
19264,JamesC652
19265,etttle
19266,sethk898
19267,rachelykir
19268,hoangq583
19269,19GK68
19270,TiernanO1
19271,AnthonyMarcSaigon
19272,858martink
19273,robertjk884
19274,claireyo04
19275,I4079JDrichardc
19276,MommaTraveler49
19277,Nguyenmoc857
19278,Thuong10
19279,Trangmiu123
19280,Mia126901
19281,NKhanh1401
19282,santravelle
19283,Mia1269
19284,MintNhu2312
19285,thuyetvinh
19286,haha231
19287,Lth_Ngoc
19288,Hera-Hi_192
19289,AnN2577
19290,fasutas
19291,Voyager51774734824
19292,437kaln
19293,Pioneer38777209498
19294,200thuyd
19295,Tommy361996
19296,Escape37078626287
19297,NorthStar13215381769
19298,DayTrip35934354755
19299,Nguyenkalhaman
19300,doann665
19301,Kimmie2608
19302,hutchinsona2024
19303,hoangminhanh589
19304,nhatminh788495
19305,hoanglong41596
19306,brendonb486
19307,483timmys
19308,surferboy_25
19309,Sammybabie
19310,Navigator06454223430
19311,tran799
19312,v_nn869
19313,Wander22930475739
19314,Maps04471342188
19315,Discover24630865906
19316,104ph_cl
19317,Sightsee33134023594
19318,Voyage10286436507
19319,Compass26710002547
19320,800ram_nc
19321,mistahfong
19322,Quiqueparente
19323,782asafh
19324,jackecolodge
19325,MyjessL
19326,641delab
19327,Lale980
19328,350devann
19329,D8236FPdanielaa
19330,Anabastos
19331,707tristanc
19332,soma63
19333,Summerzb
19334,MeipW
19335,ulrikd2017
19336,JulesBenjamin
19337,judithc984
19338,ti_nn245
19339,Discover48300526057
19340,luongvan
19341,Asiaaddict7777
19342,Takafu
19343,rbackus
19344,587jaya
19345,yuna12
19346,HSiL5
19347,QuynhThanhH
19348,Divinaxochi
19349,thaihung15
19350,irenemT5987OP
19351,wetti_cave
19352,joydinh
19353,K3418CJrichardd
19354,magicscarf
19355,DavidTravelReview
19356,jl100393
19357,kyr17
19358,848b_lente
19359,hhn95
19360,Leicaman8
19361,wesjackson92
19362,HelmerAslaksen
19363,dangabood
19364,MyN228
19365,SallaK140
19366,MillaKurro
19367,HelenACampbell
19368,Ivy_vo95
19369,400anthonyb
19370,Calvin30987
19371,SolLoving
19372,Travelling_Thomos
19373,tangseok
19374,Mkc_mc
19375,Kezsin
19376,Kuaky
19377,Tee_sioux
19378,crudestar
19379,nbhimani
19380,M2la
19381,matthewallan
19382,762corinap
19383,tamerar256
19384,catheer2018
19385,36wallerw
19386,jojo121121
19387,pandacoon
19388,49girishb
19389,731katyj
19390,garyfI6144EL
19391,KM-Cooperstown
19392,256tinit
19393,MarkusM2612
19394,V107YLcristinam
19395,703wens
19396,352johnv
19397,3rachela
19398,followmike
19399,tinkerbellstravels
19400,73rcm
19401,AmberB2490
19402,bryttab
19403,sukhan2016
19404,stephanieshreenan
19405,scrubby29
19406,boeboes1
19407,joele538
19408,atwillplz
19409,erwinl31
19410,Flassher
19411,Gustan-Mc-Gus
19412,Daniel_O_llll
19413,Riannabay
19414,626carlya
19415,Covid_avoider2022
19416,vince908
19417,jfmayer2106
19418,cwjrSD
19419,WWW-BYR
19420,HoDieuLan
19421,Maps23482766077
19422,Vacation07420199708
19423,Sightseer09893851393
19424,Road24527618862
19425,Bananerz99
19426,TimTs
19427,LoveTravel662749
19428,mydungt2019
19429,629nathanielc
19430,Ngannganngan
19431,douniat
19432,npatuan
19433,271sallien
19434,DayTrip763231
19435,kimthanhp2019
19436,hoanganh1702
19437,AndrewP1956
19438,CoCo17121989
19439,AndrewStevenson1985
19440,Jet55761217258
19441,Curiosity53597055906
19442,Daydream28742551877
19443,587tr_ct
19444,anhho_ngt2023
19445,Excursion44579407851
19446,Guide34692913570
19447,TINH_DOVIET
19448,NorthStar732127
19449,MaikaNguyen92
19450,BeeTr92
19451,Scenic46157993967
19452,Trek08920932262
19453,Vacation35096264717
19454,Navigator44241113111
19455,Annguyen1105
19456,DayTrip35670345831
19457,Cocorum0
19458,DungT306
19459,kaitlyn10h
19460,yuliakindia
19461,MarcPasques
19462,KhoADynastY
19463,69jaydenn
19464,Curious47352941140
19465,Escape59043985911
19466,shenalb2017
19467,yucw
19468,129barisn
19469,Jiajun_Lee
19470,WiebeF2
19471,Terenceteo
19472,MarcelVr
19473,itsmecho
19474,589ng_nt
19475,Venture20743531096
19476,GrandTour12466526029
19477,779ti_nn
19478,520quyenp
19479,Nhi13052001
19480,maiin2024
19481,gwandangjip_bbq
19482,nguyethatran
19483,TranThiKieuTien
19484,Baovy0507
19485,Vacation08953519917
19486,leonisenash27
19487,sophiiell15
19488,lillylillyj91
19489,chtild80
19490,ambamberw82
19491,isfiawarr278
19492,katevpesic
19493,U1699KRsuep
19494,QCbirder
19495,pollym546
19496,jimbob186380
19497,iansmith222
19498,SamThuong
19499,129jimg
19500,201peterr
19501,BivoBamBi204
19502,G8423OKsteveb
19503,AIGPB
19504,mitchys2018
19505,PandaSeeks
19506,bvtw
19507,KumarSwarup
19508,Patti-Deg
19509,684lavinac
19510,burtenshaw8
19511,EESdad
19512,meganbS8273DX
19513,LoveChiangMaiTouring
19514,mitchsf
19515,juliannef2018
19516,_michellesweet7
19517,CT0k
19518,Susanna1941
19519,936gabec
19520,Ngoctu2605
19521,Linhkitchen
19522,Ellamenercc
19523,Curiosity04339093629
19524,chuntin04
19525,meliz_melbourne
19526,tle999
19527,thaon27
19528,pyc_grace
19529,longh495
19530,32chum
19531,Paradise252014
19532,903ashishv
19533,877main
19534,MichelTony
19535,band2811
19536,Thaotranvan
19537,canh_vuduc
19538,Tra1206
19539,ho_ib_on2022
19540,vuh267
19541,chouchou1612
19542,509ph_mp
19543,DanaDrahos
19544,sanctusl2019
19545,Relax62265784642
19546,Voyager00274469986
19547,755giaul
19548,Pioneer18269611235
19549,Fearless49029731380
19550,Connector54474616193
19551,hanafutz
19552,lonngh
19553,dthucvan
19554,garethr241
19555,189nguyenn
19556,NickOzJap
19557,congduong267
19558,kieuqua1109
19559,JasonN2375
19560,FarAway20763349771
19561,Odyssey16130995671
19562,NorthStar29796562786
19563,Flyer50112614283
19564,gilbertjchen
19565,huongv467
19566,Trail07227061744
19567,304ho_ngm
19568,375karim
19569,sylvac2810
19570,118traceya
19571,Destination763954
19572,PeteSheringham
19573,T9523SJlaural
19574,BinhN249
19575,FaridaM220
19576,Guide703692
19577,chic521
19578,347rasmush
19579,JoilePham
19580,Navigator33478078510
19581,E5452UEkellyy
19582,phoebel512
19583,Kobokaeh
19584,stutikothiyal
19585,Road268815
19586,Go26509595403
19587,tomnF9075FY
19588,TimS125
19589,EricB1147
19590,Johnstick
19591,Sanotodesu
19592,143johnnyr
19593,E7760XDlawrenceh
19594,Giuliasoh
19595,Ngocdao10
19596,Bichvan1701
19597,Ngocnu281
19598,DayTrip06010344353
19599,spamamgao
19600,phuongthang2486
19601,sinanji
19602,kurtkrausse2016
19603,Thuyd1984
19604,ibernotas
19605,AnhViet
19606,Giahuyngo1212
19607,JianZuo
19608,Tranhuuphu200890
19609,AlexGadsden
19610,496thuyl
19611,Khanguyen77
19612,Tanhuy8888
19613,ngmnhut
19614,catherineg998
19615,bsartstudio
19616,398anniew
19617,louisev330
19618,LillasysterKanin
19619,garyhZ1937JS
19620,sallycT4244KO
19621,ishiol
19622,Shellyg53
19623,SVoisey
19624,Ltn_thao2505
19625,Wander47050662988
19626,kittycutiet
19627,igorpW7916KT
19628,X4424WFalexanders
19629,I5846MZphilippel
19630,DrSavP
19631,elanl2015
19632,violah941
19633,V3486YBpaulc
19634,603sandeepk
19635,676ki
19636,U6201JB_
19637,Samsamsamsamlovely
19638,Helen972501
19639,Lisa30121997
19640,Keeble97
19641,Bella130787
19642,Joseph151031
19643,HuongNguyen233
19644,phamvanbao2904
19645,h_nghu_t2024
19646,Daydream39990513529
19647,730hain
19648,Navigate35217911688
19649,Nomad44647434326
19650,217huyd
19651,176phucv
19652,Scenic50341715359
19653,ThaoNgyn
19654,Cruiser38657355575
19655,Cruiser28479953654
19656,v_anhc2024
19657,Sightseer35892729755
19658,quangd_ngt2025
19659,EPP_74
19660,brodieb981
19661,Yvonne-Lindkvist
19662,SimonZZee
19663,I2170ZFthanht
19664,Paradise27696709672
19665,Relax11811191387
19666,hongminhduc
19667,Passport02476845399
19668,TONGZD
19669,carranza001
19670,Natasha31113111
19671,Endurance99
19672,ruthn948
19673,Hamspam77
19674,yenq2018
19675,Que-anh
19676,joachiml897
19677,xuananht
19678,Diannameid
19679,Climber24245190752
19680,Maps41901029664
19681,joolyone
19682,stevendick
19683,hongkongholic_lisa
19684,monicar354
19685,198ottavias
19686,koki8
19687,C5689EDmarcor
19688,KwonK_12
19689,Sid_sidath
19690,axels341
19691,500chungl
19692,ThePassenger26
19693,Happiness23461082279
19694,130thic
19695,acallmekhoto
19696,444petrac
19697,nmtuannuce
19698,Shazzamac
19699,HHUK93
19700,CaseyLoo13
19701,SPFeb14
19702,jackbarrow4648
19703,535anm
19704,simonadJ892GJ
19705,Flash556677
19706,Dutchman888
19707,LalaAotearoa
19708,Steviewander1
19709,RADHD
19710,25harrietg
19711,jeremya537
19712,canelk2020
19713,rikim713
19714,healyf1991
19715,_timehousecode1
19716,Waverunner69
19717,adelebz29
19718,SofiaL2654
19719,ctws
19720,emmanhi_nini
19721,VivianS1825
19722,Guide31831974774
19723,Wanderer59306714127
19724,Vacation36443278495
19725,22b_ol
19726,quangti_nl2024
19727,Go67152145695
19728,Sightseer29556365999
19729,Relax02323303351
19730,nhienancanada
19731,ShivMamadapur
19732,YanCuiTravel
19733,666an_
19734,locn947
19735,SirDrankalot
19736,Mehul_Kirit_Shah
19737,aaronchiang
19738,Phuoc_Dat_Ho
19739,Departure51872329939
19740,582nur
19741,487grantt
19742,waikyl
19743,BradH108
19744,Onlynumbers
19745,WholeLifeTraveller
19746,dc2222
19747,ThanhTamT12
19748,ThimyduyenH
19749,anantranthi
19750,tonuphuongduyen
19751,CatPhuc
19752,604anujm
19753,NguyenC259
19754,Selena157
19755,Wanderer778004
19756,SebasNg
19757,51MarkS
19758,Thu_Tam2112
19759,KietN29
19760,OnAir08835912915
19761,anmienntb
19762,Goidauthaoduocquan1
19763,311nhungv
19764,Helenmood
19765,kamishan1610
19766,Dream21337914748
19767,bepundethuong
19768,Compass55475947365
19769,francescarO5262VP
19770,T2703PSchrist
19771,354v_nv
19772,535buiq
19773,minh619
19774,ann_G686VN
19775,87nh_l
19776,Stay55890015874
19777,Resort04694261736
19778,Explore03562011985
19779,Yngochuynh
19780,surplusmarketing
19781,deniso206
19782,ElJefesCafe
19783,tommyboy2211
19784,haratriphu
19785,mkzhouchou
19786,Alex_Vladi
19787,O1048OLeduardom
19788,Pauloipavec
19789,208erwinh
19790,MDLIFE
19791,nikolausm102
19792,arjand309
19793,Trail34896153074
19794,Halennamiumiu
19795,Discover53176859674
19796,Dave84_HUN
19797,jennyhQ6398HO
19798,T6414OKdeborahw
19799,kimnganpc
19800,davidnguyentexas123
19801,suepham33
19802,oskie4x4
19803,kh_nhchi_2026
19804,Wander15073390362
19805,Jet53811349328
19806,h0_ngtr_ngn
19807,Daydream08974024547
19808,Venture26499403260
19809,524mih
19810,34thanhv
19811,sopofor
19812,Vetchman1
19813,FranknAnna
19814,Coach_6369
19815,U2112GWdonnam
19816,Julesp365
19817,ScubaDivingDavy
19818,Cesar_crc
19819,nguyenhangseo
19820,Escape51120311880
19821,pchelkamaya89
19822,Brodcrighton
19823,aldrinvzenki
19824,287jessier
19825,FL1919
19826,edouardmdg
19827,R2848ILchrisc
19828,LanChu58
19829,NhungNguyen89
19830,754uy_nt
19831,ericchua1
19832,Innovationzz
19833,ManKhoi_Nguyen
19834,554marees
19835,nilasulit
19836,315millern
19837,432jillk
19838,msmollybk
19839,lindavG3807IE
19840,nguyenn57
19841,Trangbui96
19842,982tr_n
19843,Sightseer731884
19844,LanCa2016
19845,Wanderer12724985494
19846,Sunshine15880019745
19847,DayTrip14406027763
19848,Maps54914233659
19849,MichaelH6390
19850,djsudesh
19851,Travelphoto2020
19852,Dedungey
19853,Cruiser41349613887
19854,Tour59420780323
19855,479xuann
19856,Discover22826837362
19857,phuongthaon311
19858,Trip37894339319
19859,Wander23864253602
19860,Compass49914180776
19861,Venture64411054879
19862,Fearless56225340942
19863,spaq2024
19864,Lissi1998
19865,marcelamundoafora
19866,Dougdesertrat
19867,joseaN4751KE
19868,996lyndalj
19869,Y3221MHadamf
19870,CtheGlobe77
19871,samisossa
19872,24GreenStreet
19873,nathanjones222
19874,Ambassador400389
19875,DragMiloo
19876,Claudinho_Sagita
19877,Zhengwenbin
19878,benjaminlV3899JD
19879,SCuerden
19880,Passenger10391368693
19881,711ayat
19882,Paradise09555
19883,172sherryn
19884,ThuCuc
19885,robertJ4612
19886,Ngocanh252
19887,ElevatorAl
19888,mishaNYC
19889,Stay00289850808
19890,Kattobi_Itto
19891,dnchuong
19892,Expedition520877
19893,xenapet
19894,dexter41
19895,Silkesjoo
19896,georgian291
19897,SOOHOLEE
19898,travelking10000
19899,sond981
19900,Bmwmusic
19901,Safari49028283125
19902,Passenger61900135550
19903,Tourist62896680680
19904,Compass02831083207
19905,Companion649046
19906,m_lY4047HQ
19907,stefanlange7
19908,Karina-Bloom7
19909,Samanthaaa12
19910,M8280ESchristianm
19911,krestenm2019
19912,lou_lou_thu
19913,Passport52340691143
19914,Sherpa34876986135
19915,thaipham186
19916,tphanpd
19917,Voyage22598770318
19918,nguyensontung91
19919,nguyenma
19920,Jonnym_7
19921,487laurag
19922,travelgeekuk
19923,WanderingFlipFlops
19924,MariaP15643
19925,DanielLama969
19926,359emilyu
19927,tramt715
19928,Departure12808035374
19929,Nomad17362626098
19930,Safari39492020650
19931,MeredithC398
19932,katherlenem
19933,trant695
19934,Explore90785
19935,656VanessaM
19936,TheFoodguy
19937,506duyenh
19938,289mym
19939,602s_nt
19940,245jacobd
19941,Miggro
19942,antoinel778
19943,491uy_nn
19944,Vicolo1
19945,tsegretain
19946,bluvision
19947,Knowledgist
19948,OnAir679978
19949,Seaside665934
19950,nguyenhoangt302
19951,Pioneer41405901433
19952,luup2024
19953,379hienn
19954,149tr_n
19955,kimngal2026
19956,IrinaphuongP
19957,Relax66414733124
19958,349jenngnails
19959,chaparita
19960,Camper34410803917
19961,Resort14643586350
19962,Stay03777831292
19963,Odyssey52271962926
19964,GoPlaces33986978183
19965,hhoa
19966,didierjoo
19967,Nhaan00010
19968,Q9686PClinhn
19969,Happiness25496386372
19970,Adventure21851833852
19971,remarkableroamer
19972,GioRash
19973,Ehershey
19974,shi2905
19975,27rikken
19976,SarahKathleen123
19977,changvo2988
19978,712hienv
19979,NganN148
19980,TaoB52
19981,697huyt
19982,Connector25814162953
19983,774tr_cn
19984,Doanhieu12321
19985,WellCoffeeTeam
19986,Anaislisepham
19987,61haic
19988,vietqn
19989,Hainrden
19990,boys2018
19991,tivant
19992,LapL14
19993,AnnN1590
19994,freeaudiobooksf
19995,Compass19805840010
19996,234nhiemt
19997,tonycY7321YI
19998,158ti_nk
19999,216phuongl
20000,David_Su_282
20001,th_iq2018
20002,TrucmaiA
20003,SyxLee
20004,Curiosity64745508782
20005,Fearless22277664667
20006,GoPlaces16606216708
20007,Vacation22949316825
20008,Luuhkhanh002
20009,Pdntraam
20010,ThanhNam1409
20011,Hcmctraveller2020
20012,soonlawrence
20013,simonabendov
20014,Blanksoul2k
20015,marksP7841AO
20016,pavlol38
20017,tuxu100
20018,trangp575
20019,hoangp937
20020,Ducanhtran256
20021,xuan1510
20022,Ehmjaybee
20023,569sidneyl
20024,M9935MUvincents
20025,761phanp
20026,447ianj
20027,Travelnerd90
20028,jrsee
20029,Vacation19534178757
20030,Voyage02146852096
20031,LyNaT29
20032,HieuYoo349493139
20033,500phuongl
20034,datnenkhudong
20035,J361ADsusan
20036,GoPlaces05375346296
20037,445piyak
20038,leenanail
20039,Quest57084076373
20040,Tourist01198242799
20041,Trip02274075022
20042,anthao181299
20043,iiamzen
20044,yannie7
20045,carmendP9239HS
20046,P5368YYmichaeln
20047,_vivc21
20048,579spal
20049,383ng_cp
20050,Passenger66622723608
20051,leannewG8052PN
20052,Junnguyen2010
20053,Rosevn82
20054,Exploration673199
20055,Excursion47710100641
20056,Wander49946625978
20057,becreative
20058,Writefully
20059,Johnkinder
20060,265lydias
20061,ThuyP
20062,sanketbhat27
20063,AmyM471
20064,Saraheatwell
20065,j0eneh
20066,730gemmab
20067,ksc1953
20068,nipsuli
20069,HYDEY
20070,nguyendM4276NP
20071,Y4182IGandyt
20072,Compass25167390715
20073,Dream62149839060
20074,196virginies
20075,Vynguyen1204
20076,khangt368
20077,Laiquynh
20078,davidray681
20079,Ginmega
20080,swaika
20081,dirkh844
20082,Relax27431921959
20083,544khanhp
20084,tr_cquy_nn2024
20085,285thin
20086,PeterV5737
20087,Dream63125212067
20088,Dream22232646673
20089,nguyengoc811
20090,Passport23958829590
20091,Flyer06889131150
20092,Nickdave
20093,avocadjack
20094,lauplus
20095,kavithae2018
20096,anhthu0316
20097,Shamb0
20098,NnHuy
20099,cmagupta
20100,tonip09
20101,VanShenna
20102,JoanneK632
20103,lucysK6749CU
20104,394josei
20105,Journey14775281061
20106,Unknownothing
20107,thebao2001
20108,christianw456
20109,baloghj2015
20110,jocij2018
20111,paullotravel
20112,Sim_Mcs_World
20113,_john_kanard
20114,Lauramike1972
20115,Buiduong
20116,CAMAXSS
20117,jrtravel9999
20118,ilkeaksoy
20119,736gerg
20120,Maria0419
20121,89PaulL
20122,PatriciaNottsRogers
20123,H3552FSannieb
20124,579robynk
20125,172freddiek
20126,NorthStar50695723079
20127,Culture64421158896
20128,viktoro2017
20129,186sixtinev
20130,B5919TMjennyl
20131,930p_t
20132,Travel67241508129
20133,tut973
20134,670thuph_ngn
20135,Cruiser33363152034
20136,quynhv2025
20137,Trip61006459486
20138,Go31839405372
20139,lorraines2014
20140,violet-nhu
20141,516patr_ciaa
20142,suzannec979
20143,HuyDoan1708
20144,lauralaque
20145,ducnguyenberlin
20146,yenhuynh
20147,carolvancouver_11
20148,nhienq
20149,audreygail
20150,ChrisF_Sydney
20151,Steiner6548
20152,tvb_luan
20153,Horus8888
20154,637duyn
20155,Culture00784393548
20156,saver007
20157,cadayne
20158,ceday
20159,nguyenthanh2310
20160,Paradise21960499062
20161,tr_ct543
20162,Sil_Via_00000000
20163,OnAir60679400767
20164,Explorer18211082936
20165,Seaside21715682969
20166,thuph_ngt2018
20167,cmtt246
20168,phongkhamtanbinh
20169,Paradise753216
20170,SangN149
20171,Stay25407832241
20172,jim504
20173,Jessicaabcd
20174,monicapQ1637CA
20175,marky443
20176,Adventurer692557
20177,smonilicous
20178,wahwah2017
20179,huynhthanhsang2222
20180,tmaccca0z
20181,Daydream28849463527
20182,Explore05474787397
20183,Lizaspa333
20184,cathleeno388
20185,daod607
20186,chamyd
20187,th_hu_nhp2019
20188,124khunm
20189,tiffanycalla2019
20190,hatuxka
20191,474mail
20192,388cassandrat
20193,CorrinnaCorrinna
20194,MrMmmmmmmmmmmmm
20195,Thanhtung92
20196,31billyh
20197,Tinavuongvuong
20198,PhillipLim68
20199,Jolietour
20200,hoangn376
20201,Rusty60
20202,576jzt
20203,427jennat
20204,DeanV217
20205,alien416
20206,bsconlon
20207,deniserC1591XX
20208,Rhianamus
20209,Z6246WJstevenl
20210,991lol
20211,Haleyreviewer
20212,Xuan1992
20213,Scenic01440470384
20214,Resort00828656474
20215,JaimeG1067
20216,lolem89
20217,vananh_ngo
20218,Jennychen5252
20219,tranlen
20220,Dreamer09558042978
20221,maevenglikescurry
20222,lancan2024
20223,michaeldZ1824QX
20224,chypwanderlust
20225,nguyenanh95
20226,vunganhahihi
20227,thanhphank34
20228,TotallyNotRyan
20229,313ki_tt
20230,Scenic52380508898
20231,Travelabroad92
20232,Organicfoodvn
20233,Hertza
20234,O307WNdavidc
20235,croscoe
20236,BradM1902
20237,Nlenigma
20238,haho0201
20239,rayning0106
20240,Trail51904386894
20241,Fearless51694499959
20242,648Aces
20243,tanpopom
20244,Rod4178
20245,benjaminf117
20246,Seaside08075206339
20247,Wanderer50698214652
20248,Inspire51099860415
20249,22LandHotel
20250,aabbbbbcccccvb
20251,khoan43
20252,DavidD10566
20253,Trail22848183835
20254,Traveler06688546765
20255,SalesD16
20256,679hayleyn
20257,Rickberka
20258,Explorer22762729316
20259,chloeamaris
20260,cmrinne
20261,jazgula2017
20262,clumsyghie
20263,limkelvin1230
20264,joytotheSeA
20265,evand399
20266,bzbxxgx
20267,Safari40212190890
20268,T9425ICant
20269,vietnguyen20102022
20270,411olivag
20271,8vlog
20272,Quest55552345499
20273,TheProfessor1970
20274,anan010697
20275,nhaphan
20276,thanhliemk
20277,alextrananh
20278,mihubvnk
20279,Escape36302205470
20280,marieth_h2014
20281,Daydream62004441483
20282,Sightseer52155459111
20283,Traveler41949054596
20284,deanleonardh
20285,blacklemongig
20286,Gojoban
20287,doanv218
20288,MaT1046
20289,makssi10
20290,sujithgunawardhana
20291,Explore58788564406
20292,DeanaaaaD
20293,Vacation125786
20294,Sightseer828466
20295,CorleoneN1
20296,ph_cvinht
20297,aboyit
20298,Nhien_Phan
20299,NgocT309
20300,Jet736019
20301,cvanirudhrao
20302,Hartemark
20303,Doranguyen
20304,Phanthithucuc
20305,Giacngo
20306,612jessn
20307,ThienthanhN6
20308,NgoctoanH1
20309,PhuongA60
20310,B5552VHjanh
20311,Quynhnie
20312,Anita_en_Martin
20313,1958Remi
20314,jordainl
20315,timlQ6263OT
20316,Mexedap
20317,Roam29513751899
20318,MATEA89
20319,732keithn
20320,martinlundj
20321,dn_sussex
20322,FlyingBob123
20323,SEATraveller99
20324,hatrinh1987
20325,dichvuseotukhoahcm
20326,vothanhtien
20327,Vacationer768146
20328,wryipq
20329,NorthStar763865
20330,MarcAnja14
20331,Sambaby1399
20332,Culture60995015950
20333,maianh099
20334,mooveitorloseit
20335,Licalvin
20336,315nguy_n_
20337,nguyenn561
20338,minhdanghoang
20339,FraueleinK
20340,ngomyhuong
20341,twoscratchy
20342,benb852
20343,R5862FWpeterg
20344,andyycarbed
20345,tien_tien96
20346,susulogv
20347,Trip64652890209
20348,Quanvu1992
20349,Compass162996
20350,dcsupreme
20351,Lesl1990
20352,alanteo19
20353,Prinny619
20354,893vinht
20355,kimtaeyeon1989
20356,JMB50
20357,397henryl
20358,trungdungdalat
20359,SarahJFG
20360,175neilg
20361,kanaeef
20362,757chloe_
20363,Vuleloi
20364,boshopvn
20365,may-loc-nuoc
20366,tramnguyenthuy
20367,ohmygenpro
20368,huonggiang245
20369,h_t_un2016
20370,ThuyNguyen0305
20371,phamq67
20372,314zalis
20373,alinoln
20374,Scenic16849428374
20375,KeithHewitt
20376,Daniel111533
20377,618khangl
20378,My_Le94
20379,SonCa05041989
20380,mariaben64
20381,thutrinhthai
20382,155denisg
20383,florianversini
20384,gid_dgs
20385,214t_l
20386,70louisem
20387,aquacic
20388,katiematter
20389,kieumyn
20390,Kristinetah
20391,Vacation818975
20392,293salvatoreg
20393,DayTrip53902455210
20394,lem925
20395,xemiennam
20396,huynhthaihuy
20397,am2696
20398,Discover58724377034
20399,Odyssey14893759797
20400,Culture787270
20401,BoardingPass787254
20402,John_KhaiAnh
20403,Coastal63613212867
20404,902vinhn
20405,190v_nt
20406,vetva
20407,sakim4363
20408,Happiness67796568796
20409,161h_ngx
20410,MA1900
20411,Sightsee63910962302
20412,ThubapN
20413,Discover758473
20414,Sightsee757639
20415,lorrainechallenor
20416,199mariusp
20417,TazVn
20418,LilyMaria127
20419,HuyN761
20420,BrianC6620
20421,bigkiwi15
20422,Elvinwin
20423,Jet59045396889
20424,Navigator28299986217
20425,NorthStar43361104362
20426,Tourist65119483391
20427,louiset821
20428,billhryciw
20429,TheSaintKing
20430,Orangeman61
20431,frant2008
20432,AngelY814
20433,884trungh
20434,Phamphuong
20435,Culture66181863360
20436,GoPlaces14581555584
20437,Venture39693280456
20438,Carlson0502
20439,jessisthebest97
20440,high_society_hobo
20441,Climber23573116351
20442,moyali
20443,SamTheMan94
20444,11seanc
20445,The-Guy-In-Kansas
20446,athlethal
20447,Companion00422199155
20448,nancyzagoo
20449,HongT428
20450,thach_nguyen_Jiin
20451,Freedom31713966073
20452,Coastal61215439750
20453,Inspire02866368168
20454,Adventure05332215183
20455,NorthStar19584282831
20456,Truc-Ha0104
20457,hienpk01
20458,Paradise01939064183
20459,Hinsbiu
20460,thdtourist
20461,th_thi_ntrangl2024
20462,Wander42732289254
20463,Traveler06578251697
20464,thuynguyen1996
20465,NgoToNhi_0101
20466,ZuMalik
20467,roxanegil
20468,Daydream08568001549
20469,DayTrip41365796861
20470,AmiPhan
20471,W6078OFbarbarab
20472,TinT191
20473,1825eb
20474,844francescof
20475,tuoit620
20476,Companion26038733135
20477,lann475
20478,haot235
20479,437tienl
20480,Ngocmai131193
20481,heulii266
20482,Meander22177336353
20483,Jet50238644290
20484,caribbean_vn
20485,StevenN1848
20486,91linhh
20487,RitaTomm
20488,leaj128
20489,simonhalldk
20490,joseb133
20491,Nomad66126088061
20492,Navigator55830958101
20493,Curious61414974184
20494,Sophs44
20495,bnjawan34
20496,LeeCat1404
20497,Derrick1230
20498,Suong1994
20499,Giangtho
20500,kinggggggggggg
20501,MyGoldenBliss
20502,Climber50185654753
20503,douglasmN7052FE
20504,SCLim67
20505,Coastal08314863921
20506,jorgeluisaspillaga
20507,amywH9830DF
20508,kecurnuts
20509,Qwertycheep
20510,ivana_C2501BB
20511,MrsPeet3175
20512,hii67
20513,ledat1986
20514,spatmale
20515,392annicas
20516,jamecamus
20517,fonge100
20518,540datv
20519,Roving27526839501
20520,Cindytran9898
20521,Storyteller377197
20522,443luciat
20523,Tourist729729
20524,KelliW634
20525,evanst522
20526,Londontraveller19899
20527,O534XCsarahc
20528,824iana
20529,Holidays240451
20530,Jet44848895697
20531,Thunokia
20532,baobao12345
20533,WaveA11
20534,Duke-Nguyen85
20535,vinodkumart2018
20536,joelt993
20537,Garvin6
20538,GoPlaces23135596859
20539,gpugaviton
20540,wolfy_au
20541,W6729ZZkim
20542,thanhphongn1
20543,Stay828778
20544,clarenocka
20545,JaeSz
20546,ho_ngp395
20547,Louis_Le_1504
20548,nofrosting
20549,I_travel_abroad
20550,h0_iph0ngn
20551,lolo1231231312381923
20552,Road03477869678
20553,brian542
20554,C6958RLmarkj
20555,Travel23722178842
20556,NQ_Ngan
20557,Venture54701459749
20558,annguyen105
20559,t_nth_nhn2024
20560,tiez46
20561,ChinhN78
20562,RNPapp
20563,xamviettattoo
20564,Nguyet1996
20565,Zoomtravelvn
20566,tuyetkieu2023
20567,Thuhateo
20568,Wanderer30666799735
20569,147allenm
20570,PeterDK2016
20571,kicpark
20572,thuyvi0210
20573,yunivalentia
20574,K4046TValbertom
20575,Bjduong
20576,Suntory18
20577,hoangn920
20578,241yiny
20579,Thuongphuc
20580,steveaU5132HN
20581,Hellomrgeorge
20582,myc228
20583,Marliesdeboer
20584,mrthangdotnet
20585,trungnguyen1909
20586,Sightsee59801494690
20587,Roving60445883860
20588,856karenz
20589,pighunter8
20590,YENL409
20591,lmagid
20592,Navigator38573081567
20593,OutlawzDR
20594,PhuongMy1987usa
20595,KhoeShiatsu
20596,TaylorS2167
20597,KaneL109
20598,158ellien
20599,G3650SHkevinb
20600,Drafter2D
20601,Flyer34280011055
20602,Salesduy
20603,Wanderer51053828657
20604,Nguyen_Le_2606
20605,iVendetta
20606,jppc2019
20607,Muyang2288
20608,TheReviewJeng
20609,Camper258222
20610,PhuongN1325
20611,Companion12168216541
20612,389KellyG389
20613,V5809RTannem
20614,ShannonM0818
20615,P3916XWkatiew
20616,yueningk
20617,jmukherjee
20618,Renmarikit
20619,uniquebam
20620,pramilan2018
20621,erikawongyk
20622,steadygo
20623,kiwibirdnewz
20624,Katarina_family
20625,SianC231
20626,NateThanNever
20627,bvuong1013
20628,85_Tynus
20629,Dybdw10
20630,koonyeung
20631,CatL535
20632,pablolG7927CG
20633,Rubyvaughn
20634,advenutrecanada
20635,M2017VSemmad
20636,ellaaustin
20637,145caseys
20638,563opticalt
20639,ce802
20640,AliBali_Travel
20641,Nomadic_Thoughts
20642,YolandaR798
20643,N36MBpaulm
20644,Ischa89
20645,wongs222
20646,Thomas_pham
20647,thachl2018
20648,HungTuanDao
20649,papa-rupe
20650,Arnius55
20651,PemoHoang
20652,zacc918
20653,wrassy
20654,Fearless55294390655
20655,ldmquyen
20656,LinhNguyen1903
20657,jjp370
20658,600kh_cv_
20659,callieefron
20660,345pruew
20661,balap2604
20662,284heatherl
20663,TrongPhuoc
20664,emilymW9878LO
20665,GhettoSerious
20666,piper_cj
20667,digitalreview
20668,641hungn
20669,minhhieun2020
20670,vespascooterguy
20671,WillMac66
20672,Scuzzlebut
20673,jphu007
20674,tientran98
20675,andykimpton62
20676,LamYenMy
20677,kellyn219
20678,tracytran172
20679,ginza-kanau
20680,gsanders1111
20681,phuongvo12
20682,greenlotusbeautyspa
20683,Sasjordan
20684,walds0nm
20685,sylee97531
20686,JolienS116
20687,thebeautyhouse
20688,nguyenanh84
20689,Excursion15987669897
20690,thanhlocnara
20691,Leabui_9
20692,Adventure31737246901
20693,Vacationer816926
20694,ZMB1E
20695,LolisBoston
20696,GuilfordJ
20697,588tri_nn
20698,565giangh
20699,QuangT30
20700,Meander789894
20701,Tourist67080917665
20702,kayla27897
20703,Jesus-V-F-H
20704,magdasyoga
20705,jacobnokes9
20706,clairemzt
20707,NorthStar61307427771
20708,VinnDiesel
20709,truongh65
20710,715drewc
20711,chiaramF7066HE
20712,Sunshine721741
20713,katet615
20714,chery_13
20715,thaihuong98
20716,Viviannhv
20717,Journey04565892066
20718,donghai0412
20719,ptkl158
20720,472oskare
20721,Trip673468
20722,globetrottingourmand
20723,ngocty123
20724,lost_sg
20725,RickP74
20726,kevinlI8439YJ
20727,Safari01538113214
20728,Rubblesmith
20729,Eero63
20730,Toannguyen88
20731,usmc65vn
20732,muirnoire
20733,Patrice_Guyot
20734,KevinL355
20735,quynho2016
20736,Explorer20523285970
20737,Romoss1
20738,Hemanmou
20739,whorew
20740,tavelwithfriends
20741,FoodDiscoveryNow
20742,289marke
20743,Dionizote
20744,trevorevernever
20745,fairly10
20746,Kanguyen2015
20747,Danichuli
20748,21sav
20749,631vasilr
20750,678tamim
20751,851herberts
20752,GregK254
20753,familyofive2016
20754,812anthonyy
20755,Vacation708210
20756,Umbala2811
20757,Nelson8688
20758,thedud31
20759,tiffanystroh
20760,A1566ILmarkg
20761,Lambretta101
20762,Daveyboy59
20763,susanmE7922VP
20764,TamvuEIS
20765,Navigator35185629895
20766,GrandTour43153015523
20767,ngthuyanh2016
20768,Hanahoang2423
20769,denicito
20770,r0mybb
20771,370riank
20772,Fionajayjames
20773,andynP1606RB
20774,sunnysA4158JQ
20775,hongtrunghieu91
20776,Tyratruong7392
20777,kimmytong83
20778,jasb863
20779,Sam01NZ
20780,simdanrob
20781,streetracing403
20782,tmt778
20783,Relax41299944027
20784,DungD160
20785,ellee8810
20786,AlyssaMelbourne88
20787,purpledream37
20788,TruongD65
20789,gedwar
20790,828gie
20791,MadmanAdventure
20792,ohvirginia
20793,781svetlanad
20794,EarthPhan
20795,maddox1887
20796,asherraa
20797,Shae111
20798,392lilyj
20799,ColourfulRainbow
20800,485austinc
20801,DrFeelGood9133
20802,Alexcazem
20803,Leduc12345
20804,Passenger28018878481
20805,Wander56062419611
20806,Flyer15120396422
20807,GoPlaces62576347870
20808,Resort43265753740
20809,Pioneer10085664149
20810,Vacation65721097725
20811,Seaside22178879801
20812,Pioneer44490305786
20813,127phongl
20814,somainn2026
20815,Connector64496636216
20816,800maio
20817,Happiness65015604388
20818,Scenic60492498688
20819,honestcritic2020
20820,JackyL725
20821,davidmE8459ZX
20822,DolceAmore8
20823,M608JAbillc
20824,aubri_perez
20825,dannydE9923NB
20826,Curious62572692189
20827,Lucas_R0502
20828,SDC150
20829,sohejl
20830,Tour07565456451
20831,caomy123
20832,MegsandPaul
20833,Vyvutravel
20834,I7785JHmh
20835,mrig0ni
20836,TuongN24
20837,ThaoChungxe
20838,lorra209
20839,Kimmiecarroll
20840,kimf555
20841,sid888333
20842,ciano92nu
20843,georjinac
20844,uno_magno
20845,Roving804130
20846,tarahO4460LJ
20847,JoelLimCK
20848,H7602YJsharonk
20849,doanthinua01985888
20850,buitraveller
20851,463SharonH
20852,alitelli
20853,terrysueh
20854,790carols
20855,NataliaM1015
20856,AdelP09
20857,MinhT696
20858,Climber50028432260
20859,Mimi_Huyen
20860,294garryf
20861,joes1958a
20862,MCMZL
20863,danieljU182GZ
20864,Traveler55665341403
20865,Happiness27832392476
20866,Cruiser52111771174
20867,Kiet2202
20868,Trek824101
20869,Paradise07871331159
20870,Coastal18529062780
20871,Coastal12225979180
20872,Chaumilee
20873,Voyage30496063901
20874,855thanht
20875,Tuan_nguyen011
20876,Go21408407510
20877,pupua2799
20878,LAUREL_NGUYEN
20879,Kay3728
20880,Thicamvo
20881,258thanht
20882,stefke39
20883,aija_papaija
20884,NgocO3
20885,Mylene_Laurent
20886,958gabbyl
20887,WillBrad01
20888,thd007
20889,Losdados
20890,kimnU802PP
20891,RachaelMet
20892,thuyngant3
20893,teamBCtravellers
20894,zangisaac
20895,JMVlG
20896,Phuongha27
20897,Khanhmai1206
20898,Kimanhdo1610
20899,Bremmmy
20900,kevint476
20901,WTUCKS
20902,FWaterland
20903,Thienan01031995
20904,Bigpig261
20905,tn137
20906,minhthao247
20907,JackHuynh2008
20908,kony21
20909,P3264POannaa
20910,JoanneTimbs
20911,annarQ4844LZ
20912,Nomad64884449346
20913,Roving44824962587
20914,Happiness40395122715
20915,Voyage02706060357
20916,Trangcth
20917,YumiNina
20918,OnAir21881315892
20919,OnAir39612610595
20920,Climber16834194657
20921,Roving56718979103
20922,233sagis
20923,Road400475
20924,Shinleow
20925,AshleighB480
20926,sherise2014
20927,Vienna_yves
20928,sarakP8269ZS
20929,R1N1_6676
20930,IliI11
20931,charlesmK9550DS
20932,tourist451
20933,L1564RVcharlesk
20934,Allonius
20935,810traceym
20936,I7331SSdans
20937,photonomad48
20938,Mobile57239463694
20939,GrandTour13357815786
20940,Fearless07901066381
20941,xiasdddoox
20942,75austint
20943,tonygB9265SF
20944,tieuthunhi_88
20945,Dinh1234
20946,Traveler_Kevin1978
20947,traid2019
20948,m00nikan
20949,BillEsss
20950,955melwynp
20951,Michael_Gol
20952,Jackof
20953,gregmO9971TF
20954,Keren-Jimmy
20955,308ciarab
20956,michaelfT5197EG
20957,Haughan
20958,laurenmO1251RF
20959,DebbieTks
20960,Tour32951614300
20961,Chiimiilo
20962,Voyager60356168987
20963,Trail44386173855
20964,Roam05250094842
20965,GoPlaces27626814990
20966,GoPlaces05484564044
20967,Thanhdog123
20968,Advertisement688
20969,eriktN767PO
20970,ngoc2221
20971,Kiennguyenndang
20972,VIVI-gh555549k
20973,Lctreviewer
20974,AAABBBCC123456
20975,thuhanguyn
20976,tranvandat1990
20977,Hyyeminn
20978,Sonnycolin
20979,erictremblayet
20980,755erynb
20981,danielgV5841EB
20982,VanT448
20983,elysegl
20984,Mobile44248994618
20985,M4614BIviviann
20986,Excursion08162232021
20987,kimdT4796UP
20988,76d_ngh
20989,julienguyen1234
20990,Scenic15639236944
20991,Suse0115
20992,JSParisFrance
20993,seavhuoyh
20994,johnmC8042GB
20995,SLofSG
20996,SofieRJ
20997,EmmaNicoleC
20998,WatcherAlert
20999,boeyt2018
21000,tengc839
21001,andremJ3652WY
21002,892jaclynv
21003,34teris
21004,AngieOng
21005,lihyout
21006,Climber53413420773
21007,Maps21861567325
21008,Culture67465178584
21009,DayTrip45169476430
21010,Vacation15022533250
21011,Compass37808670092
21012,Roving24202920269
21013,Wander09904728654
21014,Lily_Chickweed
21015,Mobile43111580823
21016,ng_ch454
21017,Passenger39075920719
21018,Resort41720978758
21019,Meander03265104798
21020,Stay60032887970
21021,dungd962
21022,FarAway16318958749
21023,Companion42792887854
21024,h_ib_nhd2024
21025,Travel20486561482
21026,NorthStar26718241982
21027,Roving36935044653
21028,Road28029796343
21029,Curiosity13243534676
21030,NorthStar10552187923
21031,Sherpa28341946399
21032,Passenger43341295507
21033,Curiosity04167433779
21034,Seaside58901048497
21035,Navigate55418352936
21036,harun333
21037,Trail56863671668
21038,Sunshine48555293514
21039,Happiness29157104841
21040,Voyage36345180132
21041,Trip39513100583
21042,Relax15675378781
21043,OnAir44174265779
21044,Culture23218750751
21045,HoangAnh271099
21046,ThaiBao040
21047,314vanl
21048,Pioneer38904116593
21049,Stay34775702769
21050,DoctorWho09
21051,vuminhhcm2021
21052,NgocVT123
21053,huynhthoa
21054,Nam1186
21055,_inguy_nl2022
21056,Khongten7994
21057,ThongNguyen0802
21058,Phuongnguyen025
21059,Quyxuan123
21060,Ddp1008
21061,Hung136
21062,Doantrinh182
21063,Hyeplilo
21064,nam123321
21065,Ongke123-123
21066,gnbra
21067,phong163
21068,T2431GRelenad
21069,Freedom722988
21070,208jimmyo
21071,Sangtpm
21072,Gibbo8080
21073,gm638
21074,misohi2
21075,Nataliepham87
21076,687lams
21077,dmp_eyp
21078,vemundn2020
21079,Pathfinder430532
21080,324pjb
21081,ashayakc
21082,Abmarion
21083,ElenaA1985
21084,deepys2019
21085,pvakelly
21086,EFrtw
21087,Getaway16134816885
21088,Voyage34544833018
21089,Fearless20993289697
21090,Trail20715953467
21091,NorthStar02192458808
21092,DayTrip40275181875
21093,Global59080435692
21094,neilhN7684FX
21095,NorthStar41027574854
21096,Discover16677103741
21097,Venture46810913726
21098,Travel17479465465
21099,DayTrip09441178194
21100,Scenic41470327888
21101,Getaway34955930324
21102,Road27395733835
21103,Fearless13990772646
21104,Curious26193189207
21105,Relax24491005223
21106,Escape27918997903
21107,Roving61035451172
21108,Safari17914271085
21109,v_na2026
21110,Scenic11116559171
21111,Odyssey58479156688
21112,Tour36166220020
21113,nathanchuongjame
21114,Passenger60339915419
21115,Culture00532033052
21116,Camper31317437037
21117,Roam08377611853
21118,Coastal63407138694
21119,OnAir36412559711
21120,7nhiy
21121,Resort35410573004
21122,Nomad37389723750
21123,Daydream27826263594
21124,Odyssey35874531008
21125,Freedom55455248776
21126,Relax00517846624
21127,Tourist773021
21128,Tour61786074634
21129,Cruiser43571693712
21130,Getaway44105981675
21131,mientrungn
21132,GoPlaces45472156276
21133,l_mG4654IJ
21134,Meander62423454545
21135,Passport51158177283
21136,Stay50205210433
21137,Departure12399377045
21138,Nomad40305482452
21139,L3151BCvickyt
21140,Stay42193176282
21141,Navigator03967634803
21142,Traveler63868012731
21143,Pioneer22888125307
21144,Culture40503130064
21145,Vacation64027725632
21146,thanhkhoah1
21147,Culture64924127962
21148,Traveler35370729468
21149,Excursion35130260077
21150,FarAway18778392551
21151,Excursion16651269548
21152,Explorer33734351382
21153,Pioneer24036711570
21154,GoPlaces22811572144
21155,Sunshine16992148197
21156,Go27459172743
21157,Sightseer21337580529
21158,Escape27602716645
21159,Fearless00660516122
21160,trucn566
21161,Discover56822779860
21162,Happiness25219690471
21163,Ngoc_hoa6
21164,Curiosity57921319349
21165,Guide55639897740
21166,Escape42917742302
21167,Roving60743916881
21168,Voyager29663160159
21169,995tuyent
21170,Quest17860739342
21171,_ngx2025
21172,Curious28454526811
21173,739thanhb_nhn
21174,tinkawasaki
21175,Departure19792704348
21176,Venture16750199936
21177,Global38494365135
21178,Voyage20041078764
21179,th_xuy_np2023
21180,Travel47129323736
21181,Escape24363690040
21182,Trail43095787229
21183,Roam14197195066
21184,Travel61761886556
21185,DayTrip14790048593
21186,Curiosity44006969087
21187,MyraPham_153
21188,DayTrip19139604895
21189,Journey44799639496
21190,Navigate59418644406
21191,Happiness33550297520
21192,Fearless09048943711
21193,Voyage33767613809
21194,Relax34061398938
21195,Passenger14488258815
21196,Daydream44295222008
21197,Vacation01538281660
21198,GoPlaces49979836032
21199,Jet47211101917
21200,Departure29859443791
21201,DayTrip11098801552
21202,Culture60892870503
21203,Meander03511464792
21204,Mobile14631857344
21205,Discover61543260961
21206,Mobile61883502679
21207,Tourist49773842985
21208,Getaway39950250581
21209,OnAir63912587657
21210,Coastal15852166316
21211,Trip36793537781
21212,Resort32242300312
21213,Connector66148097034
21214,Navigator24108814605
21215,Venture03174010376
21216,Venture39588402273
21217,Curious67930310464
21218,Safari61950592464
21219,Coastal10067047310
21220,Paradise18235349557
21221,Vacation04359121151
21222,Pioneer30963890955
21223,Curious38028466319
21224,Journey50190624258
21225,Discover48831094311
21226,Paradise07416553937
21227,Resort16669997014
21228,Tour30011850115
21229,Vacation65338400093
21230,Sightseer19511448670
21231,Venture45227428493
21232,Inspire02344403792
21233,Flyer29563785472
21234,Climber50325085833
21235,Inspire68456090013
21236,Paradise18588917752
21237,Resort02605102201
21238,Adventure51547494082
21239,Discover67911515447
21240,Vacation33556235086
21241,Paradise63253657736
21242,Go08537023601
21243,Discover66747632379
21244,Jet14763124505
21245,GoPlaces13142254135
21246,Safari42318614562
21247,Journey34008331053
21248,Culture54368700566
21249,Freedom68280348135
21250,Sightseer50228089849
21251,Mobile04120880720
21252,Pioneer57040351669
21253,Freedom17127743544
21254,Tour52443341652
21255,Discover46520240863
21256,Sherpa63404128331
21257,Odyssey50785195162
21258,Navigator24024143179
21259,Maps08683510900
21260,Wander35122839633
21261,DayTrip28704385054
21262,Venture18662656052
21263,FarAway22463002716
21264,Curious45064149926
21265,cuccut123
21266,Lov3ly1983
21267,Vacation46490231496
21268,Babykute2011dl
21269,Jet09392467855
21270,NorthStar00714970248
21271,Road47609821134
21272,Companion37545579759
21273,Trangdiemnnn
21274,Thanhzzxx89
21275,Resort22103146725
21276,Pngan116
21277,Mintkoa
21278,Thuhau28
21279,Trail65476301954
21280,Adventure48677488233
21281,Hanhluong1991
21282,Scenic54727808289
21283,Dream00014998804
21284,Voyage28240722208
21285,Trek14632498234
21286,trinh2207
21287,Safari62916816563
21288,Excursion04897545232
21289,LanAnh629
21290,Voyager66401788420
21291,Climber00826595126
21292,Ha_Ha_Ha123678899
21293,l_mv_nb2023
21294,Mai_Nhi123
21295,Passport28946938622
21296,Meander43163722089
21297,Venture00697905655
21298,Safari33227991895
21299,Abcd123467
21300,Thsa-ly_
21301,Sightsee39475766019
21302,GoPlaces54583882473
21303,ductoai3011
21304,JiJi_9211
21305,XndTns
21306,LE-HOANG-THAI
21307,Khanhlamhoang
21308,Strawberry74_25
21309,thai_nguyen_2902
21310,phuongthaonguyen123
21311,yohannguyen20896
21312,Shroffc
21313,W1659BYlisal
21314,MaxTa007
21315,teambuildingcangio
