user_id,origin_id
11,1.0
14,1.0
25,2.0
26,3.0
27,3.0
28,3.0
33,1.0
34,1.0
35,1.0
36,1.0
37,2.0
38,4.0
39,5.0
40,6.0
41,7.0
42,1.0
43,3.0
44,3.0
45,1.0
47,1.0
48,8.0
49,1.0
50,1.0
51,1.0
52,2.0
54,9.0
55,1.0
58,1.0
59,1.0
60,1.0
61,1.0
63,9.0
64,10.0
65,11.0
66,12.0
67,13.0
69,14.0
76,1.0
78,15.0
81,1.0
84,1.0
85,1.0
86,2.0
87,16.0
88,2.0
90,1.0
92,1.0
93,1.0
95,1.0
96,17.0
98,1.0
99,1.0
101,18.0
102,1.0
104,1.0
105,5.0
106,1.0
109,19.0
112,1.0
119,1.0
120,1.0
122,1.0
125,1.0
126,20.0
127,1.0
130,17.0
132,1.0
135,5.0
139,1.0
140,3.0
143,1.0
144,21.0
145,22.0
146,1.0
149,1.0
150,23.0
151,17.0
152,1.0
153,24.0
162,1.0
164,1.0
167,1.0
169,1.0
173,1.0
174,1.0
175,1.0
177,1.0
178,1.0
179,1.0
180,1.0
181,1.0
182,1.0
183,1.0
184,25.0
185,1.0
186,1.0
188,26.0
189,1.0
192,1.0
193,1.0
194,1.0
195,1.0
196,1.0
197,27.0
198,1.0
199,1.0
200,1.0
202,1.0
203,1.0
204,1.0
205,1.0
206,1.0
207,1.0
208,2.0
209,2.0
210,2.0
211,1.0
213,21.0
214,28.0
215,3.0
216,29.0
218,22.0
219,1.0
220,1.0
221,1.0
222,1.0
223,2.0
224,30.0
225,31.0
226,2.0
227,32.0
228,33.0
229,1.0
230,1.0
231,2.0
232,1.0
235,1.0
236,2.0
237,1.0
239,1.0
243,34.0
245,1.0
246,35.0
247,1.0
248,1.0
250,1.0
251,1.0
252,1.0
254,5.0
256,1.0
257,1.0
258,1.0
259,1.0
265,14.0
266,1.0
268,1.0
269,1.0
270,1.0
271,1.0
272,1.0
274,1.0
275,36.0
277,17.0
278,1.0
279,1.0
281,1.0
284,1.0
285,1.0
287,37.0
288,1.0
290,1.0
291,2.0
294,1.0
295,1.0
300,3.0
301,1.0
302,2.0
305,22.0
308,38.0
309,1.0
311,2.0
312,1.0
313,1.0
316,1.0
317,39.0
319,2.0
320,40.0
321,17.0
322,39.0
325,1.0
326,17.0
328,1.0
329,1.0
330,1.0
331,2.0
332,1.0
333,1.0
335,1.0
336,1.0
337,1.0
338,1.0
339,1.0
340,21.0
341,2.0
342,41.0
343,1.0
344,42.0
345,2.0
347,1.0
348,1.0
349,1.0
350,1.0
351,1.0
353,43.0
354,1.0
355,1.0
356,1.0
358,3.0
359,1.0
360,2.0
361,1.0
362,1.0
363,1.0
364,44.0
365,28.0
366,45.0
367,1.0
368,3.0
369,1.0
370,46.0
371,47.0
372,48.0
373,49.0
374,50.0
375,51.0
376,52.0
377,53.0
380,54.0
381,55.0
382,56.0
383,57.0
384,58.0
385,59.0
386,9.0
387,60.0
388,61.0
390,62.0
391,63.0
393,1.0
394,42.0
395,64.0
396,65.0
397,62.0
398,66.0
399,67.0
400,1.0
401,68.0
402,69.0
404,70.0
406,71.0
407,72.0
408,73.0
409,74.0
410,64.0
413,75.0
414,76.0
415,1.0
416,9.0
417,77.0
418,42.0
419,78.0
420,56.0
421,79.0
422,80.0
423,81.0
424,64.0
426,82.0
427,41.0
428,83.0
429,84.0
430,85.0
432,1.0
434,70.0
435,1.0
436,1.0
437,1.0
438,86.0
442,1.0
443,87.0
445,1.0
448,1.0
451,21.0
453,1.0
454,1.0
455,1.0
456,1.0
459,2.0
460,1.0
463,1.0
464,88.0
465,6.0
466,1.0
469,2.0
473,1.0
479,1.0
480,88.0
481,1.0
482,25.0
484,1.0
485,1.0
486,1.0
488,89.0
489,90.0
493,91.0
495,9.0
496,92.0
497,93.0
498,94.0
499,95.0
500,42.0
501,96.0
502,97.0
504,98.0
505,99.0
506,100.0
507,101.0
508,102.0
509,103.0
510,46.0
511,12.0
514,56.0
515,104.0
517,105.0
518,106.0
521,107.0
522,56.0
523,1.0
525,108.0
526,109.0
527,110.0
529,111.0
530,112.0
531,92.0
533,113.0
535,114.0
536,1.0
537,1.0
544,1.0
546,115.0
547,1.0
548,1.0
549,116.0
550,1.0
551,14.0
553,1.0
554,117.0
555,1.0
556,1.0
557,1.0
558,1.0
560,2.0
561,4.0
562,4.0
563,118.0
564,1.0
566,16.0
568,1.0
569,1.0
570,1.0
571,1.0
572,119.0
574,42.0
575,120.0
576,121.0
579,122.0
580,123.0
581,42.0
583,124.0
584,1.0
585,10.0
587,20.0
588,125.0
590,58.0
591,126.0
592,127.0
593,2.0
594,1.0
600,39.0
601,1.0
604,1.0
605,1.0
606,1.0
608,1.0
612,88.0
614,38.0
615,2.0
620,1.0
622,70.0
623,1.0
625,128.0
626,1.0
629,1.0
630,2.0
631,1.0
632,1.0
633,1.0
634,2.0
635,17.0
636,1.0
637,1.0
638,129.0
639,1.0
640,3.0
641,1.0
642,1.0
646,1.0
647,1.0
648,130.0
650,131.0
652,132.0
654,133.0
655,41.0
656,134.0
658,135.0
660,136.0
661,137.0
662,138.0
663,139.0
664,136.0
665,140.0
666,56.0
667,1.0
668,141.0
669,95.0
670,142.0
671,143.0
672,144.0
673,145.0
674,139.0
675,146.0
676,147.0
677,148.0
678,149.0
679,150.0
680,151.0
681,62.0
682,152.0
683,153.0
684,64.0
685,93.0
686,154.0
688,155.0
689,10.0
690,12.0
691,156.0
692,20.0
693,157.0
695,58.0
696,135.0
697,158.0
698,159.0
700,160.0
701,161.0
703,162.0
704,163.0
705,42.0
706,70.0
707,1.0
709,95.0
710,111.0
711,164.0
712,165.0
713,41.0
714,166.0
715,167.0
716,42.0
717,75.0
718,168.0
720,169.0
722,170.0
724,171.0
725,96.0
726,115.0
727,1.0
728,172.0
729,173.0
732,174.0
733,175.0
734,176.0
735,177.0
736,178.0
737,179.0
738,180.0
740,21.0
741,181.0
744,20.0
745,182.0
746,48.0
747,183.0
749,184.0
750,185.0
751,42.0
752,186.0
753,187.0
756,188.0
758,189.0
759,56.0
760,190.0
761,191.0
762,184.0
763,192.0
764,193.0
768,194.0
769,195.0
772,113.0
773,9.0
774,64.0
775,64.0
778,109.0
779,88.0
780,196.0
781,197.0
783,42.0
784,198.0
785,199.0
787,42.0
788,200.0
791,9.0
792,201.0
793,202.0
794,203.0
795,204.0
796,1.0
797,205.0
798,142.0
799,206.0
800,207.0
801,42.0
802,208.0
803,209.0
805,210.0
806,211.0
807,212.0
808,213.0
809,214.0
810,215.0
811,216.0
812,64.0
813,9.0
814,41.0
815,217.0
817,218.0
818,200.0
819,64.0
820,219.0
821,220.0
822,221.0
823,222.0
824,64.0
825,223.0
826,224.0
827,1.0
829,225.0
830,48.0
831,226.0
832,144.0
833,227.0
834,228.0
837,224.0
840,229.0
841,230.0
842,231.0
843,232.0
844,233.0
845,79.0
848,41.0
849,57.0
850,234.0
851,1.0
853,235.0
854,1.0
855,236.0
856,75.0
858,140.0
861,2.0
862,1.0
867,2.0
870,1.0
872,1.0
875,2.0
876,1.0
877,1.0
878,27.0
881,1.0
883,1.0
884,1.0
885,1.0
886,1.0
890,1.0
901,237.0
905,1.0
910,1.0
911,1.0
914,1.0
915,5.0
917,1.0
918,1.0
919,237.0
920,1.0
921,34.0
922,34.0
923,1.0
924,2.0
925,1.0
926,1.0
927,3.0
928,158.0
929,140.0
930,238.0
931,239.0
932,240.0
933,39.0
934,41.0
935,241.0
936,62.0
937,242.0
938,243.0
939,244.0
940,245.0
941,236.0
944,219.0
946,135.0
947,246.0
948,78.0
949,247.0
950,102.0
951,9.0
952,248.0
953,249.0
954,250.0
955,1.0
956,1.0
957,1.0
958,9.0
960,36.0
962,22.0
964,22.0
970,251.0
971,3.0
974,88.0
975,39.0
978,1.0
980,3.0
981,1.0
982,1.0
984,1.0
985,1.0
986,1.0
987,3.0
988,4.0
989,2.0
990,1.0
991,3.0
992,1.0
993,1.0
995,1.0
997,2.0
998,62.0
999,252.0
1000,253.0
1001,254.0
1002,255.0
1004,110.0
1006,186.0
1008,256.0
1009,42.0
1011,257.0
1012,234.0
1013,226.0
1014,258.0
1015,259.0
1016,260.0
1018,261.0
1019,130.0
1020,262.0
1021,263.0
1022,42.0
1023,1.0
1024,264.0
1025,265.0
1026,64.0
1027,12.0
1029,266.0
1031,108.0
1033,41.0
1034,42.0
1035,92.0
1036,267.0
1037,1.0
1038,268.0
1039,269.0
1040,130.0
1042,270.0
1043,184.0
1045,42.0
1046,54.0
1047,271.0
1048,105.0
1049,272.0
1051,42.0
1052,273.0
1053,274.0
1054,275.0
1055,96.0
1056,276.0
1057,96.0
1058,62.0
1059,42.0
1060,1.0
1063,20.0
1064,231.0
1065,277.0
1066,278.0
1067,54.0
1068,41.0
1069,92.0
1071,38.0
1072,88.0
1073,1.0
1074,279.0
1077,1.0
1078,1.0
1079,1.0
1081,42.0
1082,1.0
1083,1.0
1084,2.0
1087,2.0
1088,2.0
1091,1.0
1092,1.0
1093,3.0
1094,39.0
1095,2.0
1096,1.0
1097,1.0
1098,1.0
1099,1.0
1100,1.0
1103,1.0
1104,1.0
1105,1.0
1107,1.0
1109,34.0
1111,2.0
1112,280.0
1113,281.0
1114,282.0
1115,283.0
1116,64.0
1117,284.0
1118,285.0
1119,132.0
1120,9.0
1121,286.0
1123,287.0
1124,106.0
1126,256.0
1127,288.0
1130,142.0
1131,39.0
1132,41.0
1133,289.0
1134,41.0
1136,265.0
1138,95.0
1139,176.0
1141,200.0
1143,290.0
1144,291.0
1145,292.0
1146,293.0
1147,201.0
1149,294.0
1150,295.0
1151,296.0
1152,41.0
1153,226.0
1154,234.0
1155,297.0
1156,298.0
1157,41.0
1158,41.0
1160,299.0
1161,300.0
1162,41.0
1166,92.0
1167,301.0
1169,302.0
1170,303.0
1171,64.0
1173,9.0
1174,304.0
1175,234.0
1176,305.0
1177,306.0
1179,188.0
1180,307.0
1182,186.0
1183,308.0
1186,309.0
1187,310.0
1188,311.0
1189,312.0
1190,313.0
1191,10.0
1193,42.0
1194,314.0
1195,124.0
1197,315.0
1198,41.0
1200,316.0
1201,46.0
1202,317.0
1205,318.0
1206,64.0
1208,319.0
1209,62.0
1210,42.0
1211,320.0
1212,321.0
1213,322.0
1214,110.0
1215,323.0
1216,324.0
1217,325.0
1218,1.0
1219,276.0
1220,168.0
1221,326.0
1222,327.0
1224,201.0
1226,62.0
1228,10.0
1229,328.0
1230,329.0
1232,106.0
1233,9.0
1234,263.0
1235,106.0
1236,9.0
1237,10.0
1238,330.0
1240,331.0
1241,64.0
1242,332.0
1243,204.0
1244,333.0
1245,334.0
1246,335.0
1248,336.0
1249,64.0
1250,337.0
1251,338.0
1252,64.0
1253,209.0
1254,339.0
1255,340.0
1256,64.0
1257,341.0
1258,92.0
1259,342.0
1260,343.0
1261,64.0
1262,64.0
1264,344.0
1265,241.0
1266,345.0
1267,9.0
1268,70.0
1269,102.0
1270,346.0
1272,169.0
1273,34.0
1276,9.0
1277,41.0
1278,93.0
1279,347.0
1280,44.0
1281,1.0
1282,348.0
1283,349.0
1284,148.0
1285,41.0
1286,224.0
1287,350.0
1288,351.0
1289,106.0
1290,251.0
1292,352.0
1294,42.0
1295,93.0
1296,106.0
1297,353.0
1298,159.0
1299,1.0
1300,5.0
1301,22.0
1302,1.0
1303,1.0
1304,1.0
1305,9.0
1307,1.0
1308,354.0
1309,115.0
1311,355.0
1312,209.0
1313,62.0
1315,215.0
1316,42.0
1317,356.0
1318,42.0
1319,357.0
1320,108.0
1321,358.0
1322,359.0
1323,2.0
1325,41.0
1326,360.0
1327,361.0
1328,362.0
1329,9.0
1330,363.0
1331,320.0
1332,364.0
1333,96.0
1334,365.0
1337,42.0
1338,20.0
1339,88.0
1340,42.0
1341,366.0
1342,41.0
1343,9.0
1345,367.0
1346,2.0
1347,1.0
1348,368.0
1349,368.0
1350,369.0
1351,42.0
1353,136.0
1354,329.0
1355,42.0
1356,108.0
1357,2.0
1358,9.0
1364,1.0
1365,42.0
1366,56.0
1368,1.0
1369,3.0
1370,3.0
1371,1.0
1373,1.0
1375,1.0
1379,3.0
1381,17.0
1383,370.0
1384,1.0
1386,371.0
1387,372.0
1388,373.0
1389,176.0
1390,188.0
1391,350.0
1392,42.0
1394,374.0
1396,375.0
1399,41.0
1403,135.0
1404,79.0
1405,114.0
1408,278.0
1409,1.0
1410,42.0
1411,226.0
1412,1.0
1413,1.0
1414,376.0
1415,243.0
1416,2.0
1417,377.0
1418,378.0
1420,64.0
1421,1.0
1422,379.0
1423,380.0
1424,381.0
1425,1.0
1427,1.0
1428,1.0
1429,1.0
1430,2.0
1431,382.0
1433,1.0
1436,2.0
1440,1.0
1441,1.0
1444,383.0
1445,384.0
1449,64.0
1450,2.0
1451,22.0
1452,88.0
1455,22.0
1456,1.0
1457,1.0
1459,385.0
1461,1.0
1462,1.0
1463,5.0
1464,1.0
1465,386.0
1466,1.0
1467,1.0
1468,88.0
1469,1.0
1470,1.0
1473,1.0
1475,1.0
1476,1.0
1480,2.0
1481,1.0
1482,1.0
1485,17.0
1487,1.0
1488,2.0
1491,387.0
1492,1.0
1494,1.0
1496,2.0
1497,27.0
1498,388.0
1499,56.0
1500,88.0
1501,1.0
1503,1.0
1505,3.0
1506,1.0
1508,96.0
1509,389.0
1510,1.0
1513,390.0
1516,391.0
1517,368.0
1519,392.0
1521,42.0
1522,393.0
1523,394.0
1525,329.0
1526,395.0
1527,64.0
1528,396.0
1530,124.0
1531,1.0
1532,1.0
1533,77.0
1534,397.0
1535,130.0
1536,398.0
1537,399.0
1538,22.0
1540,236.0
1541,42.0
1542,400.0
1544,14.0
1545,188.0
1546,401.0
1548,370.0
1549,402.0
1552,1.0
1553,1.0
1555,403.0
1556,1.0
1557,404.0
1559,405.0
1560,38.0
1561,406.0
1563,407.0
1564,408.0
1567,409.0
1568,410.0
1569,154.0
1570,234.0
1571,411.0
1572,412.0
1573,413.0
1574,414.0
1576,300.0
1577,415.0
1579,416.0
1582,176.0
1584,417.0
1585,3.0
1586,418.0
1587,2.0
1588,3.0
1589,1.0
1590,3.0
1591,419.0
1592,78.0
1593,420.0
1594,421.0
1595,422.0
1596,423.0
1598,130.0
1599,233.0
1600,202.0
1601,424.0
1602,41.0
1603,425.0
1604,426.0
1605,242.0
1606,78.0
1607,427.0
1608,428.0
1609,429.0
1610,430.0
1611,270.0
1612,214.0
1613,431.0
1615,432.0
1616,433.0
1617,42.0
1618,9.0
1619,64.0
1620,64.0
1621,64.0
1622,41.0
1623,416.0
1624,434.0
1625,435.0
1627,236.0
1628,436.0
1629,41.0
1631,437.0
1632,438.0
1633,299.0
1634,229.0
1635,439.0
1636,440.0
1637,441.0
1638,442.0
1639,443.0
1641,1.0
1642,1.0
1647,92.0
1648,1.0
1649,1.0
1651,144.0
1652,444.0
1653,1.0
1654,445.0
1655,42.0
1657,446.0
1658,258.0
1661,447.0
1662,200.0
1663,448.0
1664,449.0
1665,329.0
1666,450.0
1667,451.0
1668,42.0
1669,1.0
1670,42.0
1671,3.0
1674,42.0
1677,452.0
1681,453.0
1682,3.0
1684,454.0
1685,455.0
1686,456.0
1689,457.0
1690,458.0
1691,96.0
1692,64.0
1693,1.0
1694,9.0
1695,459.0
1696,460.0
1697,461.0
1698,20.0
1700,462.0
1701,2.0
1702,463.0
1703,1.0
1704,1.0
1707,1.0
1708,1.0
1709,1.0
1710,2.0
1712,42.0
1714,1.0
1715,464.0
1716,465.0
1718,466.0
1719,56.0
1720,467.0
1721,9.0
1722,209.0
1723,256.0
1724,468.0
1726,96.0
1727,469.0
1728,1.0
1729,11.0
1731,75.0
1732,470.0
1733,471.0
1734,472.0
1735,380.0
1736,1.0
1737,473.0
1740,92.0
1742,474.0
1743,475.0
1744,476.0
1745,477.0
1746,478.0
1748,151.0
1749,308.0
1751,479.0
1752,480.0
1755,481.0
1757,176.0
1758,482.0
1759,62.0
1760,308.0
1762,62.0
1764,483.0
1765,484.0
1766,485.0
1768,1.0
1769,56.0
1770,486.0
1774,487.0
1775,42.0
1776,488.0
1779,9.0
1780,489.0
1781,70.0
1782,1.0
1783,490.0
1784,491.0
1786,9.0
1787,492.0
1788,55.0
1789,41.0
1790,493.0
1791,9.0
1792,42.0
1793,56.0
1794,494.0
1795,92.0
1796,272.0
1797,214.0
1798,93.0
1799,329.0
1800,345.0
1802,495.0
1803,64.0
1804,2.0
1805,496.0
1807,42.0
1808,42.0
1809,497.0
1810,64.0
1813,498.0
1814,1.0
1815,499.0
1816,500.0
1817,96.0
1818,501.0
1822,502.0
1823,1.0
1824,413.0
1825,75.0
1826,503.0
1827,504.0
1828,345.0
1830,200.0
1832,505.0
1833,188.0
1834,506.0
1839,64.0
1840,270.0
1841,62.0
1842,213.0
1843,1.0
1846,1.0
1848,9.0
1849,469.0
1851,507.0
1852,508.0
1853,200.0
1854,509.0
1856,9.0
1857,510.0
1858,368.0
1860,511.0
1861,96.0
1862,1.0
1863,140.0
1864,136.0
1867,512.0
1869,64.0
1870,1.0
1871,110.0
1876,1.0
1877,31.0
1880,513.0
1881,64.0
1885,9.0
1886,514.0
1888,515.0
1889,516.0
1891,517.0
1892,1.0
1893,1.0
1894,1.0
1895,1.0
1897,2.0
1899,1.0
1900,518.0
1901,519.0
1902,88.0
1907,520.0
1908,234.0
1909,521.0
1911,394.0
1912,522.0
1915,1.0
1916,27.0
1917,207.0
1918,523.0
1920,524.0
1921,1.0
1922,525.0
1924,42.0
1925,228.0
1928,2.0
1929,1.0
1930,1.0
1931,1.0
1934,78.0
1935,526.0
1936,64.0
1937,527.0
1938,528.0
1939,529.0
1941,1.0
1942,34.0
1944,64.0
1945,70.0
1946,530.0
1947,1.0
1948,10.0
1949,531.0
1950,532.0
1951,533.0
1952,78.0
1953,2.0
1955,534.0
1956,535.0
1957,56.0
1958,536.0
1959,1.0
1962,1.0
1963,537.0
1964,93.0
1965,169.0
1966,48.0
1967,538.0
1968,113.0
1969,96.0
1970,204.0
1971,427.0
1972,64.0
1973,9.0
1975,2.0
1976,2.0
1977,2.0
1978,41.0
1979,1.0
1980,1.0
1981,2.0
1982,1.0
1984,20.0
1985,1.0
1986,1.0
1987,365.0
1988,539.0
1991,1.0
1992,1.0
1993,540.0
1994,541.0
1995,542.0
1996,200.0
1998,1.0
1999,1.0
2001,1.0
2003,1.0
2004,1.0
2007,207.0
2008,543.0
2009,188.0
2010,1.0
2012,544.0
2013,1.0
2015,545.0
2016,11.0
2017,546.0
2018,70.0
2019,9.0
2021,1.0
2022,1.0
2023,1.0
2026,547.0
2048,2.0
2061,214.0
2072,1.0
2073,1.0
2074,1.0
2075,548.0
2076,1.0
2084,42.0
2086,549.0
2087,550.0
2089,62.0
2090,182.0
2092,188.0
2093,336.0
2094,42.0
2096,2.0
2098,1.0
2100,268.0
2101,551.0
2102,346.0
2105,473.0
2106,552.0
2107,553.0
2110,280.0
2112,42.0
2113,554.0
2114,9.0
2115,251.0
2116,555.0
2121,1.0
2122,200.0
2123,556.0
2124,557.0
2125,558.0
2127,559.0
2128,269.0
2129,96.0
2130,41.0
2131,144.0
2132,336.0
2136,1.0
2142,14.0
2157,1.0
2159,1.0
2162,64.0
2163,64.0
2166,560.0
2168,1.0
2169,561.0
2171,4.0
2173,1.0
2174,1.0
2176,1.0
2177,1.0
2178,562.0
2179,563.0
2180,564.0
2183,88.0
2184,1.0
2185,565.0
2187,566.0
2190,567.0
2192,568.0
2196,1.0
2198,88.0
2199,2.0
2200,1.0
2201,340.0
2202,569.0
2203,271.0
2204,570.0
2205,9.0
2206,473.0
2207,204.0
2208,42.0
2209,571.0
2212,1.0
2213,42.0
2214,75.0
2215,1.0
2217,1.0
2218,272.0
2219,201.0
2220,200.0
2221,42.0
2222,20.0
2223,96.0
2226,1.0
2227,270.0
2229,572.0
2230,573.0
2231,574.0
2234,575.0
2236,92.0
2237,1.0
2238,42.0
2240,576.0
2241,79.0
2242,329.0
2243,9.0
2244,577.0
2245,41.0
2246,576.0
2247,9.0
2248,578.0
2249,108.0
2250,579.0
2251,580.0
2252,1.0
2253,130.0
2255,112.0
2256,581.0
2257,475.0
2258,582.0
2259,42.0
2260,583.0
2261,584.0
2262,1.0
2263,585.0
2264,1.0
2266,586.0
2267,587.0
2268,588.0
2270,1.0
2271,3.0
2272,329.0
2273,589.0
2276,130.0
2277,41.0
2278,1.0
2280,590.0
2284,17.0
2285,1.0
2286,14.0
2287,591.0
2288,592.0
2289,362.0
2290,593.0
2291,20.0
2292,70.0
2295,106.0
2296,594.0
2297,595.0
2298,345.0
2299,263.0
2300,10.0
2301,490.0
2302,596.0
2303,504.0
2304,96.0
2305,597.0
2306,598.0
2309,1.0
2310,576.0
2311,1.0
2312,1.0
2314,9.0
2315,599.0
2316,39.0
2317,1.0
2318,130.0
2323,600.0
2324,184.0
2325,376.0
2326,78.0
2327,601.0
2329,602.0
2333,1.0
2335,1.0
2337,1.0
2338,1.0
2339,1.0
2340,1.0
2341,89.0
2342,231.0
2343,603.0
2344,41.0
2345,604.0
2346,96.0
2347,140.0
2349,1.0
2350,9.0
2351,26.0
2352,605.0
2353,94.0
2356,606.0
2358,64.0
2359,1.0
2363,1.0
2364,1.0
2365,607.0
2366,200.0
2367,608.0
2368,9.0
2371,1.0
2372,56.0
2373,503.0
2374,1.0
2375,503.0
2377,609.0
2382,610.0
2383,611.0
2384,612.0
2385,613.0
2386,614.0
2388,42.0
2389,41.0
2390,9.0
2391,285.0
2395,615.0
2396,616.0
2397,100.0
2400,143.0
2401,617.0
2402,292.0
2403,92.0
2404,618.0
2405,619.0
2407,113.0
2408,243.0
2412,3.0
2413,41.0
2415,136.0
2416,345.0
2417,620.0
2418,621.0
2419,622.0
2420,520.0
2422,12.0
2423,576.0
2424,623.0
2426,624.0
2428,469.0
2429,96.0
2431,625.0
2434,140.0
2435,92.0
2439,503.0
2440,370.0
2441,64.0
2442,626.0
2443,627.0
2444,270.0
2445,628.0
2448,368.0
2450,164.0
2451,200.0
2452,629.0
2453,20.0
2457,64.0
2458,197.0
2459,1.0
2460,140.0
2461,1.0
2462,42.0
2463,1.0
2466,1.0
2467,1.0
2468,630.0
2474,1.0
2480,1.0
2492,571.0
2496,200.0
2500,22.0
2502,631.0
2505,188.0
2506,1.0
2508,632.0
2512,144.0
2518,633.0
2521,1.0
2527,1.0
2528,588.0
2529,634.0
2530,373.0
2536,143.0
2538,214.0
2539,265.0
2540,336.0
2541,92.0
2542,42.0
2543,635.0
2544,401.0
2545,62.0
2546,1.0
2547,64.0
2549,636.0
2550,48.0
2551,637.0
2561,1.0
2574,1.0
2581,1.0
2582,564.0
2584,1.0
2596,1.0
2598,3.0
2602,1.0
2611,638.0
2613,75.0
2614,336.0
2616,42.0
2618,1.0
2620,639.0
2621,1.0
2622,640.0
2624,146.0
2627,641.0
2628,642.0
2629,200.0
2630,1.0
2631,200.0
2632,272.0
2633,643.0
2634,644.0
2635,64.0
2636,645.0
2637,96.0
2638,646.0
2639,647.0
2640,191.0
2641,641.0
2642,648.0
2643,56.0
2644,649.0
2645,650.0
2646,651.0
2647,42.0
2648,336.0
2649,64.0
2650,409.0
2651,243.0
2652,64.0
2653,95.0
2654,652.0
2655,124.0
2656,96.0
2657,653.0
2658,9.0
2659,654.0
2660,655.0
2661,12.0
2662,656.0
2663,436.0
2664,113.0
2665,186.0
2666,657.0
2667,658.0
2668,659.0
2669,660.0
2672,62.0
2673,661.0
2674,64.0
2675,93.0
2676,436.0
2677,662.0
2690,1.0
2697,469.0
2702,489.0
2712,1.0
2715,3.0
2727,1.0
2737,38.0
2738,3.0
2743,26.0
2744,663.0
2745,664.0
2747,41.0
2748,665.0
2749,666.0
2751,173.0
2752,39.0
2753,9.0
2757,632.0
2760,199.0
2762,667.0
2764,64.0
2766,113.0
2768,668.0
2772,93.0
2773,669.0
2775,251.0
2776,670.0
2779,9.0
2780,1.0
2782,42.0
2783,226.0
2784,41.0
2785,289.0
2786,265.0
2787,671.0
2788,378.0
2791,1.0
2792,2.0
2793,188.0
2794,25.0
2795,244.0
2796,568.0
2797,1.0
2800,672.0
2801,575.0
2802,673.0
2803,466.0
2804,268.0
2806,674.0
2807,336.0
2808,2.0
2809,1.0
2810,329.0
2811,1.0
2812,1.0
2813,75.0
2815,1.0
2816,675.0
2818,1.0
2819,93.0
2820,676.0
2821,677.0
2822,678.0
2823,42.0
2824,277.0
2825,42.0
2826,106.0
2827,559.0
2828,679.0
2829,3.0
2831,108.0
2832,418.0
2834,56.0
2836,680.0
2839,64.0
2840,169.0
2841,681.0
2842,662.0
2843,328.0
2844,1.0
2846,682.0
2848,188.0
2851,428.0
2852,1.0
2853,683.0
2857,1.0
2859,1.0
2863,1.0
2864,1.0
2867,2.0
2868,364.0
2870,1.0
2871,1.0
2873,1.0
2875,1.0
2876,1.0
2877,1.0
2878,1.0
2879,41.0
2881,684.0
2882,685.0
2883,580.0
2885,686.0
2886,1.0
2887,687.0
2889,62.0
2891,688.0
2892,1.0
2893,1.0
2894,1.0
2895,1.0
2896,689.0
2897,42.0
2898,5.0
2899,42.0
2900,37.0
2901,690.0
2902,1.0
2903,691.0
2904,692.0
2905,110.0
2906,1.0
2907,31.0
2908,200.0
2909,108.0
2910,9.0
2911,2.0
2912,64.0
2915,693.0
2918,694.0
2919,88.0
2920,31.0
2921,1.0
2922,22.0
2923,1.0
2924,1.0
2925,2.0
2926,695.0
2927,12.0
2928,696.0
2929,504.0
2930,41.0
2939,697.0
2944,698.0
2946,1.0
2947,699.0
2948,700.0
2949,615.0
2951,701.0
2952,42.0
2953,115.0
2954,1.0
2956,1.0
2957,702.0
2958,265.0
2959,21.0
2961,551.0
2962,88.0
2963,164.0
2964,42.0
2967,42.0
2969,503.0
2970,703.0
2971,517.0
2975,613.0
2976,1.0
2977,115.0
2978,704.0
2979,42.0
2981,705.0
2983,328.0
2984,1.0
2985,706.0
2988,41.0
2989,42.0
2990,707.0
2991,292.0
2992,1.0
2993,1.0
2994,708.0
2996,709.0
2997,38.0
2998,1.0
3000,269.0
3002,710.0
3003,9.0
3007,588.0
3010,711.0
3011,1.0
3015,712.0
3016,1.0
3017,102.0
3018,144.0
3019,251.0
3020,713.0
3021,714.0
3026,715.0
3032,33.0
3036,1.0
3037,1.0
3040,1.0
3052,1.0
3055,3.0
3056,25.0
3057,64.0
3063,1.0
3066,1.0
3067,1.0
3076,1.0
3081,1.0
3085,1.0
3086,716.0
3087,1.0
3090,1.0
3091,27.0
3092,14.0
3098,1.0
3108,93.0
3109,717.0
3111,233.0
3112,718.0
3114,278.0
3115,662.0
3116,719.0
3118,93.0
3119,188.0
3120,613.0
3122,64.0
3123,360.0
3124,42.0
3125,720.0
3126,721.0
3127,722.0
3129,723.0
3131,9.0
3132,724.0
3133,725.0
3135,1.0
3138,233.0
3139,75.0
3140,726.0
3141,70.0
3142,1.0
3144,727.0
3145,728.0
3146,729.0
3148,9.0
3149,730.0
3150,1.0
3153,731.0
3154,64.0
3155,48.0
3156,732.0
3157,64.0
3158,733.0
3160,734.0
3161,1.0
3162,10.0
3163,735.0
3164,188.0
3166,736.0
3167,737.0
3168,255.0
3169,612.0
3170,738.0
3171,75.0
3172,739.0
3173,1.0
3175,116.0
3176,41.0
3177,740.0
3178,741.0
3179,56.0
3181,1.0
3182,229.0
3183,742.0
3184,743.0
3186,744.0
3188,365.0
3189,1.0
3193,745.0
3198,746.0
3202,747.0
3206,748.0
3207,380.0
3210,749.0
3211,95.0
3212,20.0
3214,750.0
3215,1.0
3217,315.0
3221,751.0
3222,251.0
3224,752.0
3234,1.0
3239,42.0
3240,93.0
3242,753.0
3243,754.0
3245,755.0
3248,176.0
3250,756.0
3253,272.0
3254,272.0
3257,168.0
3264,757.0
3265,758.0
3268,10.0
3270,759.0
3272,760.0
3273,761.0
3275,111.0
3276,762.0
3277,111.0
3278,1.0
3279,763.0
3280,1.0
3290,64.0
3291,20.0
3292,764.0
3293,93.0
3295,41.0
3296,41.0
3298,504.0
3299,42.0
3304,310.0
3305,765.0
3309,703.0
3311,766.0
3313,42.0
3318,767.0
3322,768.0
3324,39.0
3325,769.0
3326,770.0
3328,64.0
3331,201.0
3333,42.0
3339,42.0
3344,771.0
3345,772.0
3346,154.0
3348,96.0
3357,42.0
3358,773.0
3360,265.0
3361,41.0
3363,41.0
3364,218.0
3366,427.0
3368,774.0
3369,1.0
3377,775.0
3378,776.0
3379,42.0
3380,64.0
3382,278.0
3389,224.0
3390,93.0
3392,601.0
3393,75.0
3394,777.0
3396,311.0
3402,336.0
3404,42.0
3405,42.0
3406,1.0
3414,93.0
3415,778.0
3416,489.0
3419,779.0
3420,42.0
3423,9.0
3424,503.0
3425,48.0
3427,93.0
3428,780.0
3429,42.0
3430,93.0
3431,42.0
3435,41.0
3436,42.0
3437,93.0
3439,336.0
3440,41.0
3442,531.0
3443,513.0
3444,741.0
3447,1.0
3450,1.0
3462,781.0
3474,1.0
3482,782.0
3485,2.0
3486,1.0
3487,783.0
3490,1.0
3491,250.0
3492,345.0
3493,784.0
3494,56.0
3496,96.0
3498,268.0
3500,785.0
3501,48.0
3502,71.0
3503,612.0
3504,62.0
3507,2.0
3508,1.0
3511,64.0
3512,291.0
1555,1.0
3513,786.0
3514,2.0
3515,787.0
3516,1.0
3518,788.0
3519,789.0
3520,790.0
3521,75.0
3522,791.0
3525,2.0
3527,792.0
3528,1.0
3529,633.0
3533,42.0
3534,1.0
3536,1.0
3538,42.0
3539,106.0
3541,793.0
3542,794.0
3543,2.0
3544,20.0
3545,343.0
3546,795.0
3547,115.0
3548,380.0
3550,1.0
3554,1.0
3556,1.0
3557,662.0
3558,1.0
3559,796.0
3560,17.0
3561,797.0
3562,676.0
3563,93.0
3565,255.0
3566,236.0
3567,9.0
3576,1.0
3577,233.0
3578,92.0
3579,798.0
3580,42.0
3581,799.0
3582,800.0
3584,214.0
3585,64.0
3586,801.0
3587,802.0
3591,22.0
3593,1.0
3597,41.0
3599,803.0
3600,140.0
3601,310.0
3602,804.0
3605,1.0
3607,1.0
3608,805.0
3611,2.0
3612,93.0
3613,144.0
3614,1.0
3617,48.0
3618,201.0
3619,144.0
3620,326.0
3625,806.0
3627,391.0
3628,345.0
3633,807.0
3634,808.0
3636,93.0
3637,41.0
3638,504.0
3639,93.0
3643,503.0
3644,809.0
3646,810.0
3650,811.0
3651,1.0
3655,503.0
3657,612.0
3660,92.0
3665,386.0
3666,64.0
3667,357.0
3669,1.0
3676,812.0
3680,1.0
3681,14.0
3694,1.0
3700,813.0
3702,41.0
3717,1.0
3719,1.0
3720,1.0
3722,40.0
3723,3.0
3724,814.0
3727,38.0
3728,1.0
3729,1.0
3730,1.0
3731,815.0
3732,1.0
3733,3.0
3734,1.0
3736,64.0
3740,1.0
3751,816.0
3752,191.0
3753,817.0
3754,818.0
3755,214.0
3756,17.0
3761,1.0
3762,93.0
3764,93.0
3765,819.0
3768,820.0
3771,821.0
3774,176.0
3775,164.0
3776,822.0
3778,188.0
3781,42.0
3784,823.0
3785,42.0
3786,96.0
3791,142.0
3795,824.0
3797,64.0
3798,204.0
3800,184.0
3802,356.0
3804,20.0
3807,735.0
3810,825.0
3811,188.0
3813,504.0
3815,75.0
3816,826.0
3818,251.0
3819,827.0
3820,828.0
3824,11.0
3829,829.0
3830,93.0
3845,46.0
3848,1.0
3856,830.0
3860,42.0
3861,42.0
3865,370.0
3868,588.0
3869,42.0
3876,1.0
3877,1.0
3881,1.0
3887,2.0
3891,831.0
3892,3.0
3893,832.0
3895,311.0
3896,1.0
3898,1.0
3899,833.0
3900,234.0
3901,132.0
3904,834.0
3905,346.0
3906,835.0
3909,1.0
3911,96.0
3912,370.0
3913,31.0
3915,836.0
3916,200.0
3917,41.0
3918,837.0
3924,1.0
3925,1.0
3929,64.0
3930,1.0
3932,838.0
3938,409.0
3940,1.0
3942,1.0
3948,93.0
3949,42.0
3951,20.0
3958,1.0
3965,839.0
3967,3.0
3970,39.0
3982,116.0
3983,517.0
3984,280.0
3986,40.0
3990,1.0
3992,1.0
3993,1.0
3994,1.0
3998,1.0
4000,56.0
4002,1.0
4007,1.0
4008,1.0
4010,1.0
4011,1.0
4012,1.0
4013,1.0
4017,1.0
4018,1.0
4019,1.0
4023,3.0
4025,1.0
4030,1.0
4032,840.0
4035,1.0
4036,1.0
4038,140.0
4039,616.0
4040,20.0
4043,201.0
4044,233.0
4045,841.0
4047,42.0
4048,842.0
4049,300.0
4051,685.0
4052,42.0
4053,42.0
4054,42.0
4055,42.0
4056,329.0
4057,93.0
4058,272.0
4059,42.0
4062,200.0
4063,843.0
4064,844.0
4065,70.0
4067,64.0
4069,1.0
4073,845.0
4075,142.0
4079,2.0
4085,3.0
4089,1.0
4103,1.0
4107,2.0
4110,1.0
4111,1.0
4112,588.0
4116,846.0
4118,847.0
4120,848.0
4123,848.0
4124,336.0
4126,849.0
4128,201.0
4133,308.0
4134,136.0
4135,308.0
4136,850.0
4138,64.0
4142,851.0
4143,834.0
4147,852.0
4148,616.0
4152,188.0
4153,160.0
4156,2.0
4158,413.0
4159,184.0
4162,41.0
4165,278.0
4166,853.0
4167,854.0
4168,54.0
4174,62.0
4175,389.0
4176,144.0
4177,855.0
4178,188.0
4180,856.0
4182,857.0
4184,234.0
4185,858.0
4186,264.0
4187,308.0
4188,41.0
4189,137.0
4191,370.0
4192,93.0
4195,308.0
4197,859.0
4202,737.0
4204,278.0
4205,146.0
4206,427.0
4207,375.0
4208,331.0
4210,242.0
4212,860.0
4215,861.0
4216,293.0
4217,862.0
4218,863.0
4220,41.0
4221,864.0
4224,865.0
4225,866.0
4226,1.0
4229,281.0
4232,308.0
4234,867.0
4236,868.0
4239,146.0
4240,64.0
4242,41.0
4243,62.0
4249,869.0
4251,56.0
4253,870.0
4256,93.0
4257,871.0
4262,349.0
4263,872.0
4265,132.0
4267,1.0
4268,873.0
4269,575.0
4270,41.0
4271,874.0
4274,140.0
4276,875.0
4279,876.0
4281,75.0
4282,850.0
4285,877.0
4287,110.0
4288,878.0
4290,9.0
4291,879.0
4292,717.0
4293,880.0
4294,881.0
4295,882.0
4301,883.0
4302,102.0
4303,1.0
4305,884.0
4307,93.0
4309,42.0
4310,42.0
4311,671.0
4315,885.0
4317,886.0
4320,219.0
4322,1.0
4323,873.0
4328,887.0
4331,888.0
4332,873.0
4334,378.0
4336,889.0
4338,42.0
4342,42.0
4345,42.0
4346,64.0
4347,890.0
4350,1.0
4353,891.0
4356,251.0
4357,892.0
4363,111.0
4365,893.0
4366,356.0
4367,894.0
4369,895.0
4370,336.0
4371,41.0
4375,28.0
4377,20.0
4378,896.0
4381,388.0
4382,780.0
4385,336.0
4394,897.0
4397,898.0
4398,42.0
4403,1.0
4404,236.0
4410,899.0
4414,41.0
4415,900.0
4417,901.0
4418,570.0
4419,902.0
4420,902.0
4422,201.0
4423,370.0
4424,903.0
4425,1.0
4427,386.0
4428,41.0
4430,904.0
4431,905.0
4435,9.0
4439,906.0
4440,907.0
4441,137.0
4443,373.0
4444,62.0
4445,908.0
4446,909.0
4447,910.0
4448,480.0
4455,79.0
4458,42.0
4460,144.0
4461,743.0
4466,130.0
4467,146.0
4468,329.0
4469,41.0
4472,911.0
4473,329.0
4475,1.0
4478,226.0
4479,912.0
4480,913.0
4481,914.0
4482,1.0
4483,349.0
4488,106.0
4492,1.0
4494,241.0
4497,915.0
4498,916.0
4499,420.0
4501,146.0
4505,917.0
4508,209.0
4509,251.0
4510,41.0
4512,918.0
4514,176.0
4516,919.0
4517,215.0
4519,920.0
4520,41.0
4522,921.0
4524,922.0
4525,576.0
4526,111.0
4528,142.0
4532,572.0
4536,703.0
4541,187.0
4542,1.0
4546,310.0
4548,595.0
4549,64.0
4550,41.0
4552,233.0
4553,923.0
4555,42.0
4557,1.0
4558,924.0
4562,160.0
4563,96.0
4567,925.0
4569,136.0
4570,42.0
4571,605.0
4572,58.0
4574,926.0
4576,927.0
4579,928.0
4581,929.0
4582,41.0
4584,930.0
4586,503.0
4591,834.0
4594,931.0
4595,507.0
4596,9.0
4597,932.0
4598,933.0
4600,12.0
4603,368.0
4606,873.0
4608,934.0
4609,265.0
4610,576.0
4611,9.0
4612,427.0
4615,9.0
4616,41.0
4618,268.0
4620,576.0
4621,64.0
4625,200.0
4630,2.0
4633,56.0
4634,368.0
4638,62.0
4639,224.0
4640,935.0
4644,427.0
4645,936.0
4646,877.0
4647,64.0
4648,95.0
4649,937.0
4651,568.0
4652,938.0
4657,146.0
4659,41.0
4662,939.0
4664,885.0
4667,41.0
4672,142.0
4676,743.0
4678,278.0
4679,940.0
4682,941.0
4683,613.0
4687,942.0
4688,703.0
4692,943.0
4693,944.0
4695,945.0
4702,320.0
4703,269.0
4705,946.0
4709,517.0
4710,947.0
4717,329.0
4719,480.0
4721,20.0
4722,948.0
4723,41.0
4724,229.0
4726,949.0
4727,93.0
4733,950.0
4738,951.0
4741,952.0
4751,389.0
4752,953.0
4754,41.0
4755,954.0
4756,955.0
4761,956.0
4763,957.0
4767,278.0
4769,418.0
4772,1.0
4776,958.0
4778,427.0
4779,959.0
4780,427.0
4783,188.0
4786,960.0
4787,64.0
4790,961.0
4794,885.0
4795,41.0
4796,75.0
4797,957.0
4800,20.0
4806,807.0
4810,962.0
4812,963.0
4813,132.0
4816,964.0
4819,41.0
4820,965.0
4824,885.0
4825,42.0
4826,144.0
4827,42.0
4830,64.0
4831,966.0
4834,64.0
4836,967.0
4837,12.0
4840,2.0
4841,9.0
4842,849.0
4844,968.0
4848,41.0
4850,149.0
4852,207.0
4859,41.0
4860,269.0
4861,969.0
4864,703.0
4867,214.0
4868,200.0
4869,814.0
4870,1.0
4871,9.0
4874,970.0
4876,41.0
4878,308.0
4879,209.0
4880,971.0
4881,972.0
4885,14.0
4886,680.0
4888,1.0
4894,431.0
4895,78.0
4896,973.0
4897,9.0
4899,93.0
4900,1.0
4902,974.0
4903,895.0
4904,975.0
4905,62.0
4906,613.0
4909,428.0
4910,106.0
4912,976.0
4913,1.0
4915,977.0
4916,605.0
4918,738.0
4919,978.0
4921,834.0
4923,885.0
4925,979.0
4926,95.0
4927,588.0
4930,188.0
4931,28.0
4935,315.0
4936,980.0
4937,242.0
4938,981.0
4939,41.0
4940,489.0
4942,982.0
4944,409.0
4945,46.0
4946,1.0
4947,106.0
4948,983.0
4949,984.0
4950,41.0
4952,957.0
4954,985.0
4955,56.0
4956,202.0
4958,9.0
4959,986.0
4961,987.0
4963,108.0
4964,95.0
4965,988.0
4967,184.0
4972,989.0
4974,191.0
4975,130.0
4977,202.0
4978,498.0
4979,1.0
4981,631.0
4984,990.0
4985,1.0
4986,1.0
4990,42.0
4994,991.0
4996,269.0
4998,992.0
4999,179.0
5001,42.0
5002,993.0
5003,47.0
5005,42.0
5006,994.0
5007,1.0
5008,1.0
5011,1.0
5015,92.0
5017,56.0
5020,41.0
5021,995.0
5022,136.0
5025,411.0
5028,1.0
5029,616.0
5030,336.0
5031,685.0
5032,9.0
5035,2.0
5036,41.0
5037,1.0
5039,996.0
5040,39.0
5044,997.0
5047,184.0
5048,575.0
5049,803.0
5051,42.0
5052,470.0
5053,247.0
5055,998.0
5056,62.0
5057,62.0
5058,999.0
5060,64.0
5061,200.0
5063,1000.0
5064,139.0
5065,1001.0
5067,1002.0
5072,10.0
5075,1003.0
5076,102.0
5078,200.0
5080,39.0
5083,88.0
5084,1004.0
5085,56.0
5087,497.0
5088,200.0
5090,1005.0
5092,46.0
5094,75.0
5095,109.0
5098,9.0
5099,106.0
5100,9.0
5101,503.0
5106,1006.0
5107,106.0
5108,41.0
5109,1007.0
5110,1008.0
5112,1009.0
5113,1010.0
5116,1011.0
5117,75.0
5118,1012.0
5121,265.0
5129,1013.0
5130,1014.0
5132,41.0
5133,106.0
5135,1.0
5141,1015.0
5145,1016.0
5148,70.0
5153,42.0
5154,1017.0
5155,42.0
5156,466.0
5158,1.0
5187,3.0
5188,54.0
5195,3.0
5196,1.0
5199,694.0
5200,1.0
5201,1.0
5203,943.0
5204,159.0
5208,853.0
5210,1018.0
5211,1018.0
5214,330.0
5219,1019.0
5221,1.0
5222,41.0
5223,41.0
5226,1020.0
5228,1.0
5229,943.0
5230,111.0
5232,282.0
5244,1021.0
5250,588.0
5265,144.0
5268,1.0
5275,909.0
5279,1.0
5280,1022.0
5285,1023.0
5288,1024.0
5289,1025.0
5291,201.0
5303,42.0
5304,1.0
5310,42.0
5313,188.0
5317,1.0
5321,1.0
5324,1.0
5325,1.0
5326,1026.0
5331,42.0
5333,1.0
5339,42.0
5341,1027.0
5342,42.0
5343,42.0
5345,988.0
5347,9.0
5350,1.0
5351,9.0
5352,62.0
5353,56.0
5355,370.0
5358,64.0
5360,64.0
5362,20.0
5369,1028.0
5376,115.0
5377,251.0
5378,64.0
5380,1029.0
5382,140.0
5384,79.0
5385,201.0
5386,48.0
5389,41.0
5394,176.0
5395,109.0
5399,1030.0
5400,1.0
5401,272.0
5403,1031.0
5407,265.0
5410,243.0
5418,42.0
5421,75.0
5422,1.0
5424,42.0
5429,1.0
5431,9.0
5436,1032.0
5453,786.0
5458,1.0
5460,1033.0
5464,1034.0
5465,64.0
5466,504.0
5467,1.0
5468,594.0
5471,64.0
5475,70.0
5485,42.0
5488,1035.0
5491,1036.0
5493,883.0
5495,778.0
5497,1037.0
5506,434.0
5507,555.0
5508,1038.0
5511,214.0
5513,450.0
5514,1039.0
5515,1040.0
5523,1.0
5586,1.0
5588,1.0
5602,16.0
5608,1.0
5611,1041.0
5612,1042.0
5613,2.0
5615,1.0
5616,1043.0
5617,1.0
5618,1044.0
5621,4.0
5622,4.0
5626,184.0
5627,184.0
5628,328.0
5629,1.0
5630,473.0
5631,1045.0
5633,105.0
5634,575.0
5635,473.0
5636,575.0
5642,336.0
5643,1046.0
5644,41.0
5646,1.0
5648,48.0
5649,278.0
5650,703.0
5651,231.0
5653,95.0
5656,1047.0
5659,1.0
5660,154.0
5662,42.0
5665,1.0
5667,42.0
5668,1.0
5673,588.0
5674,42.0
5684,16.0
5685,2.0
5694,2.0
5696,5.0
5702,64.0
5703,79.0
5706,41.0
5708,1048.0
5709,546.0
5710,1049.0
5711,1050.0
5714,200.0
5715,93.0
5716,1051.0
5717,1052.0
5718,140.0
5721,1053.0
5722,1054.0
5724,41.0
5725,1055.0
5726,346.0
5731,329.0
5732,272.0
5735,858.0
5736,818.0
5737,234.0
5738,1056.0
5746,473.0
5753,272.0
5754,370.0
5756,1.0
5760,42.0
5761,1057.0
5767,1058.0
5771,1059.0
5774,1060.0
5776,5.0
5779,1061.0
5780,862.0
5781,2.0
5783,1062.0
5784,41.0
5786,2.0
5789,88.0
5792,2.0
5793,2.0
5794,839.0
5799,2.0
5809,2.0
5810,1063.0
5814,1.0
5818,616.0
5819,64.0
5821,1064.0
5822,1065.0
5823,12.0
5824,1066.0
5825,1067.0
5826,1068.0
5827,990.0
5828,42.0
5829,1069.0
5831,1070.0
5835,1071.0
5836,1072.0
5837,1073.0
5838,92.0
5841,132.0
5842,41.0
5844,1074.0
5846,638.0
5847,709.0
5848,1075.0
5851,200.0
5855,678.0
5856,504.0
5857,41.0
5858,703.0
5859,42.0
5860,1.0
5861,219.0
5862,1076.0
5864,1077.0
5869,1078.0
5871,64.0
5872,9.0
5874,1079.0
5876,1080.0
5877,93.0
5879,93.0
5881,64.0
5882,1081.0
5883,1082.0
5885,269.0
5886,1083.0
5888,545.0
5889,1084.0
5890,1.0
5891,504.0
5892,1085.0
5893,1086.0
5895,678.0
5896,1087.0
5898,39.0
5899,877.0
5900,1088.0
5901,64.0
5902,1.0
5903,140.0
5905,1089.0
5906,92.0
5908,1015.0
5909,1090.0
5910,353.0
5914,1091.0
5915,111.0
5917,370.0
5918,1092.0
5919,34.0
5920,42.0
5922,1093.0
5924,1094.0
5925,1095.0
5927,201.0
5928,64.0
5930,1096.0
5931,1.0
5932,743.0
5933,41.0
5934,200.0
5935,409.0
5936,1097.0
5937,1098.0
5939,2.0
5940,1099.0
5941,96.0
5947,1100.0
5950,1101.0
5953,3.0
5954,3.0
5972,2.0
5973,1.0
5981,2.0
5985,1.0
5986,1.0
5987,1.0
5988,1.0
5989,279.0
5990,1.0
5991,1.0
5992,42.0
5994,2.0
6010,1.0
6014,42.0
6015,42.0
6016,46.0
6018,42.0
6021,1.0
6022,1.0
6041,2.0
6060,4.0
6070,1.0
6087,2.0
6101,1.0
6105,1.0
6136,8.0
6141,116.0
6144,1.0
6149,24.0
6155,1.0
6157,1.0
6160,2.0
6165,1.0
6167,1.0
6172,16.0
6173,804.0
6176,1102.0
6183,713.0
6184,1103.0
6185,1104.0
6186,1105.0
6192,42.0
6193,834.0
6197,2.0
6201,130.0
6204,1.0
6208,1106.0
6209,62.0
6216,1107.0
6224,42.0
6226,1108.0
6229,504.0
6233,1109.0
6247,1110.0
6249,735.0
6251,1.0
6254,1111.0
6255,1.0
6261,269.0
6266,881.0
6268,1049.0
6271,20.0
6272,503.0
6273,1.0
6274,1005.0
6275,251.0
6276,1112.0
6277,1113.0
6280,1.0
6285,96.0
6286,1114.0
6287,95.0
6288,360.0
6290,64.0
6291,41.0
6294,1115.0
6297,200.0
6305,1116.0
6309,62.0
6310,64.0
6313,188.0
6315,1.0
6317,1.0
6319,728.0
6320,64.0
6322,1117.0
6324,588.0
6330,42.0
6342,786.0
6344,497.0
6347,1118.0
6349,1119.0
6351,75.0
6354,1120.0
6355,62.0
6356,1121.0
6357,1122.0
6358,347.0
6359,780.0
6360,251.0
6361,214.0
6363,1123.0
6365,42.0
6369,1.0
6372,226.0
6374,130.0
6377,42.0
6381,1124.0
6386,142.0
6387,202.0
6388,20.0
6389,503.0
6393,111.0
6396,1125.0
6399,1.0
6404,2.0
6412,1.0
6423,2.0
6435,116.0
6443,1.0
6448,2.0
6449,2.0
6450,2.0
6453,2.0
6455,1126.0
6456,1127.0
6458,184.0
6459,1.0
6460,229.0
6461,42.0
6462,93.0
6471,1.0
6477,42.0
6494,579.0
6495,42.0
6501,1.0
6502,1.0
6505,2.0
6507,1128.0
6510,2.0
6558,3.0
6559,1129.0
6568,3.0
6570,229.0
6571,1130.0
6586,1.0
6587,1131.0
6593,1.0
6594,1.0
6601,1.0
6605,1.0
6623,2.0
6630,1.0
6633,1.0
6638,1.0
6650,1.0
6651,1.0
6654,1.0
6657,251.0
6661,621.0
6663,2.0
6669,1.0
6673,2.0
6675,418.0
6676,1.0
6677,20.0
6683,1.0
6690,1.0
6695,1.0
6703,1.0
6716,1.0
6723,2.0
6730,1.0
6735,1.0
6736,1.0
6738,1.0
6740,1.0
6745,2.0
6750,1.0
6751,1.0
6753,1.0
6754,1.0
6757,1.0
6758,1.0
6763,1.0
6764,754.0
6765,1.0
6766,1.0
6767,1.0
6768,1.0
6769,1.0
6771,2.0
6772,1.0
6777,1.0
6788,1.0
6790,1.0
6795,32.0
6806,64.0
6814,498.0
6830,9.0
6836,431.0
6837,42.0
6838,996.0
6839,1.0
6840,780.0
6841,95.0
6842,370.0
6846,1132.0
6848,1133.0
6849,1134.0
6853,368.0
6859,1135.0
6862,1.0
6865,1.0
6866,20.0
6869,219.0
6876,213.0
6877,943.0
6878,200.0
6879,1.0
6880,1.0
6882,93.0
6884,93.0
6886,64.0
6909,1.0
6913,1.0
6953,1.0
7006,1.0
7012,1.0
7041,1136.0
7043,1.0
7084,1.0
7085,1.0
7089,93.0
7097,5.0
7114,3.0
7156,2.0
7158,2.0
7174,1137.0
7175,1138.0
7176,972.0
7177,20.0
7179,410.0
7184,850.0
7186,1139.0
7188,1.0
7191,289.0
7192,588.0
7193,93.0
7195,1140.0
7197,278.0
7203,1141.0
7204,1142.0
7210,1.0
7211,164.0
7212,164.0
7214,42.0
7216,1143.0
7222,9.0
7228,386.0
7232,1.0
7235,1144.0
7236,40.0
7247,2.0
7249,88.0
7250,41.0
7252,105.0
7253,1145.0
7257,1.0
7259,1146.0
7260,62.0
7262,1049.0
7263,176.0
7267,88.0
7268,78.0
7272,1147.0
7273,159.0
7275,2.0
7276,1148.0
7278,93.0
7279,170.0
7281,41.0
7282,17.0
7284,1.0
7285,251.0
7286,2.0
7288,1149.0
7290,1.0
7291,1.0
7292,1.0
7293,1.0
7294,317.0
7295,840.0
7303,1.0
7306,1.0
7308,1.0
7310,93.0
7311,9.0
7312,1.0
7313,1150.0
7314,1.0
7315,1.0
7316,3.0
7317,1.0
7320,1.0
7324,1.0
7327,1.0
7334,1.0
7337,1.0
7344,1.0
7355,1.0
7369,1.0
7372,2.0
7380,1.0
7381,1.0
7391,1.0
7395,1.0
7402,1.0
7406,1.0
7410,1.0
7411,1151.0
7415,1.0
7417,1.0
7419,1.0
7420,1.0
7424,1.0
7425,1.0
7441,1.0
7462,88.0
7464,1.0
7466,1.0
7467,1.0
7470,1.0
7477,1.0
7479,1.0
7481,1.0
7485,1152.0
7495,1.0
7496,1.0
7504,1.0
7505,1.0
7507,1.0
7513,1.0
7514,1.0
7520,1.0
7521,1.0
7523,1.0
7533,1153.0
7537,1152.0
7541,1.0
7548,1.0
7561,1.0
7567,1.0
7574,204.0
7576,1.0
7578,1154.0
7581,214.0
7584,1.0
7587,1034.0
7588,1155.0
7589,1044.0
7590,743.0
7591,42.0
7592,265.0
7593,592.0
7603,1.0
7604,9.0
7606,20.0
7607,42.0
7610,62.0
7611,1156.0
7612,9.0
7615,1157.0
7617,1158.0
7618,144.0
7621,42.0
7622,1.0
7623,546.0
7624,1159.0
7626,1160.0
7627,1161.0
7629,41.0
7630,754.0
7633,42.0
7634,1.0
7635,34.0
7637,1.0
7638,1.0
7639,20.0
7640,2.0
7641,1.0
7642,1.0
7643,1.0
7651,39.0
7652,1.0
7665,42.0
7666,42.0
7667,1162.0
7669,1163.0
7670,146.0
7673,1164.0
7674,336.0
7675,42.0
7676,1165.0
7677,75.0
7679,42.0
7680,594.0
7681,75.0
7683,621.0
7684,1.0
7686,200.0
7687,2.0
7688,9.0
7689,79.0
7690,479.0
7691,144.0
7692,685.0
7693,42.0
7696,2.0
7700,1.0
7702,1.0
7703,1.0
7704,1.0
7705,1.0
7706,1.0
7712,2.0
7719,1.0
7723,1.0
7725,78.0
7727,9.0
7729,92.0
7730,151.0
7733,943.0
7734,1166.0
7735,1167.0
7737,282.0
7742,873.0
7745,1168.0
7746,1.0
7747,42.0
7752,1169.0
7756,1170.0
7757,1.0
7758,64.0
7762,142.0
7763,877.0
7764,300.0
7767,92.0
7768,42.0
7769,1030.0
7770,56.0
7771,1171.0
7773,2.0
7774,2.0
7775,96.0
7776,546.0
7779,269.0
7782,409.0
7783,200.0
7787,1172.0
7789,64.0
7790,140.0
7792,272.0
7793,431.0
7797,310.0
7798,1.0
7799,9.0
7801,1040.0
7802,1.0
7803,427.0
7807,93.0
7811,42.0
7813,210.0
7816,214.0
7818,1.0
7819,1173.0
7823,408.0
7824,42.0
7825,41.0
7826,9.0
7827,9.0
7828,1174.0
7829,64.0
7832,514.0
7833,265.0
7834,1175.0
7836,42.0
7840,42.0
7841,9.0
7843,2.0
7854,1.0
7861,1.0
7865,1.0
7874,1.0
7890,1.0
7894,1.0
7903,1.0
7909,1.0
7914,1.0
7915,1.0
7917,2.0
7919,1.0
7920,17.0
7922,1.0
7937,1.0
7943,1.0
7945,1.0
7946,1.0
7947,1.0
7948,1.0
7949,1.0
7950,1.0
7951,1.0
7952,1.0
7953,1.0
7958,1.0
7959,1.0
7960,1.0
7961,1.0
7962,1.0
7965,1.0
7966,1.0
7969,1.0
7970,1.0
7971,1.0
7972,1.0
7973,1.0
7975,1.0
7977,1.0
7979,1.0
7980,1.0
7981,2.0
7982,1.0
7983,1.0
7984,1.0
7986,1.0
7991,1.0
7992,1.0
7993,1.0
7995,3.0
7997,1.0
7999,1.0
8001,1.0
8004,1.0
8005,1.0
8009,1.0
8010,1.0
8013,1.0
8027,1.0
8028,1.0
8029,1.0
8040,1.0
8041,1.0
8042,1.0
8049,3.0
8050,1.0
8053,1.0
8054,1.0
8055,41.0
8056,1.0
8058,1.0
8062,759.0
8063,848.0
8064,1176.0
8066,115.0
8067,1.0
8070,1177.0
8071,588.0
8072,41.0
8073,113.0
8076,1178.0
8079,1179.0
8080,243.0
8081,140.0
8083,1180.0
8085,92.0
8087,42.0
8088,1181.0
8090,295.0
8105,1.0
8122,1182.0
8139,1.0
8142,1.0
8157,1.0
8162,585.0
8164,96.0
8165,39.0
8166,1183.0
8170,504.0
8171,391.0
8172,64.0
8173,1184.0
8174,504.0
8175,1.0
8176,1185.0
8177,42.0
8180,1.0
8181,592.0
8183,36.0
8185,78.0
8187,1.0
8191,336.0
8192,64.0
8199,56.0
8200,41.0
8201,54.0
8206,2.0
8210,1186.0
8212,1.0
8218,443.0
8226,2.0
8227,3.0
8228,1.0
8229,2.0
8230,2.0
8231,1187.0
8232,755.0
8233,1.0
8236,1188.0
8237,1189.0
8238,1.0
8239,1190.0
8240,1.0
8241,9.0
8242,787.0
8243,20.0
8246,1191.0
8247,996.0
8249,56.0
8250,188.0
8251,1192.0
8256,9.0
8257,1193.0
8258,34.0
8259,88.0
8261,272.0
8262,931.0
8266,42.0
8271,251.0
8287,1030.0
8289,233.0
8290,64.0
8292,136.0
8293,9.0
8294,418.0
8295,328.0
8296,42.0
8300,207.0
8301,1194.0
8302,821.0
8305,204.0
8307,1091.0
8316,1195.0
8318,1196.0
8319,9.0
8321,42.0
8322,1197.0
8323,612.0
8324,1198.0
8327,1199.0
8328,427.0
8329,1.0
8335,1.0
8351,1.0
8352,22.0
8353,1200.0
8355,93.0
8356,1201.0
8357,1202.0
8359,1.0
8362,9.0
8363,1203.0
8364,594.0
8367,1204.0
8370,1205.0
8371,42.0
8373,93.0
8374,804.0
8375,1206.0
8377,238.0
8381,135.0
8382,473.0
8383,241.0
8385,1207.0
8388,64.0
8391,1.0
8394,204.0
8396,64.0
8397,803.0
8398,504.0
8400,1.0
8402,1208.0
8405,588.0
8406,105.0
8413,559.0
8414,40.0
8415,42.0
8421,336.0
8423,1209.0
8425,1210.0
8430,1083.0
8431,1211.0
8432,514.0
8434,93.0
8435,945.0
8436,111.0
8438,200.0
8439,62.0
8440,42.0
8442,62.0
8443,42.0
8444,1.0
8445,1174.0
8446,1.0
8448,1212.0
8450,1213.0
8453,75.0
8456,1214.0
8460,1215.0
8464,1.0
8465,1.0
8466,1.0
8467,1.0
8472,1216.0
8473,42.0
8475,64.0
8477,42.0
8478,41.0
8480,850.0
8481,1.0
8482,1217.0
8484,2.0
8485,598.0
8486,1.0
8487,2.0
8488,1218.0
8489,62.0
8490,1219.0
8491,41.0
8492,1220.0
8493,1221.0
8495,64.0
8496,64.0
8497,817.0
8498,64.0
8499,480.0
8500,1222.0
8501,1223.0
8502,1224.0
8504,370.0
8505,78.0
8506,1225.0
8507,42.0
8508,838.0
8514,1.0
8515,1.0
8518,1226.0
8519,1227.0
8522,1.0
8523,48.0
8524,96.0
8525,1228.0
8527,41.0
8532,1.0
8537,3.0
8560,1.0
8561,1.0
8562,1.0
8567,2.0
8568,17.0
8571,2.0
8574,1.0
8576,1.0
8589,315.0
8591,386.0
8592,1.0
8595,214.0
8596,1.0
8597,42.0
8602,1.0
8607,1.0
8608,1.0
8611,201.0
8612,251.0
8613,546.0
8615,64.0
8616,41.0
8621,41.0
8622,210.0
8625,3.0
8628,3.0
8640,33.0
8642,2.0
8651,88.0
8655,979.0
8656,1229.0
8659,188.0
8661,1230.0
8662,1.0
8663,1231.0
8664,1232.0
8665,42.0
8666,442.0
8669,1233.0
8671,1234.0
8672,41.0
8675,568.0
8676,373.0
8677,38.0
8679,1221.0
8680,9.0
8683,143.0
8684,1235.0
8686,214.0
8689,9.0
8694,388.0
8695,703.0
8697,115.0
8698,1035.0
8702,209.0
8706,968.0
8709,1.0
8710,1.0
8711,62.0
8715,258.0
8716,176.0
8717,62.0
8718,1.0
8720,251.0
8722,140.0
8723,20.0
8724,56.0
8725,1.0
8726,631.0
8728,42.0
8729,79.0
8730,1.0
8734,1.0
8735,498.0
8736,1.0
8739,1.0
8740,3.0
8741,1.0
8742,3.0
8743,588.0
8744,249.0
8746,41.0
8747,329.0
8748,93.0
8749,143.0
8751,310.0
8752,130.0
8753,95.0
8755,691.0
8764,743.0
8765,1.0
8766,877.0
8767,1236.0
8769,130.0
8770,1230.0
8771,64.0
8774,42.0
8775,928.0
8777,1023.0
8779,1237.0
8780,106.0
8784,268.0
8785,1.0
8786,850.0
8788,200.0
8789,42.0
8790,427.0
8791,176.0
8792,64.0
8794,362.0
8797,220.0
8801,360.0
8802,36.0
8804,92.0
8805,1238.0
8806,1239.0
8811,1.0
8813,572.0
8814,1240.0
8815,1.0
8818,615.0
8821,1241.0
8822,1.0
8824,568.0
8826,504.0
8828,136.0
8829,201.0
8832,1242.0
8837,42.0
8841,64.0
8842,504.0
8843,1243.0
8844,1244.0
8845,1.0
8849,503.0
8850,1245.0
8853,1246.0
8858,3.0
8861,9.0
8862,62.0
8863,96.0
8865,41.0
8866,64.0
8867,877.0
8870,336.0
8872,1247.0
8873,88.0
8874,1248.0
8875,207.0
8878,1249.0
8879,1250.0
8880,54.0
8881,1251.0
8883,897.0
8884,1195.0
8885,41.0
8887,271.0
8888,255.0
8889,105.0
8890,1252.0
8891,1.0
8892,503.0
8894,62.0
8895,946.0
8897,1253.0
8902,39.0
8906,1.0
8909,1254.0
8910,1.0
8914,96.0
8915,42.0
8916,79.0
8917,62.0
8920,678.0
8926,1.0
8937,1.0
8944,1.0
8945,14.0
8946,1.0
8947,1.0
8948,1.0
8949,1.0
8952,1.0
8953,1.0
8954,14.0
8955,1.0
8956,1.0
8958,1.0
8959,1.0
8969,1.0
8972,1.0
8973,1.0
8975,41.0
8980,9.0
8985,1255.0
8988,14.0
8989,1.0
8990,1.0
8995,1.0
8999,1256.0
9000,1.0
9001,1.0
9002,1.0
9003,678.0
9004,251.0
9005,42.0
9006,70.0
9007,1.0
9008,1257.0
9009,200.0
9010,1.0
9011,238.0
9012,64.0
9013,744.0
9014,92.0
9017,1258.0
9019,821.0
9037,1.0
9041,140.0
9042,200.0
9043,1259.0
9044,1.0
9045,1.0
9046,70.0
9049,42.0
9051,388.0
9053,1260.0
9056,2.0
9059,1261.0
9061,201.0
9062,41.0
9063,251.0
9067,921.0
9068,70.0
9069,300.0
9071,42.0
9072,393.0
9074,93.0
9083,703.0
9085,42.0
9091,42.0
9092,201.0
9094,41.0
9098,20.0
9100,821.0
9102,42.0
9103,1210.0
9107,251.0
9108,1262.0
9109,42.0
9119,1.0
9120,1.0
9121,3.0
9122,2.0
9123,16.0
9124,3.0
9125,1.0
9126,2.0
9127,2.0
9128,1.0
9129,2.0
9130,2.0
9131,1.0
9132,2.0
9133,1.0
9134,2.0
9135,1.0
9136,3.0
9137,31.0
9140,1.0
9141,1.0
9142,1.0
9143,31.0
9144,1.0
9145,2.0
9146,3.0
9147,3.0
9148,1263.0
9149,2.0
9150,3.0
9151,3.0
9152,2.0
9153,612.0
9156,251.0
9157,1264.0
9158,88.0
9159,272.0
9160,1.0
9161,64.0
9163,3.0
9164,92.0
9165,643.0
9166,41.0
9168,1265.0
9169,62.0
9172,638.0
9173,1250.0
9174,2.0
9177,68.0
9178,251.0
9180,9.0
9184,78.0
9186,95.0
9187,41.0
9192,95.0
9194,1266.0
9196,1267.0
9197,2.0
9199,142.0
9200,1.0
9201,1268.0
9209,579.0
9210,188.0
9214,9.0
9216,1269.0
9220,1270.0
9222,1271.0
9223,504.0
9224,1.0
9226,710.0
9227,1.0
9232,1272.0
9234,64.0
9235,1.0
9237,1273.0
9238,957.0
9240,881.0
9250,1274.0
9253,1275.0
9255,1233.0
9257,605.0
9258,1276.0
9265,743.0
9271,9.0
9273,1277.0
9275,743.0
9277,113.0
9278,877.0
9279,42.0
9280,9.0
9282,92.0
9283,121.0
9284,370.0
9285,1278.0
9287,106.0
9290,1.0
9292,93.0
9293,1204.0
9300,1279.0
9302,1.0
9303,1280.0
9307,1.0
9312,93.0
9314,1.0
9315,616.0
9316,1.0
9317,42.0
9325,39.0
9327,42.0
9335,62.0
9336,873.0
9349,315.0
9351,1.0
9354,1.0
9355,1.0
9357,368.0
9359,248.0
9360,1.0
9362,1281.0
9363,1.0
9364,1.0
9366,1.0
9373,1.0
9374,912.0
9377,17.0
9381,42.0
9382,1282.0
9383,41.0
9386,1204.0
9387,1.0
9388,233.0
9389,897.0
9390,56.0
9391,1283.0
9393,56.0
9395,570.0
9396,1284.0
9397,70.0
9398,588.0
9400,1285.0
9402,1286.0
9403,1.0
9409,1287.0
9415,51.0
9417,1.0
9418,56.0
9422,669.0
9423,1.0
9424,215.0
9425,1288.0
9428,243.0
9432,56.0
9433,1.0
9434,1.0
9435,1.0
9437,92.0
9439,62.0
9440,9.0
9441,1289.0
9443,1290.0
9444,479.0
9445,22.0
9448,1291.0
9449,37.0
9455,1.0
9476,413.0
9479,1.0
9480,1292.0
9481,272.0
9483,1.0
9484,1.0
9485,1293.0
9489,1.0
9495,2.0
9496,64.0
9500,1294.0
9502,1295.0
9503,115.0
9508,1296.0
9509,329.0
9511,64.0
9513,1297.0
9514,278.0
9515,278.0
9516,1298.0
9517,850.0
9519,336.0
9520,1299.0
9534,579.0
9536,850.0
9537,1.0
9539,1300.0
9546,588.0
9547,64.0
9548,738.0
9549,1301.0
9550,1302.0
9551,48.0
9554,1.0
9555,199.0
9563,1303.0
9570,1304.0
9572,22.0
9575,368.0
9579,219.0
9584,1305.0
9585,1.0
9592,176.0
9594,1143.0
9595,1306.0
9597,1307.0
9598,42.0
9602,1017.0
9603,42.0
9605,1308.0
9611,41.0
9613,1309.0
9616,251.0
9617,1310.0
9618,9.0
9622,738.0
9625,1032.0
9628,1147.0
9631,1.0
9632,1311.0
9633,300.0
9634,1.0
9636,1180.0
9639,54.0
9645,1312.0
9647,78.0
9649,1.0
9650,1.0
9653,12.0
9657,594.0
9658,64.0
9664,41.0
9667,1313.0
9674,1314.0
9675,1.0
9676,329.0
9678,41.0
9680,1180.0
9682,490.0
9687,1.0
9688,48.0
9700,885.0
9701,888.0
9705,1315.0
9706,106.0
9709,1316.0
9710,1.0
9717,1317.0
9718,2.0
9720,1318.0
9722,78.0
9725,42.0
9727,64.0
9729,360.0
9731,1319.0
9732,201.0
9736,1320.0
9737,1321.0
9741,1322.0
9746,224.0
9747,41.0
9748,1323.0
9749,1.0
9750,146.0
9751,1.0
9753,571.0
9754,1324.0
9756,184.0
9757,1276.0
9758,535.0
9759,1325.0
9761,850.0
9762,269.0
9763,96.0
9764,957.0
9766,42.0
9767,251.0
9768,238.0
9769,1326.0
9770,568.0
9771,1.0
9773,1.0
9775,352.0
9776,96.0
9777,1327.0
9778,234.0
9780,64.0
9781,490.0
9782,352.0
9784,42.0
9786,1.0
9787,75.0
9789,1328.0
9791,1329.0
9793,1330.0
9794,858.0
9796,797.0
9799,1.0
9800,144.0
9801,34.0
9802,1.0
9805,1.0
9806,56.0
9808,1.0
9811,328.0
9813,1035.0
9815,200.0
9816,56.0
9817,16.0
9818,703.0
9819,881.0
9820,75.0
9821,858.0
9822,858.0
9823,1331.0
9824,42.0
9826,9.0
9827,1332.0
9828,70.0
9829,1333.0
9830,214.0
9833,1334.0
9837,1335.0
9838,1336.0
9839,201.0
9841,64.0
9842,259.0
9844,380.0
9846,200.0
9847,236.0
9850,41.0
9852,42.0
9853,1268.0
9854,9.0
9855,1337.0
9856,64.0
9858,20.0
9859,188.0
9862,1338.0
9865,140.0
9866,1339.0
9867,535.0
9868,70.0
9869,797.0
9871,1340.0
9874,41.0
9875,58.0
9876,1.0
9880,503.0
9882,615.0
9884,42.0
9887,240.0
9889,1341.0
9892,41.0
9894,1342.0
9896,47.0
9897,943.0
9899,1343.0
9900,673.0
9901,9.0
9902,1344.0
9904,1343.0
9906,1343.0
9908,9.0
9910,1345.0
9911,1345.0
9912,1015.0
9916,202.0
9918,1346.0
9922,113.0
9925,370.0
9926,1250.0
9927,1347.0
9928,42.0
9929,62.0
9930,1348.0
9934,1349.0
9936,1350.0
9937,1130.0
9938,41.0
9939,612.0
9940,1124.0
9942,9.0
9943,78.0
9944,1.0
9945,62.0
9948,480.0
9951,1234.0
9955,1351.0
9957,188.0
9960,42.0
9962,64.0
9965,693.0
9969,1352.0
9970,1353.0
9971,415.0
9972,1306.0
9975,1354.0
9976,9.0
9978,409.0
9979,1355.0
9980,9.0
9981,71.0
9984,1.0
9985,1356.0
9988,9.0
9989,142.0
9990,9.0
9992,64.0
9994,1278.0
9995,56.0
9997,1357.0
9999,132.0
10002,676.0
10006,251.0
10007,41.0
10008,251.0
10011,272.0
10012,1358.0
10013,64.0
10014,62.0
10015,41.0
10017,154.0
10018,1359.0
10019,5.0
10021,1244.0
10022,370.0
10023,64.0
10024,200.0
10025,612.0
10026,58.0
10027,1360.0
10028,612.0
10031,504.0
10032,251.0
10034,41.0
10035,200.0
10036,292.0
10037,612.0
10038,41.0
10040,169.0
10041,9.0
10042,1.0
10044,42.0
10046,1361.0
10048,861.0
10049,64.0
10053,665.0
10057,1362.0
10058,1363.0
10060,582.0
10062,64.0
10063,385.0
10066,62.0
10067,1.0
10069,1364.0
10070,551.0
10073,1365.0
10075,881.0
10076,12.0
10077,64.0
10081,1366.0
10083,41.0
10086,41.0
10088,1367.0
10089,336.0
10090,42.0
10092,92.0
10093,92.0
10094,136.0
10095,64.0
10096,242.0
10098,786.0
10099,142.0
10100,1368.0
10101,703.0
10103,1369.0
10104,1370.0
10106,1006.0
10108,9.0
10109,42.0
10110,1371.0
10111,1.0
10112,1372.0
10115,9.0
10116,9.0
10118,20.0
10119,64.0
10121,10.0
10122,58.0
10123,46.0
10124,1373.0
10125,215.0
10126,1374.0
10127,41.0
10128,1375.0
10129,1376.0
10131,1377.0
10132,233.0
10134,615.0
10136,64.0
10138,1378.0
10139,370.0
10140,1379.0
10143,1380.0
10144,200.0
10145,9.0
10149,3.0
10150,1.0
10152,39.0
10153,251.0
10157,1.0
10158,42.0
10159,2.0
10167,1.0
10171,2.0
10172,2.0
10173,564.0
10174,21.0
10175,1.0
10176,279.0
10180,64.0
10181,426.0
10182,39.0
10185,1.0
10186,1381.0
10187,612.0
10190,1382.0
10192,391.0
10193,64.0
10196,388.0
10197,64.0
10198,62.0
10199,64.0
10200,9.0
10201,9.0
10202,568.0
10205,64.0
10206,1383.0
10210,200.0
10211,308.0
10214,64.0
10215,1015.0
10216,1384.0
10217,876.0
10219,64.0
10223,234.0
10226,140.0
10227,106.0
10229,428.0
10231,1385.0
10233,48.0
10236,70.0
10237,1.0
10238,743.0
10239,873.0
10240,64.0
10241,1.0
10245,96.0
10246,1386.0
10247,36.0
10248,48.0
10249,1387.0
10251,1.0
10253,1388.0
10254,1.0
10255,2.0
10256,38.0
10257,1.0
10258,925.0
10260,346.0
10263,201.0
10264,1389.0
10267,93.0
10268,176.0
10269,144.0
10270,803.0
10273,427.0
10275,832.0
10276,328.0
10277,64.0
10278,1.0
10280,1390.0
10283,1359.0
10286,1391.0
10288,214.0
10289,144.0
10290,1.0
10293,376.0
10299,2.0
10300,1392.0
10303,224.0
10305,1393.0
10307,200.0
10308,1.0
10310,96.0
10312,1394.0
10313,56.0
10314,41.0
10315,1395.0
10318,9.0
10320,189.0
10321,142.0
10324,1396.0
10326,1397.0
10327,64.0
10329,9.0
10330,1.0
10334,289.0
10336,386.0
10342,292.0
10344,737.0
10345,1398.0
10347,518.0
10351,1399.0
10352,229.0
10353,1400.0
10354,503.0
10355,1401.0
10356,958.0
10358,668.0
10359,1402.0
10360,64.0
10361,17.0
10362,1403.0
10364,1.0
10370,278.0
10373,1109.0
10378,34.0
10389,1.0
10390,1.0
10392,1.0
10394,1.0
10396,1404.0
10397,42.0
10398,17.0
10399,336.0
10400,479.0
10401,1.0
10403,229.0
10406,1.0
10407,336.0
10408,42.0
10409,96.0
10410,676.0
10411,1405.0
10412,336.0
10413,1.0
10414,93.0
10415,804.0
10416,93.0
10417,1406.0
10418,884.0
10419,41.0
10422,2.0
10429,1.0
10430,1.0
10433,1.0
10436,1.0
10447,1407.0
10448,38.0
10449,1.0
10450,1408.0
10451,1.0
10452,1.0
10453,1.0
10454,1.0
10455,1409.0
10456,1410.0
10469,1243.0
10471,42.0
10472,93.0
10474,39.0
10478,1411.0
10480,88.0
10481,236.0
10483,41.0
10484,1.0
10485,44.0
10487,1412.0
10488,723.0
10491,93.0
10492,1413.0
10493,22.0
10495,1414.0
10497,115.0
10498,1.0
10499,9.0
10501,1364.0
10502,555.0
10503,95.0
10504,113.0
10506,1.0
10508,2.0
10513,1.0
10514,56.0
10515,355.0
10520,1.0
10521,774.0
10522,1.0
10525,42.0
10526,962.0
10527,1415.0
10530,70.0
10531,1.0
10534,1.0
10535,1.0
10537,41.0
10583,27.0
10586,1416.0
10587,42.0
10589,92.0
10590,1417.0
10591,503.0
10592,345.0
10593,1418.0
10594,1.0
10598,1419.0
10600,504.0
10601,345.0
10602,96.0
10604,1420.0
10605,42.0
10606,1421.0
10607,39.0
10609,1.0
10610,209.0
10612,1.0
10616,1422.0
10617,1423.0
10620,1.0
10621,1.0
10622,64.0
10623,668.0
10624,94.0
10628,628.0
10629,1.0
10637,3.0
10643,1.0
10644,1.0
10645,1.0
10652,2.0
10663,1.0
10666,1.0
10669,1.0
10671,1.0
10672,1.0
10673,1.0
10675,1.0
10676,1.0
10681,1.0
10687,1.0
10691,1.0
10697,1.0
10700,46.0
10701,1.0
10703,1.0
10704,265.0
10706,1424.0
10707,42.0
10709,78.0
10712,1.0
10714,1174.0
10717,56.0
10718,703.0
10721,1288.0
10725,1425.0
10726,184.0
10728,1426.0
10729,41.0
10732,991.0
10733,96.0
10735,1030.0
10740,42.0
10742,1.0
10745,1.0
10746,1427.0
10748,480.0
10750,895.0
10751,41.0
10753,329.0
10755,726.0
10756,9.0
10758,42.0
10761,1428.0
10763,956.0
10766,1429.0
10768,1430.0
10774,388.0
10787,652.0
10793,48.0
10795,75.0
10796,75.0
10803,93.0
10806,1431.0
10809,1432.0
10811,1433.0
10812,265.0
10814,1.0
10820,1.0
10822,42.0
10823,53.0
10824,1.0
10825,243.0
10826,95.0
10827,64.0
10829,9.0
10830,20.0
10833,1434.0
10838,1.0
10840,1435.0
10841,20.0
10842,234.0
10844,1436.0
10846,1044.0
10852,1.0
10853,42.0
10855,1437.0
10857,269.0
10858,1438.0
10861,41.0
10864,1439.0
10867,1.0
10870,598.0
10871,93.0
10882,1.0
10895,17.0
10897,75.0
10898,1.0
10900,389.0
10904,1440.0
10907,1.0
10908,1.0
10909,1.0
10911,1441.0
10912,41.0
10913,56.0
10914,64.0
10915,54.0
10916,1442.0
10918,188.0
10921,1443.0
10922,233.0
10924,1444.0
10925,1.0
10929,269.0
10931,403.0
10932,268.0
10933,56.0
10934,612.0
10937,1445.0
10939,897.0
10942,64.0
10944,64.0
10947,1.0
10948,600.0
10949,269.0
10950,1.0
10952,56.0
10953,41.0
10954,42.0
10955,1446.0
10956,1447.0
10957,106.0
10958,42.0
10960,345.0
10968,1448.0
10971,79.0
10972,912.0
10976,1277.0
10977,1449.0
10978,62.0
10979,1450.0
10980,1451.0
10981,41.0
10982,1452.0
10983,502.0
10984,45.0
10987,144.0
10989,1453.0
10991,64.0
10992,224.0
10993,1.0
10994,93.0
10996,1454.0
10997,9.0
10999,1455.0
11000,41.0
11001,873.0
11002,42.0
11005,79.0
11007,41.0
11009,1456.0
11011,370.0
11013,336.0
11015,42.0
11018,1.0
11019,135.0
11020,1148.0
11021,277.0
11022,79.0
11023,427.0
11024,2.0
11025,62.0
11026,56.0
11027,504.0
11030,9.0
11031,268.0
11036,9.0
11038,1.0
11044,1457.0
11045,842.0
11046,1300.0
11048,318.0
11055,1.0
11056,1.0
11059,1.0
11063,89.0
11065,1.0
11071,1458.0
11072,200.0
11073,1459.0
11076,663.0
11077,1460.0
11078,42.0
11079,678.0
11082,1461.0
11083,1462.0
11084,1463.0
11086,41.0
11087,41.0
11090,42.0
11091,568.0
11092,712.0
11093,503.0
11095,1464.0
11099,1465.0
11102,1.0
11104,1.0
11105,21.0
11109,42.0
11112,42.0
11113,201.0
11116,1466.0
11120,204.0
11121,1467.0
11122,1468.0
11124,1.0
11134,1.0
11139,1469.0
11144,1.0
11148,1.0
11149,1.0
11153,3.0
11154,1.0
11155,3.0
11156,3.0
11157,210.0
11158,1.0
11159,1204.0
11160,466.0
11161,2.0
11162,1470.0
11163,1.0
11164,1.0
11165,42.0
11166,2.0
11167,1471.0
11168,1.0
11169,9.0
11170,1472.0
11171,248.0
11173,1.0
11175,1473.0
11176,20.0
11181,1.0
11182,1474.0
11188,27.0
11192,34.0
11196,188.0
11197,943.0
11198,41.0
11201,113.0
11202,42.0
11205,20.0
11207,1475.0
11209,1476.0
11211,9.0
11214,233.0
11215,1.0
11216,1.0
11218,1.0
11220,1.0
11223,1.0
11225,1.0
11227,1.0
11229,1.0
11230,264.0
11231,264.0
11232,1.0
11235,1.0
11237,2.0
11240,1.0
11242,1.0
11244,1.0
11248,1.0
11249,41.0
11250,694.0
11256,1.0
11259,213.0
11262,64.0
11264,1477.0
11265,786.0
11266,957.0
11268,64.0
11269,269.0
11271,42.0
11272,64.0
11273,912.0
11274,453.0
11275,140.0
11276,64.0
11277,1.0
11279,1.0
11284,241.0
11287,251.0
11297,1.0
11298,2.0
11299,1.0
11304,1.0
11305,1.0
11309,1.0
11311,1.0
11312,1.0
11313,1.0
11314,1478.0
11316,184.0
11317,3.0
11318,1.0
11319,116.0
11320,5.0
11322,188.0
11324,1256.0
11325,1.0
11332,1479.0
11333,42.0
11334,1.0
11335,1480.0
11336,1.0
11337,1.0
11338,1481.0
11339,328.0
11341,1482.0
11342,409.0
11344,9.0
11345,833.0
11351,1070.0
11352,64.0
11353,1483.0
11355,1070.0
11357,850.0
11358,329.0
11360,64.0
11361,1484.0
11362,9.0
11364,75.0
11366,42.0
11367,231.0
11368,1485.0
11369,329.0
11370,2.0
11372,1079.0
11382,603.0
11383,982.0
11384,1486.0
11387,1.0
11389,176.0
11390,346.0
11391,9.0
11392,1.0
11393,135.0
11396,92.0
11397,200.0
11398,56.0
11399,41.0
11400,1487.0
11401,340.0
11403,1488.0
11404,9.0
11407,912.0
11408,41.0
11411,1489.0
11412,861.0
11414,349.0
11415,62.0
11416,12.0
11418,9.0
11419,12.0
11420,62.0
11421,568.0
11426,1490.0
11427,75.0
11428,1491.0
11429,1492.0
11431,1493.0
11432,42.0
11433,612.0
11434,56.0
11436,10.0
11437,64.0
11439,39.0
11440,9.0
11445,1494.0
11446,79.0
11448,1495.0
11453,113.0
11454,233.0
11456,62.0
11457,1496.0
11458,9.0
11460,95.0
11461,9.0
11463,41.0
11464,1497.0
11465,142.0
11466,41.0
11468,42.0
11469,1498.0
11470,62.0
11472,1304.0
11473,55.0
11474,41.0
11475,79.0
11477,1499.0
11478,64.0
11479,42.0
11481,64.0
11482,41.0
11483,1500.0
11484,200.0
11485,912.0
11486,108.0
11487,1501.0
11488,1502.0
11489,42.0
11490,1442.0
11493,1503.0
11494,64.0
11495,41.0
11496,137.0
11497,662.0
11498,1272.0
11499,1504.0
11500,1505.0
11501,41.0
11502,64.0
11503,136.0
11504,1506.0
11505,1507.0
11507,111.0
11509,1508.0
11510,771.0
11511,64.0
11513,93.0
11515,504.0
11517,1509.0
11518,336.0
11519,140.0
11521,1.0
11522,427.0
11523,1510.0
11524,113.0
11525,199.0
11526,64.0
11529,1511.0
11530,1178.0
11531,113.0
11532,588.0
11533,289.0
11535,1174.0
11536,79.0
11537,1512.0
11538,503.0
11539,1513.0
11540,308.0
11543,200.0
11544,1514.0
11545,41.0
11547,1515.0
11552,2.0
11553,2.0
11554,10.0
11555,1.0
11557,1.0
11558,1274.0
11560,850.0
11564,427.0
11566,1516.0
11569,1517.0
11571,1518.0
11573,1.0
11575,41.0
11577,2.0
11578,1.0
11579,1.0
11608,1519.0
11609,1001.0
11610,349.0
11612,1520.0
11615,1521.0
11616,427.0
11617,1522.0
11618,1523.0
11619,130.0
11625,1.0
11626,451.0
11628,631.0
11629,64.0
11631,42.0
11633,1524.0
11634,1525.0
11635,48.0
11639,1.0
11640,64.0
11641,1526.0
11643,42.0
11644,1527.0
11645,1528.0
11653,1.0
11654,64.0
11657,1529.0
11660,64.0
11662,912.0
11663,616.0
11666,1530.0
11667,1531.0
11673,1532.0
11680,1533.0
11682,832.0
11683,1534.0
11684,1535.0
11685,1476.0
11689,568.0
11690,1536.0
11692,480.0
11693,1537.0
11695,44.0
11699,1.0
11700,1.0
11701,1.0
11702,1538.0
11703,93.0
11704,1.0
11705,1.0
11706,793.0
11707,345.0
11710,1.0
11716,14.0
11718,2.0
11719,1.0
11720,1539.0
11721,198.0
11722,388.0
11724,62.0
11728,64.0
11729,9.0
11732,88.0
11736,1.0
11738,588.0
11740,1477.0
11742,466.0
11744,64.0
11745,36.0
11746,616.0
11748,135.0
11749,64.0
11753,1.0
11754,1540.0
11755,62.0
11756,93.0
11757,1342.0
11760,1541.0
11761,233.0
11763,64.0
11764,1.0
11765,1542.0
11766,1543.0
11767,1544.0
11768,345.0
11769,1545.0
11770,407.0
11771,1224.0
11772,1546.0
11773,1547.0
11774,42.0
11775,200.0
11776,1548.0
11777,106.0
11778,1.0
11780,70.0
11782,1234.0
11783,1243.0
11784,1549.0
11785,1550.0
11786,867.0
11787,42.0
11788,1551.0
11790,1552.0
11791,1553.0
11792,1554.0
11794,108.0
11795,1555.0
11796,1556.0
11797,345.0
11799,1055.0
11800,113.0
11801,64.0
11802,1557.0
11804,92.0
11807,200.0
11808,1558.0
11809,1559.0
11811,176.0
11812,370.0
11813,64.0
11815,1560.0
11816,200.0
11817,669.0
11819,1561.0
11820,504.0
11821,729.0
11822,1055.0
11823,188.0
11824,167.0
11825,361.0
11826,9.0
11827,1562.0
11830,616.0
11832,427.0
11833,79.0
11835,1563.0
11836,1564.0
11837,1565.0
11839,602.0
11841,300.0
11842,95.0
11843,336.0
11846,504.0
11849,64.0
11851,64.0
11853,503.0
11859,1.0
11860,1566.0
11861,1567.0
11862,176.0
11863,1.0
11864,1.0
11865,96.0
11866,1.0
11873,1568.0
11874,1.0
11875,1569.0
11876,873.0
11877,1570.0
11878,1571.0
11879,1461.0
11880,409.0
11881,62.0
11883,1234.0
11884,41.0
11885,41.0
11886,513.0
11887,70.0
11889,42.0
11895,229.0
11896,778.0
11897,1572.0
11899,1135.0
11900,236.0
11902,41.0
11904,1.0
11905,42.0
11909,1.0
11910,96.0
11914,42.0
11915,1470.0
11919,1.0
11923,1.0
11926,1573.0
11927,10.0
11928,1304.0
11930,1574.0
11932,1386.0
11933,93.0
11937,93.0
11938,1575.0
11941,1.0
11943,503.0
11944,1576.0
11945,2.0
11947,64.0
11949,918.0
11950,317.0
11951,738.0
11952,1577.0
11954,92.0
11957,64.0
11958,1578.0
11960,42.0
11961,9.0
11962,2.0
11964,1579.0
11965,110.0
11966,41.0
11967,232.0
11969,1174.0
11971,386.0
11972,200.0
11973,42.0
11974,64.0
11976,113.0
11977,64.0
11979,42.0
11980,555.0
11981,1580.0
11982,1.0
11985,2.0
11989,2.0
11990,17.0
11991,1.0
11993,272.0
11994,22.0
11995,22.0
11996,237.0
11997,62.0
11998,741.0
11999,1581.0
12000,1582.0
12001,42.0
12002,39.0
12003,388.0
12004,1583.0
12005,200.0
12008,39.0
12011,184.0
12014,1584.0
12015,41.0
12016,458.0
12018,42.0
12019,1360.0
12023,9.0
12025,427.0
12026,42.0
12028,504.0
12030,1.0
12032,51.0
12033,1585.0
12034,1586.0
12036,42.0
12037,1031.0
12038,768.0
12039,62.0
12045,1587.0
12046,41.0
12047,241.0
12048,1588.0
12049,1589.0
12052,821.0
12056,1590.0
12058,234.0
12063,1591.0
12064,1.0
12065,93.0
12067,976.0
12068,1.0
12070,976.0
12071,42.0
12074,42.0
12078,1.0
12080,1.0
12081,42.0
12083,643.0
12085,1.0
12089,2.0
12091,613.0
12092,398.0
12093,394.0
12095,110.0
12096,42.0
12097,213.0
12110,1.0
12112,1592.0
12114,709.0
12116,9.0
12117,229.0
12126,1.0
12127,1.0
12130,1.0
12131,1593.0
12133,1.0
12135,2.0
12136,5.0
12147,1.0
12149,303.0
12150,1594.0
12152,144.0
12153,41.0
12154,1595.0
12155,631.0
12156,42.0
12157,1596.0
12159,42.0
12160,1281.0
12165,1597.0
12166,1598.0
12168,1599.0
12171,233.0
12172,568.0
12173,612.0
12175,9.0
12176,1.0
12177,64.0
12178,612.0
12179,1487.0
12180,42.0
12185,111.0
12193,210.0
12195,1.0
12199,738.0
12201,1600.0
12202,1.0
12203,1.0
12206,1.0
12209,1.0
12210,1.0
12211,1.0
12213,1.0
12215,1.0
12216,1.0
12217,1.0
12220,1.0
12221,1.0
12223,20.0
12224,1025.0
12227,1.0
12229,166.0
12231,265.0
12232,64.0
12233,42.0
12236,375.0
12237,1.0
12238,21.0
12240,88.0
12245,1601.0
12246,106.0
12248,2.0
12250,17.0
12251,269.0
12252,1.0
12253,204.0
12254,95.0
12255,58.0
12256,64.0
12259,2.0
12261,3.0
12263,42.0
12264,503.0
12265,106.0
12266,451.0
12267,518.0
12268,42.0
12269,292.0
12271,93.0
12272,84.0
12273,1180.0
12274,92.0
12275,1.0
12277,1.0
12285,64.0
12287,1.0
12290,214.0
12291,64.0
12292,1602.0
12293,42.0
12295,1.0
12296,1603.0
12297,612.0
12299,70.0
12301,188.0
12305,1604.0
12310,1.0
12314,1605.0
12316,1.0
12321,612.0
12329,62.0
12330,269.0
12333,56.0
12334,92.0
12341,1606.0
12344,75.0
12345,200.0
12348,42.0
12349,41.0
12350,1607.0
12352,821.0
12353,1608.0
12354,14.0
12356,1.0
12357,1.0
12358,1.0
12359,1.0
12360,1.0
12366,1.0
12367,3.0
12375,17.0
12376,42.0
12377,1.0
12379,1.0
12383,1609.0
12384,42.0
12385,42.0
12393,1610.0
12395,662.0
12400,1611.0
12403,1612.0
12408,1613.0
12409,1614.0
12411,1615.0
12412,503.0
12414,912.0
12415,567.0
12418,192.0
12419,253.0
12420,1266.0
12421,1616.0
12426,1.0
12427,53.0
12428,41.0
12430,1617.0
12431,1618.0
12432,589.0
12433,1619.0
12434,41.0
12435,9.0
12438,1620.0
12439,446.0
12440,328.0
12441,188.0
12442,883.0
12444,409.0
12445,75.0
12447,1621.0
12448,104.0
12449,494.0
12452,1622.0
12453,214.0
12457,380.0
12458,737.0
12459,877.0
12460,615.0
12461,912.0
12462,1025.0
12463,1623.0
12464,755.0
12466,38.0
12467,9.0
12469,1086.0
12470,56.0
12471,1402.0
12472,1624.0
12473,1625.0
12474,1626.0
12475,567.0
12476,1627.0
12477,475.0
12480,41.0
12481,1628.0
12483,612.0
12484,927.0
12486,1629.0
12487,1630.0
12488,326.0
12490,41.0
12491,737.0
12492,2.0
12497,1631.0
12498,41.0
12500,9.0
12501,1632.0
12504,317.0
12505,9.0
12506,64.0
12509,1.0
12510,58.0
12512,1633.0
12513,41.0
12514,497.0
12516,1634.0
12517,136.0
12519,92.0
12520,887.0
12522,64.0
12523,1635.0
12526,1.0
12528,2.0
12529,233.0
12530,12.0
12531,1636.0
12532,201.0
12533,1015.0
12534,1637.0
12537,1343.0
12538,503.0
12539,311.0
12541,1638.0
12542,1222.0
12543,1639.0
12545,41.0
12546,1640.0
12547,41.0
12548,579.0
12551,96.0
12552,1.0
12554,1641.0
12556,41.0
12557,1642.0
12559,427.0
12560,250.0
12562,1295.0
12563,64.0
12568,345.0
12569,64.0
12570,64.0
12572,559.0
12573,41.0
12576,1643.0
12577,222.0
12578,1644.0
12579,1645.0
12581,226.0
12582,201.0
12583,64.0
12585,66.0
12586,1646.0
12590,1295.0
12591,48.0
12593,1647.0
12594,1648.0
12595,1649.0
12597,41.0
12598,1650.0
12599,352.0
12602,1651.0
12604,1652.0
12606,358.0
12607,1174.0
12609,1653.0
12610,132.0
12616,20.0
12617,1402.0
12618,62.0
12623,1564.0
12625,308.0
12628,1654.0
12629,459.0
12630,64.0
12632,1655.0
12635,1.0
12636,474.0
12637,1656.0
12645,568.0
12646,289.0
12648,1657.0
12649,1658.0
12650,360.0
12652,1572.0
12653,568.0
12654,41.0
12656,136.0
12657,1659.0
12658,804.0
12659,41.0
12660,1660.0
12663,92.0
12666,41.0
12667,41.0
12668,265.0
12669,703.0
12670,864.0
12673,1174.0
12675,140.0
12677,941.0
12679,559.0
12680,589.0
12682,1661.0
12683,75.0
12686,1244.0
12693,200.0
12694,113.0
12695,300.0
12696,214.0
12697,1662.0
12699,1.0
12702,1031.0
12703,64.0
12705,222.0
12706,1663.0
12709,64.0
12710,2.0
12712,1373.0
12713,1664.0
12714,1424.0
12716,226.0
12721,1665.0
12722,1666.0
12724,336.0
12725,579.0
12726,41.0
12727,1667.0
12728,9.0
12730,1668.0
12733,996.0
12734,47.0
12735,56.0
12738,1249.0
12739,1667.0
12740,375.0
12742,388.0
12743,858.0
12744,1669.0
12745,1670.0
12746,833.0
12748,56.0
12749,1671.0
12752,1672.0
12753,186.0
12755,427.0
12756,1673.0
12757,1674.0
12758,1675.0
12759,64.0
12761,188.0
12764,912.0
12765,329.0
12767,471.0
12768,1676.0
12770,64.0
12772,9.0
12773,9.0
12775,1198.0
12776,1677.0
12777,329.0
12779,1678.0
12780,113.0
12782,1679.0
12783,1.0
12791,781.0
12797,1.0
12813,4.0
12819,373.0
12823,1.0
12824,1.0
12825,1.0
12830,1.0
12832,1.0
12833,17.0
12837,1.0
12838,1.0
12839,17.0
12860,1.0
12863,22.0
12868,17.0
12871,1.0
12872,1.0
12878,1.0
12880,386.0
12883,885.0
12885,1680.0
12894,3.0
12906,1.0
12910,27.0
12911,22.0
12914,1.0
12918,1.0
12919,1.0
12921,1061.0
12928,1.0
12930,1.0
12937,1.0
12945,1.0
12968,1.0
12971,2.0
12979,1681.0
12983,1682.0
12984,1.0
13003,1.0
13015,1.0
13017,62.0
13045,1.0
13046,1.0
13050,1.0
13056,1.0
13060,1.0
13074,1.0
13081,1.0
13082,1.0
13089,21.0
13091,1.0
13092,1683.0
13093,102.0
13097,1684.0
13101,1685.0
13103,1686.0
13105,1687.0
13108,328.0
13109,214.0
13112,427.0
13115,9.0
13116,1688.0
13117,142.0
13119,51.0
13120,41.0
13122,188.0
13123,209.0
13124,1.0
13129,93.0
13132,1689.0
13134,47.0
13138,214.0
13142,41.0
13143,1690.0
13145,64.0
13146,1691.0
13147,593.0
13151,9.0
13153,64.0
13154,83.0
13156,42.0
13157,142.0
13159,42.0
13161,677.0
13162,188.0
13166,62.0
13171,139.0
13172,1564.0
13175,42.0
13176,1692.0
13178,1693.0
13179,94.0
13180,93.0
13184,1694.0
13187,9.0
13192,1.0
13193,9.0
13194,64.0
13195,93.0
13198,93.0
13202,1695.0
13204,213.0
13205,42.0
13206,62.0
13207,236.0
13211,1696.0
13212,497.0
13214,957.0
13216,328.0
13219,9.0
13221,42.0
13222,89.0
13225,1697.0
13226,42.0
13229,1698.0
13231,504.0
13269,1699.0
13272,1.0
13276,1700.0
13288,1.0
13290,209.0
13292,1078.0
13293,1110.0
13294,1701.0
13295,1702.0
13296,1.0
13297,1.0
13298,9.0
13299,64.0
13300,42.0
13301,1.0
13319,3.0
13325,3.0
13329,1703.0
13330,200.0
13331,1704.0
13333,62.0
13334,56.0
13335,1705.0
13336,106.0
13338,64.0
13340,1.0
13342,1640.0
13344,1.0
13345,9.0
13348,804.0
13350,95.0
13352,227.0
13353,64.0
13354,1086.0
13355,159.0
13356,75.0
13358,42.0
13359,1706.0
13360,1176.0
13362,9.0
13363,201.0
13365,1707.0
13368,106.0
13369,723.0
13370,302.0
13371,1708.0
13373,64.0
13374,1.0
13375,34.0
13376,1.0
13378,94.0
13379,79.0
13380,166.0
13384,64.0
13385,409.0
13386,285.0
13387,9.0
13388,93.0
13391,403.0
13392,105.0
13393,1.0
13399,1709.0
13401,1.0
13402,1710.0
13403,1711.0
13407,1712.0
13408,1713.0
13412,1366.0
13413,1.0
13414,2.0
13416,2.0
13419,2.0
13430,200.0
13431,1714.0
13433,62.0
13434,56.0
13438,9.0
13439,9.0
13440,106.0
13441,62.0
13444,1715.0
13446,62.0
13447,64.0
13448,1716.0
13449,887.0
13452,1124.0
13453,233.0
13456,1.0
13459,1272.0
13460,42.0
13463,64.0
13467,64.0
13468,1717.0
13470,1298.0
13471,517.0
13473,1718.0
13476,108.0
13477,1719.0
13479,1720.0
13480,269.0
13481,42.0
13482,62.0
13484,1096.0
13485,612.0
13486,106.0
13487,200.0
13488,1721.0
13489,113.0
13490,41.0
13491,164.0
13497,142.0
13498,1722.0
13502,64.0
13505,1723.0
13507,842.0
13510,1724.0
13511,1158.0
13515,2.0
13520,362.0
13522,1086.0
13523,9.0
13526,144.0
13527,303.0
13528,1725.0
13529,42.0
13530,226.0
13532,1726.0
13533,41.0
13536,78.0
13537,78.0
13538,1.0
13540,703.0
13541,1727.0
13544,168.0
13545,1728.0
13546,1729.0
13549,1730.0
13550,1.0
13552,1698.0
13555,743.0
13557,243.0
13559,865.0
13561,1266.0
13563,1154.0
13564,64.0
13566,1731.0
13567,79.0
13568,140.0
13571,328.0
13572,1732.0
13573,202.0
13574,106.0
13579,1733.0
13581,1734.0
13582,1735.0
13584,504.0
13585,70.0
13586,582.0
13587,612.0
13588,1736.0
13589,242.0
13591,1.0
13598,225.0
13599,96.0
13609,209.0
13610,1737.0
13617,1738.0
13618,96.0
13619,209.0
13620,204.0
13628,1739.0
13630,96.0
13636,96.0
13638,201.0
13640,269.0
13641,2.0
13642,1740.0
13643,1741.0
13644,251.0
13647,1742.0
13650,105.0
13652,1743.0
13659,1744.0
13661,786.0
13663,744.0
13664,1272.0
13666,64.0
13668,64.0
13670,1745.0
13671,64.0
13673,64.0
13676,1423.0
13677,36.0
13683,453.0
13684,503.0
13686,1746.0
13688,41.0
13689,142.0
13691,1.0
13692,1747.0
13693,943.0
13695,38.0
13697,1748.0
13698,1233.0
13699,1749.0
13700,1750.0
13701,1751.0
13702,1752.0
13704,1753.0
13705,109.0
13706,1754.0
13707,9.0
13713,1.0
13717,1.0
13720,1548.0
13723,188.0
13724,518.0
13727,70.0
13728,140.0
13729,70.0
13730,518.0
13731,805.0
13732,1755.0
13733,200.0
13734,64.0
13736,786.0
13739,612.0
13742,1756.0
13746,833.0
13747,979.0
13748,1757.0
13749,1758.0
13751,711.0
13753,55.0
13756,1759.0
13757,1667.0
13758,1174.0
13761,1760.0
13762,64.0
13764,1761.0
13767,442.0
13768,1762.0
13770,75.0
13771,243.0
13772,1023.0
13773,612.0
13774,1228.0
13777,741.0
13779,1763.0
13780,144.0
13782,723.0
13783,1764.0
13784,93.0
13785,2.0
13788,234.0
13789,1765.0
13794,64.0
13795,41.0
13796,1766.0
13800,1767.0
13801,9.0
13804,1768.0
13805,75.0
13807,703.0
13808,1200.0
13809,1769.0
13812,1770.0
13814,64.0
13816,1.0
13817,64.0
13819,200.0
13821,1771.0
13822,1772.0
13823,64.0
13824,10.0
13828,64.0
13829,64.0
13830,64.0
13831,200.0
13832,345.0
13833,1773.0
13834,64.0
13835,1774.0
13836,1029.0
13837,1775.0
13838,1776.0
13840,45.0
13841,1710.0
13842,310.0
13845,1777.0
13846,1021.0
13848,132.0
13849,78.0
13850,10.0
13854,495.0
13855,176.0
13857,9.0
13861,909.0
13862,42.0
13863,187.0
13865,756.0
13868,9.0
13869,621.0
13873,272.0
13874,1778.0
13875,238.0
13876,1779.0
13879,1780.0
13881,1244.0
13883,1781.0
13885,111.0
13886,20.0
13887,1782.0
13889,1155.0
13893,1783.0
13897,41.0
13898,140.0
13899,2.0
13900,41.0
13901,1.0
13902,1.0
13904,9.0
13905,311.0
13907,1784.0
13908,1785.0
13909,1786.0
13912,265.0
13914,20.0
13915,311.0
13917,93.0
13918,12.0
13920,912.0
13924,1597.0
13925,821.0
13926,207.0
13927,115.0
13929,56.0
13932,62.0
13936,42.0
13937,764.0
13938,1787.0
13940,184.0
13941,1.0
13944,378.0
13945,41.0
13947,336.0
13949,42.0
13952,1436.0
13954,612.0
13955,775.0
13956,93.0
13958,93.0
13961,1.0
13976,1788.0
13981,1789.0
13983,1790.0
13984,979.0
13989,336.0
13990,336.0
13993,1791.0
13996,1792.0
13997,1793.0
13999,336.0
14000,1794.0
14001,1.0
14002,950.0
14003,579.0
14005,738.0
14009,1.0
14012,336.0
14022,1.0
14023,1795.0
14029,427.0
14031,1796.0
14034,214.0
14040,1797.0
14044,1.0
14048,207.0
14053,368.0
14060,41.0
14061,1650.0
14067,676.0
14069,1673.0
14072,878.0
14075,669.0
14079,842.0
14081,139.0
14085,1798.0
14086,895.0
14089,200.0
14092,1799.0
14094,95.0
14099,979.0
14101,612.0
14103,1800.0
14106,236.0
14107,1107.0
14110,1107.0
14114,1124.0
14116,17.0
14120,234.0
14122,1801.0
14124,1802.0
14125,345.0
14126,241.0
14129,1803.0
14131,463.0
14135,786.0
14136,1.0
14137,1.0
14138,96.0
14140,1804.0
14142,803.0
14146,346.0
14147,234.0
14153,1805.0
14157,1.0
14166,139.0
14172,376.0
14178,1806.0
14188,241.0
14190,812.0
14191,549.0
14194,1807.0
14196,9.0
14197,1808.0
14199,1809.0
14204,1.0
14205,336.0
14207,1810.0
14208,311.0
14212,743.0
14214,143.0
14215,1811.0
14222,1812.0
14223,427.0
14225,1812.0
14241,41.0
14245,1813.0
14246,241.0
14249,64.0
14250,62.0
14252,75.0
14255,233.0
14256,20.0
14257,319.0
14264,613.0
14267,1814.0
14273,2.0
14274,278.0
14282,295.0
14283,336.0
14284,389.0
14285,389.0
14286,1815.0
14301,1816.0
14311,743.0
14317,1817.0
14322,268.0
14323,64.0
14324,92.0
14330,56.0
14333,320.0
14335,41.0
14337,234.0
14339,912.0
14343,1818.0
14345,336.0
14346,1819.0
14350,979.0
14353,140.0
14354,79.0
14359,308.0
14364,804.0
14370,236.0
14374,41.0
14379,413.0
14386,92.0
14387,92.0
14394,979.0
14400,188.0
14402,703.0
14403,269.0
14406,336.0
14410,426.0
14411,1820.0
14415,1821.0
14417,79.0
14419,1477.0
14420,62.0
14421,144.0
14423,41.0
14426,140.0
14427,664.0
14428,1.0
14430,188.0
14431,362.0
14434,1480.0
14439,336.0
14441,336.0
14442,336.0
14443,1.0
14448,58.0
14449,549.0
14450,204.0
14457,270.0
14461,1822.0
14465,96.0
14466,370.0
14470,1823.0
14471,188.0
14472,214.0
14479,20.0
14480,1316.0
14486,1824.0
14500,1825.0
14507,130.0
14508,1.0
14509,188.0
14512,9.0
14514,1826.0
14516,336.0
14519,268.0
14520,697.0
14521,1827.0
14524,469.0
14526,1828.0
14527,1829.0
14529,1830.0
14532,1831.0
14533,42.0
14534,42.0
14538,188.0
14544,188.0
14545,1111.0
14548,41.0
14549,9.0
14550,513.0
14553,12.0
14561,1832.0
14563,588.0
14566,1147.0
14569,1833.0
14571,1834.0
14580,1835.0
14583,1836.0
14586,979.0
14587,1837.0
14589,1838.0
14592,1.0
14594,884.0
14599,275.0
14604,638.0
14605,42.0
14611,1631.0
14613,336.0
14617,1839.0
14621,92.0
14624,707.0
14627,709.0
14628,1840.0
14629,1325.0
14635,1841.0
14641,612.0
14643,41.0
14647,20.0
14652,1842.0
14653,42.0
14654,503.0
14656,328.0
14657,388.0
14658,233.0
14659,64.0
14661,473.0
14667,518.0
14673,1843.0
14675,309.0
14679,1844.0
14680,1845.0
14684,1.0
14688,1.0
14691,1846.0
14693,269.0
14695,1.0
14696,41.0
14700,996.0
14701,9.0
14707,368.0
14716,93.0
14719,1684.0
14724,1847.0
14728,1848.0
14730,197.0
14731,1849.0
14733,9.0
14739,41.0
14745,834.0
14746,1850.0
14755,56.0
14758,1851.0
14764,1852.0
14769,58.0
14770,308.0
14775,848.0
14776,1812.0
14778,3.0
14780,979.0
14787,1853.0
14788,1854.0
14793,1855.0
14795,56.0
14802,64.0
14807,336.0
14811,873.0
14812,1856.0
14813,1857.0
14814,1858.0
14819,1587.0
14822,136.0
14825,409.0
14826,1859.0
14838,106.0
14839,56.0
14844,1860.0
14851,1861.0
14856,1143.0
14862,241.0
14867,201.0
14871,17.0
14876,877.0
14877,64.0
14878,957.0
14879,1745.0
14887,283.0
14891,1862.0
14893,9.0
14894,504.0
14895,1863.0
14897,64.0
14900,64.0
14903,1423.0
14905,9.0
14907,64.0
14908,214.0
14909,200.0
14911,738.0
14913,62.0
14915,912.0
14916,1570.0
14917,842.0
14918,1864.0
14921,62.0
14922,229.0
14924,613.0
14925,10.0
14926,1.0
14927,9.0
14929,1865.0
14930,9.0
14931,142.0
14932,368.0
14933,1866.0
14937,1867.0
14940,64.0
14942,579.0
14947,1287.0
14949,62.0
14955,490.0
14956,243.0
14957,243.0
14960,1868.0
14961,957.0
14963,1869.0
14966,1.0
14969,1.0
14971,2.0
14972,1.0
14973,1.0
14974,1870.0
14975,110.0
14976,1871.0
14977,1.0
15054,75.0
15055,2.0
15058,192.0
15061,962.0
15064,349.0
15066,56.0
15070,2.0
15071,9.0
15073,9.0
15074,9.0
15076,426.0
15078,42.0
15080,64.0
15081,1846.0
15083,1.0
15084,210.0
15086,1303.0
15087,1872.0
15088,1873.0
15089,1874.0
15090,1.0
15091,1875.0
15092,1876.0
15093,403.0
15095,320.0
15097,1877.0
15099,388.0
15100,1878.0
15101,1879.0
15102,723.0
15103,409.0
15108,1880.0
15109,243.0
15110,1881.0
15111,600.0
15113,1882.0
15114,1883.0
15115,1474.0
15116,1884.0
15117,1169.0
15119,858.0
15120,1885.0
15121,41.0
15122,200.0
15123,9.0
15125,106.0
15128,1886.0
15129,497.0
15133,1887.0
15134,1888.0
15136,92.0
15137,1751.0
15138,92.0
15139,960.0
15140,1889.0
15144,56.0
15145,1890.0
15146,1891.0
15147,504.0
15148,106.0
15149,340.0
15151,1892.0
15154,79.0
15155,20.0
15156,1404.0
15158,1893.0
15159,62.0
15160,1894.0
15162,1895.0
15163,1896.0
15164,136.0
15165,41.0
15166,200.0
15167,1897.0
15168,41.0
15169,1898.0
15170,912.0
15171,42.0
15172,1899.0
15173,64.0
15175,1900.0
15176,64.0
15177,243.0
15178,912.0
15179,41.0
15193,564.0
15207,1.0
15218,1.0
15229,1.0
15233,2.0
15239,1.0
15247,1.0
15251,88.0
15252,9.0
15256,1.0
15257,1086.0
15261,1.0
15264,1.0
15266,92.0
15267,1.0
15268,20.0
15269,694.0
15270,143.0
15272,41.0
15273,1901.0
15274,9.0
15275,1902.0
15277,1903.0
15278,1904.0
15280,1905.0
15282,1906.0
15283,78.0
15284,1907.0
15285,459.0
15287,1908.0
15289,64.0
15293,106.0
15294,490.0
15295,64.0
15296,1909.0
15299,78.0
15300,200.0
15304,92.0
15306,41.0
15309,64.0
15310,106.0
15311,368.0
15312,662.0
15314,41.0
15316,214.0
15318,1910.0
15321,1911.0
15322,92.0
15323,78.0
15324,1912.0
15325,1913.0
15326,113.0
15327,504.0
15328,142.0
15329,1914.0
15331,1055.0
15332,20.0
15333,1234.0
15335,200.0
15336,1915.0
15337,1086.0
15340,10.0
15342,64.0
15345,142.0
15347,1423.0
15348,1.0
15349,1916.0
15350,41.0
15351,1917.0
15352,360.0
15353,415.0
15354,64.0
15355,64.0
15356,113.0
15358,1918.0
15359,1.0
15361,48.0
15362,10.0
15363,64.0
15366,3.0
15373,33.0
15374,715.0
15378,1919.0
15382,1.0
15384,1.0
15397,1700.0
15398,3.0
15399,4.0
15405,1.0
15425,1920.0
15456,1.0
15495,1921.0
15501,1.0
15511,1.0
15516,214.0
15535,1.0
15536,1.0
15565,1.0
15578,1.0
15611,1.0
15613,17.0
15648,1.0
15651,1.0
15692,564.0
15703,3.0
15742,1.0
15757,2.0
15770,1.0
15791,3.0
15797,14.0
15799,1096.0
15800,1922.0
15801,1923.0
15805,59.0
15806,106.0
15808,1772.0
15809,142.0
15810,336.0
15811,503.0
15812,270.0
15813,1924.0
15814,1.0
15816,251.0
15818,64.0
15819,1925.0
15821,142.0
15822,329.0
15823,1926.0
15826,1927.0
15827,1928.0
15828,280.0
15829,1351.0
15830,356.0
15831,1929.0
15833,140.0
15834,188.0
15837,745.0
15838,1930.0
15839,1931.0
15840,1932.0
15841,41.0
15847,64.0
15852,140.0
15854,680.0
15855,21.0
15856,850.0
15858,1933.0
15859,336.0
15861,79.0
15862,42.0
15865,9.0
15867,1.0
15868,1125.0
15869,997.0
15870,1934.0
15871,113.0
15873,1.0
15875,9.0
15876,9.0
15877,1935.0
15879,41.0
15882,737.0
15883,88.0
15887,1936.0
15888,110.0
15890,884.0
15891,9.0
15893,70.0
15894,62.0
15895,278.0
15896,1.0
15897,1192.0
15899,188.0
15900,62.0
15901,771.0
15902,1650.0
15906,1.0
15909,1937.0
15913,1.0
15914,105.0
15917,42.0
15920,233.0
15921,1938.0
15922,1939.0
15923,386.0
15924,10.0
15926,1940.0
15928,1941.0
15930,1942.0
15932,10.0
15933,1943.0
15934,442.0
15935,64.0
15936,242.0
15940,214.0
15942,169.0
15943,1944.0
15944,1945.0
15946,201.0
15947,559.0
15948,1262.0
15951,42.0
15952,272.0
15953,504.0
15954,1244.0
15956,968.0
15957,9.0
15961,42.0
15962,159.0
15965,56.0
15966,200.0
15967,41.0
15968,10.0
15969,243.0
15971,368.0
15974,92.0
15975,1354.0
15977,1946.0
15981,368.0
15982,747.0
15987,1947.0
15989,106.0
15990,64.0
15991,1083.0
15992,1.0
15995,64.0
15996,62.0
15997,1862.0
15998,1948.0
15999,9.0
16001,1082.0
16002,200.0
16003,1628.0
16006,234.0
16011,2.0
16014,64.0
16021,1949.0
16022,370.0
16024,756.0
16028,2.0
16030,1.0
16031,213.0
16032,191.0
16033,1129.0
16036,1.0
16039,229.0
16045,88.0
16048,106.0
16053,1950.0
16055,9.0
16056,2.0
16057,1.0
16058,1.0
16059,14.0
16060,2.0
16062,547.0
16065,1951.0
16067,1136.0
16071,34.0
16072,1952.0
16073,548.0
16074,2.0
16076,14.0
16078,628.0
16079,1434.0
16080,75.0
16081,75.0
16083,373.0
16086,1953.0
16087,22.0
16088,1.0
16089,1817.0
16090,1.0
16091,41.0
16092,498.0
16093,1954.0
16094,56.0
16095,564.0
16096,1955.0
16097,479.0
16098,1128.0
16099,1953.0
16100,2.0
16101,1.0
16102,1956.0
16104,2.0
16105,1182.0
16106,38.0
16110,616.0
16115,42.0
16118,1957.0
16119,62.0
16121,469.0
16122,56.0
16123,1015.0
16124,200.0
16125,612.0
16127,317.0
16129,9.0
16131,1015.0
16135,3.0
16138,357.0
16139,3.0
16140,88.0
16144,113.0
16146,192.0
16147,75.0
16148,662.0
16150,42.0
16154,192.0
16155,201.0
16158,2.0
16159,42.0
16160,1958.0
16161,601.0
16162,1292.0
16163,1959.0
16165,1960.0
16169,833.0
16171,41.0
16172,17.0
16173,1961.0
16174,1962.0
16175,1963.0
16177,1964.0
16180,41.0
16184,1667.0
16187,9.0
16188,386.0
16193,373.0
16194,1965.0
16195,797.0
16197,1966.0
16200,20.0
16204,1967.0
16205,1968.0
16206,200.0
16207,75.0
16208,1030.0
16209,55.0
16210,2.0
16211,9.0
16216,269.0
16217,1969.0
16219,42.0
16220,1970.0
16221,107.0
16222,1230.0
16223,110.0
16225,9.0
16226,1.0
16229,1.0
16230,389.0
16231,41.0
16236,56.0
16239,410.0
16243,1971.0
16247,78.0
16248,48.0
16249,1972.0
16250,1973.0
16251,78.0
16257,12.0
16258,1974.0
16260,346.0
16262,115.0
16263,42.0
16264,75.0
16265,41.0
16266,1901.0
16267,1975.0
16268,143.0
16274,42.0
16275,142.0
16276,142.0
16277,42.0
16279,46.0
16282,1976.0
16284,1977.0
16285,1978.0
16286,1979.0
16289,272.0
16291,46.0
16292,1980.0
16295,1981.0
16298,64.0
16299,95.0
16302,41.0
16303,616.0
16304,214.0
16307,41.0
16308,1174.0
16309,786.0
16310,41.0
16311,1982.0
16316,1983.0
16317,345.0
16318,1022.0
16319,169.0
16320,56.0
16321,1984.0
16324,9.0
16326,943.0
16329,302.0
16332,140.0
16334,1985.0
16335,398.0
16336,1986.0
16337,1023.0
16338,1987.0
16341,268.0
16343,39.0
16346,42.0
16347,1988.0
16348,200.0
16349,1989.0
16350,1990.0
16351,64.0
16352,1991.0
16353,775.0
16359,9.0
16370,134.0
16376,96.0
16379,204.0
16383,42.0
16385,93.0
16390,938.0
16403,1368.0
16405,9.0
16406,368.0
16412,842.0
16413,842.0
16419,336.0
16421,269.0
16422,1992.0
16427,64.0
16428,1993.0
16429,1.0
16431,1687.0
16434,1285.0
16437,42.0
16438,329.0
16440,329.0
16442,1994.0
16452,42.0
16455,42.0
16456,42.0
16471,638.0
16473,1995.0
16474,41.0
16475,1.0
16477,62.0
16479,329.0
16483,64.0
16484,9.0
16486,1855.0
16492,1.0
16493,56.0
16495,996.0
16501,370.0
16502,1912.0
16503,615.0
16512,709.0
16517,64.0
16519,329.0
16520,329.0
16521,1.0
16524,1.0
16527,1.0
16530,1996.0
16531,2.0
16538,611.0
16540,1030.0
16542,1997.0
16544,267.0
16546,394.0
16547,1998.0
16549,1174.0
16553,75.0
16554,352.0
16555,370.0
16556,270.0
16557,1015.0
16558,1999.0
16559,9.0
16560,214.0
16562,883.0
16565,48.0
16566,2.0
16567,2.0
16568,32.0
16571,2.0
16576,2.0
16577,2.0
16578,2000.0
16579,226.0
16580,2001.0
16582,92.0
16583,137.0
16584,64.0
16585,92.0
16586,336.0
16588,9.0
16589,2002.0
16591,434.0
16592,2003.0
16593,2004.0
16597,2005.0
16599,490.0
16604,42.0
16607,41.0
16610,278.0
16611,95.0
16612,201.0
16613,226.0
16615,2006.0
16616,64.0
16618,1178.0
16621,640.0
16622,912.0
16623,2007.0
16624,219.0
16625,62.0
16626,9.0
16627,2008.0
16628,703.0
16630,9.0
16632,2009.0
16633,41.0
16634,370.0
16636,2010.0
16637,345.0
16638,308.0
16639,92.0
16642,48.0
16643,64.0
16645,2011.0
16646,503.0
16647,345.0
16648,41.0
16650,62.0
16651,2012.0
16653,62.0
16656,1282.0
16657,2013.0
16659,64.0
16660,41.0
16661,251.0
16662,92.0
16664,335.0
16665,200.0
16666,269.0
16669,582.0
16670,504.0
16671,2014.0
16672,64.0
16673,979.0
16674,2015.0
16677,796.0
16680,75.0
16681,233.0
16683,70.0
16684,105.0
16685,2016.0
16686,2017.0
16687,2018.0
16688,615.0
16689,1095.0
16690,631.0
16691,2019.0
16692,2020.0
16693,2021.0
16694,233.0
16695,140.0
16696,2022.0
16697,9.0
16700,2023.0
16701,2024.0
16702,224.0
16704,2025.0
16705,565.0
16706,370.0
16707,9.0
16708,2026.0
16712,200.0
16713,41.0
16715,2027.0
16717,612.0
16718,2028.0
16719,1926.0
16721,110.0
16722,41.0
16723,2029.0
16724,201.0
16725,2030.0
16726,140.0
16727,2031.0
16728,202.0
16729,2032.0
16730,62.0
16732,2033.0
16733,140.0
16734,931.0
16737,9.0
16738,2034.0
16741,75.0
16743,317.0
16744,960.0
16745,154.0
16748,93.0
16752,130.0
16753,2035.0
16754,42.0
16755,2036.0
16758,9.0
16759,520.0
16760,588.0
16762,188.0
16763,224.0
16764,42.0
16765,9.0
16767,2037.0
16769,360.0
16770,64.0
16771,56.0
16773,42.0
16774,1.0
16775,42.0
16776,70.0
16777,345.0
16778,140.0
16779,957.0
16780,2038.0
16782,743.0
16784,345.0
16787,64.0
16788,832.0
16789,582.0
16790,2039.0
16792,1287.0
16793,9.0
16794,1489.0
16796,2040.0
16798,2041.0
16799,64.0
16800,64.0
16801,41.0
16806,2042.0
16808,75.0
16810,703.0
16811,1272.0
16812,1001.0
16816,1698.0
16817,93.0
16823,2.0
16824,75.0
16825,2.0
16827,42.0
16830,2043.0
16831,2.0
16834,2044.0
16835,1786.0
16836,925.0
16837,1939.0
16839,64.0
16840,497.0
16841,2045.0
16842,2046.0
16844,833.0
16845,9.0
16846,1200.0
16847,64.0
16848,329.0
16849,2047.0
16850,1578.0
16855,1165.0
16857,92.0
16858,2048.0
16859,1.0
16860,96.0
16861,1542.0
16862,2049.0
16863,2050.0
16864,456.0
16866,2051.0
16867,662.0
16868,2052.0
16869,2053.0
16870,2054.0
16874,64.0
16875,1975.0
16876,188.0
16877,2055.0
16878,2056.0
16881,2057.0
16884,518.0
16885,2058.0
16886,729.0
16887,142.0
16888,1235.0
16889,912.0
16890,204.0
16891,41.0
16892,9.0
16893,518.0
16894,2059.0
16895,2060.0
16896,42.0
16899,2061.0
16900,469.0
16902,64.0
16907,2062.0
16908,2063.0
16909,64.0
16910,1779.0
16911,2064.0
16912,140.0
16913,2065.0
16914,9.0
16916,12.0
16917,1732.0
16918,1564.0
16919,92.0
16920,21.0
16922,219.0
16924,41.0
16926,1.0
16931,1155.0
16932,70.0
16933,64.0
16934,20.0
16935,272.0
16936,56.0
16937,41.0
16938,2066.0
16940,881.0
16941,2067.0
16942,850.0
16947,2068.0
16948,1.0
16951,2069.0
16952,873.0
16955,42.0
16956,2070.0
16957,219.0
16959,2071.0
16965,226.0
16973,786.0
16974,184.0
16975,96.0
16976,598.0
16979,1722.0
16982,1075.0
16983,93.0
16987,184.0
16988,93.0
16989,1082.0
16990,2072.0
16992,2073.0
16995,9.0
17001,46.0
17005,204.0
17010,42.0
17012,184.0
17015,2074.0
17018,2075.0
17019,2075.0
17021,2.0
17022,2076.0
17030,79.0
17031,2077.0
17032,2078.0
17033,2079.0
17034,42.0
17035,41.0
17044,1.0
17046,88.0
17050,2080.0
17051,1.0
17054,1.0
17055,1.0
17056,9.0
17057,665.0
17058,42.0
17059,1.0
17060,2081.0
17062,798.0
17064,42.0
17065,2082.0
17066,188.0
17067,96.0
17069,741.0
17070,345.0
17072,64.0
17074,62.0
17076,287.0
17078,1147.0
17079,140.0
17081,2083.0
17082,2084.0
17084,2085.0
17087,568.0
17090,64.0
17092,2086.0
17093,310.0
17095,70.0
17099,75.0
17100,346.0
17101,1.0
17104,1061.0
17108,3.0
17109,2087.0
17118,22.0
17123,1.0
17124,1.0
17131,1.0
17156,1.0
17160,308.0
17167,1.0
17170,95.0
17171,207.0
17172,265.0
17174,70.0
17177,92.0
17178,453.0
17180,2088.0
17190,41.0
17194,34.0
17196,17.0
17199,1820.0
17200,96.0
17203,2089.0
17204,1628.0
17205,612.0
17207,300.0
17210,2090.0
17211,2091.0
17212,669.0
17214,113.0
17215,2092.0
17216,39.0
17217,102.0
17220,806.0
17222,300.0
17223,231.0
17225,2093.0
17227,2094.0
17248,1.0
17256,1.0
17261,1.0
17264,42.0
17265,42.0
17268,42.0
17277,2095.0
17280,42.0
17281,96.0
17282,209.0
17283,2096.0
17284,96.0
17287,2097.0
17288,96.0
17289,2098.0
17291,42.0
17294,9.0
17296,9.0
17297,188.0
17301,1.0
17303,1.0
17308,2.0
17309,96.0
17310,2099.0
17312,2100.0
17318,1111.0
17320,176.0
17321,56.0
17322,1.0
17323,110.0
17325,42.0
17328,200.0
17329,42.0
17331,2101.0
17332,329.0
17333,9.0
17335,130.0
17338,12.0
17339,579.0
17340,143.0
17343,2102.0
17344,184.0
17346,9.0
17349,300.0
17350,1210.0
17353,678.0
17354,201.0
17355,2103.0
17356,2.0
17357,9.0
17359,115.0
17360,1836.0
17361,140.0
17364,64.0
17365,336.0
17366,62.0
17368,110.0
17371,2104.0
17372,75.0
17373,2105.0
17374,214.0
17375,93.0
17376,283.0
17377,9.0
17383,1901.0
17384,144.0
17388,1.0
17390,582.0
17391,2106.0
17392,2107.0
17393,2108.0
17396,1.0
17398,128.0
17400,1.0
17402,1.0
17404,1.0
17409,1.0
17413,1061.0
17416,1.0
17417,48.0
17419,42.0
17420,187.0
17421,2109.0
17422,2110.0
17423,2111.0
17424,42.0
17425,70.0
17429,786.0
17430,105.0
17431,2112.0
17433,2113.0
17434,96.0
17436,251.0
17437,42.0
17439,2114.0
17441,1.0
17442,1.0
17444,1.0
17446,1.0
17447,1.0
17448,1.0
17449,16.0
17451,2.0
17452,5.0
17453,1.0
17454,1.0
17455,1.0
17466,1.0
17475,75.0
17476,54.0
17477,2115.0
17479,2116.0
17480,2117.0
17489,140.0
17494,2118.0
17495,1.0
17498,42.0
17500,41.0
17507,2119.0
17508,1004.0
17511,1.0
17512,64.0
17514,2120.0
17515,106.0
17516,2121.0
17517,1687.0
17518,41.0
17520,2122.0
17524,1477.0
17525,2123.0
17526,2124.0
17528,41.0
17530,62.0
17533,1151.0
17538,1.0
17547,3.0
17549,498.0
17550,1.0
17560,2.0
17564,1.0
17565,243.0
17566,251.0
17568,142.0
17569,2125.0
17573,96.0
17574,2126.0
17576,2127.0
17579,2068.0
17583,1574.0
17585,2128.0
17586,1.0
17587,92.0
17588,2129.0
17589,1896.0
17590,140.0
17592,2130.0
17593,1850.0
17603,1073.0
17604,1.0
17611,1.0
17620,1.0
17623,1.0
17629,2131.0
17630,93.0
17631,2132.0
17632,1.0
17633,31.0
17634,2133.0
17636,42.0
17644,2134.0
17645,42.0
17647,1.0
17648,1.0
17650,75.0
17651,1.0
17652,93.0
17654,1.0
17655,1.0
17656,75.0
17657,1069.0
17659,1.0
17660,62.0
17663,9.0
17664,64.0
17667,317.0
17669,9.0
17674,1.0
17675,1.0
17679,1.0
17680,1.0
17682,1.0
17684,1837.0
17686,2135.0
17688,234.0
17690,2136.0
17693,2137.0
17704,110.0
17705,2138.0
17707,41.0
17708,289.0
17709,114.0
17711,42.0
17712,209.0
17713,42.0
17718,213.0
17723,1.0
17725,1.0
17727,1.0
17729,1.0
17731,1.0
17732,1.0
17733,1.0
17734,1.0
17735,14.0
17738,1.0
17741,14.0
17743,26.0
17744,1.0
17749,1.0
17752,1.0
17756,662.0
17757,92.0
17759,2139.0
17760,216.0
17761,62.0
17765,644.0
17770,300.0
17774,1591.0
17778,75.0
17781,41.0
17782,111.0
17784,42.0
17786,42.0
17787,42.0
17788,2140.0
17796,1402.0
17800,9.0
17801,9.0
17803,921.0
17807,1889.0
17808,42.0
17809,42.0
17812,188.0
17813,57.0
17815,2141.0
17816,360.0
17819,764.0
17820,2142.0
17821,579.0
17823,41.0
17826,2143.0
17827,92.0
17828,1.0
17830,2144.0
17831,730.0
17835,1.0
17836,289.0
17837,2112.0
17838,2145.0
17839,2146.0
17841,951.0
17843,2147.0
17844,176.0
17845,48.0
17848,62.0
17849,336.0
17850,292.0
17851,93.0
17852,48.0
17854,96.0
17855,833.0
17857,559.0
17859,41.0
17860,451.0
17867,1855.0
17883,365.0
17884,54.0
17885,42.0
17889,2148.0
17890,1719.0
17894,1.0
17902,88.0
17906,1.0
17907,1.0
17908,1.0
17910,1.0
17919,1.0
17921,1.0
17924,1.0
17928,1.0
17930,1.0
17931,1147.0
17937,1.0
17938,373.0
17939,1.0
17940,1.0
17941,1.0
17949,3.0
17950,269.0
17952,2149.0
17953,42.0
17955,2150.0
17957,2151.0
17958,1.0
17960,429.0
17961,696.0
17966,14.0
17976,1.0
17977,41.0
17978,140.0
17979,9.0
17980,2152.0
17981,188.0
17984,723.0
17985,612.0
17986,9.0
17987,2153.0
17988,2.0
17991,2154.0
17994,390.0
17995,1141.0
17996,1200.0
17997,589.0
17998,89.0
18001,92.0
18003,42.0
18004,2155.0
18007,1.0
18009,3.0
18011,64.0
18018,1.0
18020,582.0
18021,9.0
18023,229.0
18024,285.0
18026,2156.0
18030,1.0
18031,329.0
18033,1.0
18036,12.0
18038,1.0
18040,26.0
18044,1.0
18052,2157.0
18058,1394.0
18064,1.0
18065,1.0
18067,1.0
18072,738.0
18075,139.0
18076,108.0
18077,504.0
18078,427.0
18079,513.0
18080,2158.0
18082,912.0
18083,662.0
18089,1.0
18092,93.0
18094,1.0
18102,42.0
18109,64.0
18111,92.0
18113,771.0
18114,2159.0
18115,1.0
18117,2.0
18122,2160.0
18123,2160.0
18126,1.0
18142,756.0
18143,2161.0
18147,188.0
18148,2162.0
18149,314.0
18150,345.0
18151,2163.0
18156,142.0
18157,1.0
18159,1.0
18165,42.0
18167,1.0
18170,25.0
18177,3.0
18178,1.0
18182,1.0
18183,1.0
18185,2.0
18189,233.0
18190,1768.0
18191,2164.0
18193,555.0
18194,275.0
18195,1.0
18196,102.0
18201,2165.0
18203,1.0
18207,278.0
18209,329.0
18210,188.0
18211,2166.0
18212,703.0
18213,197.0
18214,2.0
18215,1.0
18216,1.0
18217,1.0
18218,1.0
18221,2167.0
18227,200.0
18229,2168.0
18230,200.0
18231,2169.0
18232,2170.0
18237,2.0
18238,1.0
18239,88.0
18240,38.0
18241,1.0
18242,2171.0
18243,1086.0
18244,572.0
18246,345.0
18248,10.0
18249,9.0
18250,368.0
18253,226.0
18254,2172.0
18255,241.0
18256,208.0
18257,541.0
18258,64.0
18260,2173.0
18261,2174.0
18262,842.0
18264,2041.0
18267,737.0
18269,219.0
18270,2175.0
18271,2176.0
18279,1.0
18281,1.0
18283,41.0
18284,1306.0
18286,336.0
18287,233.0
18288,2177.0
18290,737.0
18291,833.0
18294,2178.0
18295,75.0
18297,266.0
18298,2179.0
18299,1390.0
18306,336.0
18309,676.0
18310,1.0
18313,1.0
18314,2180.0
18318,1.0
18319,1363.0
18320,434.0
18321,41.0
18323,272.0
18325,1.0
18328,56.0
18329,2181.0
18330,214.0
18332,1.0
18333,41.0
18334,2.0
18335,1.0
18337,1.0
18342,2182.0
18345,96.0
18349,1.0
18351,1765.0
18352,1.0
18353,1.0
18357,2.0
18359,1.0
18365,957.0
18367,1.0
18373,1.0
18376,1.0
18377,1.0
18385,2183.0
18392,427.0
18394,2184.0
18397,2185.0
18407,226.0
18408,46.0
18409,2186.0
18410,214.0
18415,95.0
18419,64.0
18424,184.0
18425,1.0
18426,1.0
18436,2187.0
18438,612.0
18439,504.0
18440,306.0
18446,1.0
18447,427.0
18448,588.0
18449,2188.0
18451,349.0
18452,1281.0
18453,234.0
18454,266.0
18455,184.0
18456,1480.0
18459,184.0
18460,311.0
18461,527.0
18462,1.0
18463,2189.0
18465,2190.0
18470,1.0
18473,1.0
18475,14.0
18490,1.0
18493,696.0
18498,1.0
18500,140.0
18501,42.0
18503,64.0
18508,2.0
18510,1330.0
18524,1293.0
18525,2136.0
18529,504.0
18531,598.0
18534,2191.0
18535,346.0
18536,741.0
18538,2192.0
18540,2193.0
18542,269.0
18546,68.0
18547,1210.0
18548,70.0
18550,2194.0
18551,2195.0
18554,960.0
18555,960.0
18556,14.0
18557,5.0
18558,16.0
18560,2196.0
18561,1.0
18562,279.0
18563,3.0
18564,3.0
18568,1.0
18577,1.0
18578,1.0
18580,14.0
18581,1.0
18583,9.0
18593,1.0
18595,1.0
18599,1.0
18600,1.0
18607,1.0
18608,1.0
18609,1.0
18610,1.0
18611,1.0
18612,1.0
18613,612.0
18615,595.0
18616,1.0
18618,1.0
18621,17.0
18628,22.0
18629,3.0
18638,2197.0
18639,1.0
18640,1125.0
18641,21.0
18646,2.0
18649,2.0
18650,14.0
18654,3.0
18655,1.0
18662,1.0
18666,1190.0
18668,9.0
18670,1.0
18671,56.0
18672,2198.0
18674,9.0
18677,2199.0
18680,2200.0
18684,1244.0
18685,1.0
18687,1.0
18691,1.0
18696,1.0
18697,404.0
18698,504.0
18699,1.0
18701,827.0
18702,64.0
18703,2201.0
18705,738.0
18708,2202.0
18714,88.0
18715,2203.0
18716,2204.0
18717,64.0
18720,612.0
18721,42.0
18722,1.0
18723,20.0
18725,1.0
18728,233.0
18729,1.0
18734,39.0
18736,1.0
18745,1.0
18746,1.0
18748,243.0
18749,1.0
18750,2205.0
18754,1.0
18756,1.0
18757,1.0
18758,1.0
18759,1.0
18760,1.0
18761,1.0
18762,1.0
18763,1.0
18764,1.0
18765,1.0
18766,1.0
18772,1.0
18773,116.0
18776,1031.0
18777,328.0
18779,2206.0
18787,2207.0
18788,873.0
18790,1.0
18800,1.0
18802,93.0
18804,109.0
18805,64.0
18806,9.0
18807,64.0
18808,62.0
18809,1.0
18813,1.0
18814,1.0
18816,109.0
18817,188.0
18818,34.0
18819,75.0
18820,109.0
18823,1.0
18825,1.0
18827,1.0
18828,248.0
18829,41.0
18830,659.0
18831,950.0
18834,1.0
18841,1.0
18843,9.0
18847,1.0
18848,1.0
18849,678.0
18850,1.0
18855,3.0
18861,3.0
18869,1.0
18874,1.0
18877,1.0
18889,1.0
18891,1.0
18894,912.0
18896,1616.0
18900,1.0
18901,1.0
18902,1.0
18906,1.0
18908,1.0
18915,14.0
18917,1.0
18919,188.0
18921,2208.0
18922,48.0
18923,1.0
18925,42.0
18926,2093.0
18927,64.0
18929,2209.0
18932,78.0
18933,42.0
18935,2140.0
18936,2110.0
18937,3.0
18938,268.0
18939,2210.0
18940,9.0
18941,2211.0
18942,96.0
18946,2212.0
18951,1.0
18953,475.0
18955,1.0
18958,110.0
18962,858.0
18963,1980.0
18964,2213.0
18966,1.0
18967,56.0
18970,1.0
18971,1.0
18975,1.0
18978,1.0
18982,833.0
18991,1.0
18995,821.0
18996,188.0
19002,42.0
19004,272.0
19005,93.0
19006,64.0
19008,197.0
19010,9.0
19011,2214.0
19014,1.0
19015,2.0
19022,1.0
19028,3.0
19029,1.0
19037,1.0
19038,1.0
19050,1.0
19051,2.0
19053,1.0
19055,268.0
19056,1.0
19058,9.0
19059,9.0
19060,70.0
19061,200.0
19063,320.0
19065,1.0
19068,1.0
19080,96.0
19081,9.0
19082,1.0
19083,2097.0
19085,1.0
19091,2215.0
19092,2216.0
19094,42.0
19096,2217.0
19097,95.0
19101,41.0
19102,517.0
19104,64.0
19105,1.0
19106,2218.0
19108,388.0
19111,251.0
19117,1.0
19119,1.0
19120,1.0
19121,1.0
19130,2219.0
19131,503.0
19134,2220.0
19135,9.0
19136,41.0
19138,78.0
19142,41.0
19150,1152.0
19151,42.0
19153,42.0
19154,2160.0
19157,1599.0
19159,2221.0
19160,41.0
19163,1.0
19164,42.0
19165,1.0
19166,1.0
19167,570.0
19170,2222.0
19172,786.0
19174,1143.0
19175,42.0
19176,1.0
19181,2223.0
19184,20.0
19188,1119.0
19189,1722.0
19192,1.0
19193,3.0
19198,1.0
19199,1.0
19200,1.0
19201,1.0
19203,1.0
19204,41.0
19205,2224.0
19206,92.0
19207,1.0
19211,1.0
19213,2225.0
19216,503.0
19217,786.0
19219,2226.0
19220,1.0
19221,315.0
19224,3.0
19225,2227.0
19227,9.0
19229,2081.0
19230,64.0
19233,1039.0
19236,2228.0
19237,64.0
19241,1.0
19242,2229.0
19248,56.0
19249,2230.0
19255,1.0
19257,2231.0
19258,93.0
19259,2232.0
19263,2233.0
19264,317.0
19265,42.0
19266,1362.0
19267,2234.0
19269,804.0
19271,1.0
19272,2235.0
19274,2079.0
19279,1.0
19280,1.0
19283,1.0
19290,117.0
19292,117.0
19295,117.0
19299,3.0
19301,1.0
19302,2.0
19303,88.0
19304,1.0
19305,1.0
19306,9.0
19308,64.0
19312,1.0
19315,2.0
19317,1.0
19318,1.0
19319,1.0
19321,621.0
19322,2236.0
19326,676.0
19327,588.0
19329,1147.0
19330,264.0
19332,191.0
19333,56.0
19334,2237.0
19336,114.0
19340,1.0
19343,144.0
19348,79.0
19351,616.0
19352,1.0
19354,93.0
19356,1.0
19357,1161.0
19358,457.0
19359,242.0
19360,64.0
19361,1.0
19362,48.0
19363,336.0
19369,2238.0
19370,1.0
19371,41.0
19372,200.0
19374,96.0
19375,96.0
19376,96.0
19378,42.0
19379,110.0
19387,55.0
19388,64.0
19389,854.0
19391,2239.0
19392,850.0
19394,2240.0
19396,41.0
19398,42.0
19399,926.0
19401,2241.0
19402,56.0
19404,39.0
19405,92.0
19406,2242.0
19407,289.0
19408,1.0
19409,2243.0
19410,2244.0
19411,568.0
19412,79.0
19413,1.0
19414,2245.0
19416,200.0
19417,2246.0
19418,388.0
19419,42.0
19420,1.0
19421,1.0
19422,1.0
19430,1.0
19431,251.0
19432,1.0
19434,1051.0
19436,42.0
19438,1.0
19446,2.0
19449,1.0
19450,1.0
19460,2247.0
19461,1926.0
19464,1.0
19465,29.0
19467,42.0
19468,613.0
19471,42.0
19472,504.0
19473,588.0
19479,1.0
19481,1.0
19482,1.0
19483,1.0
19485,1.0
19486,2248.0
19487,2249.0
19488,1863.0
19489,2250.0
19491,336.0
19492,175.0
19493,2.0
19494,1558.0
19496,911.0
19497,1169.0
19499,92.0
19500,2170.0
19501,1.0
19503,41.0
19504,64.0
19505,9.0
19506,328.0
19507,1111.0
19508,1.0
19510,503.0
19513,159.0
19514,42.0
19516,214.0
19517,345.0
19518,1030.0
19519,943.0
19525,42.0
19526,9.0
19527,1.0
19528,42.0
19530,2.0
19532,42.0
19533,1.0
19534,2.0
19535,1.0
19537,1.0
19538,1.0
19543,1.0
19544,2251.0
19545,1.0
19547,1.0
19549,1.0
19551,436.0
19553,1.0
19554,1719.0
19555,1.0
19556,1.0
19558,1.0
19560,1.0
19563,1.0
19564,88.0
19572,64.0
19579,1.0
19580,1.0
19582,93.0
19583,2252.0
19584,243.0
19588,1.0
19589,1.0
19592,735.0
19595,1.0
19598,1.0
19599,1.0
19600,1.0
19602,2253.0
19603,1.0
19605,1220.0
19610,1.0
19613,1.0
19614,680.0
19615,1.0
19617,2254.0
19619,95.0
19622,2255.0
19623,142.0
19624,1.0
19627,2256.0
19628,1.0
19629,251.0
19633,9.0
19634,842.0
19635,75.0
19646,1.0
19648,2257.0
19653,279.0
19655,1.0
19657,1.0
19659,1.0
19660,92.0
19661,583.0
19665,1.0
19666,1.0
19669,243.0
19670,2258.0
19672,915.0
19674,1.0
19675,1.0
19678,2259.0
19679,1.0
19682,1059.0
19683,588.0
19685,2260.0
19686,111.0
19689,1.0
19690,2261.0
19691,41.0
19692,336.0
19694,1.0
19696,1.0
19698,265.0
19700,96.0
19701,62.0
19702,41.0
19703,1.0
19705,2262.0
19706,64.0
19708,9.0
19709,2263.0
19710,58.0
19712,2264.0
19713,2265.0
19715,1.0
19716,1.0
19718,251.0
19719,9.0
19727,1.0
19728,1.0
19729,1.0
19731,130.0
19734,754.0
19736,368.0
19737,75.0
19738,1.0
19741,62.0
19743,612.0
19744,466.0
19745,96.0
19746,466.0
19750,1.0
19752,42.0
19754,20.0
19758,1.0
19759,1.0
19761,1.0
19762,1.0
19763,34.0
19765,1.0
19767,1.0
19769,2266.0
19780,70.0
19781,42.0
19782,75.0
19783,20.0
19786,848.0
19788,251.0
19789,199.0
19790,64.0
19793,1.0
19795,1.0
19796,278.0
19798,1074.0
19799,1.0
19800,2195.0
19801,1.0
19802,2131.0
19814,62.0
19816,1266.0
19818,1338.0
19819,3.0
19821,9.0
19825,1.0
19827,20.0
19828,2.0
19829,2.0
19830,1.0
19833,20.0
19835,2267.0
19837,2163.0
19838,703.0
19841,1.0
19844,1.0
19848,2.0
19850,2268.0
19852,93.0
19853,1.0
19857,1.0
19864,877.0
19865,1.0
19867,849.0
19869,336.0
19870,2269.0
19871,2270.0
19872,676.0
19874,520.0
19875,979.0
19876,62.0
19879,140.0
19881,883.0
19882,143.0
19884,1.0
19886,1.0
19887,2271.0
19888,231.0
19893,328.0
19895,176.0
19897,2272.0
19898,427.0
19900,62.0
19902,1.0
19904,3.0
19909,188.0
19912,797.0
19915,22.0
19916,243.0
19917,1.0
19918,1035.0
19920,2273.0
19922,132.0
19923,834.0
19926,2274.0
19929,1.0
19931,113.0
19935,615.0
19936,398.0
19938,1.0
19941,1267.0
19944,1.0
19947,1.0
19958,1.0
19959,871.0
19962,1.0
19964,1.0
19965,1.0
19966,436.0
19967,1.0
19971,2275.0
19972,9.0
19974,848.0
19976,42.0
19977,1.0
19985,39.0
19986,129.0
19987,1.0
19989,450.0
19994,1.0
19995,1.0
19996,3.0
19997,3.0
20003,17.0
20012,188.0
20013,196.0
20014,1.0
20016,1.0
20019,1.0
20021,88.0
20026,2276.0
20027,2277.0
20028,188.0
20032,1.0
20034,1.0
20035,233.0
20040,88.0
20043,1.0
20044,42.0
20045,202.0
20046,2278.0
20047,9.0
20053,1.0
20058,41.0
20059,1.0
20060,912.0
20062,9.0
20064,64.0
20065,2279.0
20067,41.0
20069,1716.0
20072,1.0
20074,64.0
20078,628.0
20079,1.0
20080,164.0
20081,64.0
20086,2280.0
20088,3.0
20090,1.0
20092,1.0
20093,1.0
20094,199.0
20096,88.0
20098,1.0
20099,270.0
20100,88.0
20101,2075.0
20102,2281.0
20103,2282.0
20106,20.0
20107,1.0
20108,2283.0
20109,278.0
20111,265.0
20112,1.0
20113,345.0
20115,2.0
20118,42.0
20119,2284.0
20120,231.0
20121,41.0
20122,326.0
20124,2285.0
20125,1.0
20128,2286.0
20129,251.0
20134,1.0
20137,1.0
20138,1.0
20139,9.0
20140,1.0
20141,1.0
20142,2.0
20143,1.0
20144,703.0
20145,2.0
20147,140.0
20149,2287.0
20150,9.0
20152,1.0
20153,1.0
20155,1.0
20157,2.0
20162,269.0
20163,373.0
20164,1.0
20165,38.0
20167,1.0
20168,3.0
20172,2288.0
20173,2289.0
20174,1677.0
20175,111.0
20176,1.0
20177,743.0
20178,41.0
20179,1.0
20181,1.0
20183,848.0
20184,200.0
20186,615.0
20187,1.0
20188,20.0
20190,1.0
20193,2290.0
20194,2291.0
20203,2292.0
20205,93.0
20206,62.0
20208,154.0
20219,1.0
20223,2293.0
20225,1.0
20227,1.0
20231,1069.0
20232,1.0
20233,743.0
20234,1.0
20235,1638.0
20237,2294.0
20238,1.0
20244,2295.0
20245,251.0
20248,1.0
20249,2.0
20253,1.0
20256,9.0
20257,594.0
20259,188.0
20265,2296.0
20269,1.0
20272,1.0
20273,56.0
20274,1.0
20277,1.0
20280,2297.0
20281,1.0
20286,2113.0
20289,2298.0
20290,2268.0
20293,850.0
20298,1.0
20311,1.0
20313,400.0
20314,662.0
20315,315.0
20316,1.0
20319,234.0
20322,940.0
20323,2299.0
20324,1.0
20325,1.0
20326,1.0
20331,1.0
20332,1.0
20333,1.0
20338,1.0
20340,1.0
20341,2300.0
20342,140.0
20343,1.0
20345,1.0
20347,1.0
20349,96.0
20353,388.0
20355,1.0
20356,2301.0
20358,22.0
20360,2302.0
20363,1.0
20364,1.0
20365,1.0
20366,1.0
20367,2303.0
20368,1.0
20373,1.0
20375,2304.0
20380,2185.0
20382,186.0
20384,873.0
20386,2305.0
20390,1.0
20392,336.0
20393,1.0
20395,1.0
20396,1.0
20397,79.0
20398,1.0
20402,243.0
20406,1.0
20409,2.0
20410,873.0
20415,1363.0
20417,1.0
20418,1.0
20421,1.0
20422,2306.0
20424,1.0
20425,1.0
20427,1.0
20428,2307.0
20429,42.0
20430,612.0
20431,93.0
20432,873.0
20433,1.0
20434,1.0
20437,42.0
20439,154.0
20440,2308.0
20441,1.0
20442,2309.0
20443,179.0
20444,1.0
20445,1398.0
20446,2310.0
20450,1.0
20451,88.0
20452,3.0
20458,1.0
20460,1.0
20462,1044.0
20464,1.0
20465,3.0
20467,1.0
20470,1.0
20471,1.0
20474,188.0
20479,1.0
20480,2311.0
20482,1.0
20483,418.0
20484,251.0
20485,42.0
20487,3.0
20488,201.0
20489,201.0
20490,2312.0
20491,1.0
20495,2313.0
20496,1.0
20497,93.0
20499,2.0
20501,1.0
20506,1051.0
20507,2314.0
20509,75.0
20511,64.0
20512,96.0
20515,2315.0
20518,1.0
20519,31.0
20520,373.0
20522,2316.0
20525,678.0
20528,2317.0
20530,1.0
20533,17.0
20534,54.0
20535,2318.0
20537,243.0
20539,873.0
20543,3.0
20544,92.0
20545,214.0
20547,1.0
20548,1.0
20553,1.0
20555,1.0
20556,1.0
20562,2307.0
20563,1.0
20564,1.0
20565,1.0
20568,1.0
20569,192.0
20570,201.0
20571,1.0
20572,1.0
20573,64.0
20575,498.0
20576,42.0
20577,1.0
20580,1663.0
20582,93.0
20587,1.0
20590,1.0
20591,78.0
20592,1.0
20593,42.0
20595,1.0
20600,233.0
20602,1.0
20604,1.0
20605,1.0
20606,621.0
20608,96.0
20610,1174.0
20612,41.0
20617,579.0
20619,2319.0
20620,42.0
20621,93.0
20626,105.0
20628,850.0
20631,79.0
20632,685.0
20636,184.0
20637,64.0
20638,236.0
20640,912.0
20641,2320.0
20643,234.0
20644,427.0
20645,42.0
20646,39.0
20647,41.0
20651,1.0
20655,1.0
20660,64.0
20661,1.0
20662,62.0
20663,1.0
20664,1256.0
20665,1.0
20666,42.0
20671,2321.0
20672,1.0
20673,2322.0
20674,1.0
20675,373.0
20678,1.0
20680,79.0
20682,1.0
20683,41.0
20685,42.0
20687,1.0
20688,1.0
20689,1.0
20690,1.0
20691,1.0
20692,9.0
20696,928.0
20698,387.0
20701,1182.0
20702,1.0
20703,862.0
20704,1180.0
20705,56.0
20706,251.0
20708,64.0
20709,2.0
20710,1724.0
20711,386.0
20714,188.0
20717,2.0
20718,34.0
20719,88.0
20720,2323.0
20722,42.0
20724,42.0
20729,818.0
20731,918.0
20733,251.0
20734,360.0
20737,1.0
20738,360.0
20741,251.0
20742,20.0
20744,1828.0
20746,21.0
20747,873.0
20750,233.0
20751,616.0
20752,1304.0
20753,9.0
20756,373.0
20757,42.0
20758,41.0
20759,2324.0
20760,387.0
20761,2325.0
20762,41.0
20763,2326.0
20768,1.0
20769,243.0
20770,862.0
20772,41.0
20774,93.0
20777,1.0
20778,657.0
20780,1179.0
20782,370.0
20785,42.0
20786,64.0
20787,20.0
20789,2327.0
20790,96.0
20791,209.0
20792,64.0
20794,1580.0
20795,1272.0
20796,96.0
20797,2328.0
20798,269.0
20801,42.0
20812,16.0
20818,116.0
20822,2329.0
20823,75.0
20824,594.0
20825,14.0
20827,1.0
20828,1889.0
20829,1272.0
20832,2330.0
20833,1.0
20834,9.0
20835,200.0
20837,2.0
20838,64.0
20841,329.0
20842,723.0
20843,42.0
20850,9.0
20852,2331.0
20854,2332.0
20856,64.0
20858,1.0
20861,140.0
20862,251.0
20872,2333.0
20874,1.0
20882,4.0
20883,47.0
20885,924.0
20886,12.0
20887,41.0
20889,146.0
20891,3.0
20893,108.0
20894,1.0
20899,12.0
20900,1355.0
20901,1525.0
20902,10.0
20905,1.0
20906,1.0
20908,2334.0
20912,1682.0
20917,2335.0
20924,209.0
20925,638.0
20926,42.0
20927,1165.0
20928,2336.0
20929,1980.0
20931,2337.0
20933,62.0
20936,186.0
20942,75.0
20943,2338.0
20949,140.0
20951,804.0
20954,78.0
20959,2339.0
20961,2.0
20976,2.0
20978,241.0
20979,207.0
20983,96.0
20986,1.0
20987,1.0
20990,1.0
20992,251.0
20997,113.0
20998,42.0
20999,96.0
21001,1272.0
21004,1165.0
21030,1.0
21052,1.0
21062,1.0
21066,95.0
21072,1.0
21073,2340.0
21077,2341.0
21078,2342.0
21080,2343.0
21081,1111.0
21083,957.0
21174,1.0
21180,1.0
21184,1.0
21189,38.0
21224,1.0
21232,22.0
21307,1.0
21314,3.0
21315,1.0
