review_id,poi_id,user_id
1066071840,311103,1
1066071372,311103,2
1066071361,311103,3
1066071274,311103,4
1066071208,311103,5
1066071204,311103,6
1066070141,311103,7
1065320102,311103,8
1063024284,311103,9
1062916164,311103,10
1059760949,311103,11
1050313807,311103,12
1050313758,311103,13
1050313550,311103,14
1050313339,311103,15
1049291038,311103,16
1048784720,311103,17
1045226219,311103,18
1045226153,311103,19
1045226034,311103,20
1045225988,311103,21
1044043350,311103,22
1044043056,311103,23
1043914997,311103,24
1006100312,311103,25
996940930,311103,26
996939730,311103,27
985124754,311103,28
980717767,311103,29
948048358,311103,30
947436902,311103,31
907361338,311103,32
889008143,311103,33
884268509,311103,34
878253889,311103,35
863490178,311103,36
842614649,311103,37
838024560,311103,38
827300156,311103,39
790165454,311103,40
790060543,311103,41
784935182,311103,42
781933040,311103,43
781124288,311103,44
778334772,311103,45
777397598,311103,46
773300294,311103,47
764184391,311103,48
744331335,311103,49
743129961,311103,50
742345032,311103,51
730221000,311103,52
729875939,311103,53
729344674,311103,54
728520264,311103,55
725196867,311103,56
718192057,311103,57
711580625,311103,58
711101640,311103,59
704856868,311103,60
696313782,311103,61
692489622,311103,62
692197064,311103,63
692196975,311103,64
692187452,311103,65
691968787,311103,66
691928094,311103,67
691923902,311103,68
691017998,311103,69
690837953,311103,70
686623876,311103,71
686241773,311103,72
683054097,311103,73
682059953,311103,74
678984132,311103,75
675182714,311103,76
675106272,311103,77
672370341,311103,78
672110960,311103,79
670566556,311103,80
668083064,311103,81
666706534,311103,82
666559037,311103,83
665963461,311103,84
665243168,311103,85
655985618,311103,86
655512522,311103,87
655176752,311103,88
651934967,311103,89
651863695,311103,90
649416663,311103,91
648407860,311103,92
647537981,311103,93
646894368,311103,94
646720182,311103,95
646223531,311103,96
641544570,311103,97
634543524,311103,98
633705829,311103,99
632659331,311103,100
632093259,311103,101
629028156,311103,102
622508622,311103,103
622289478,311103,104
618798372,311103,105
614039176,311103,106
612840444,311103,107
612769729,311103,108
609428932,311103,109
609237805,311103,110
607227272,311103,111
603781368,311103,112
603682638,311103,113
603677291,311103,114
601252208,311103,115
597482223,311103,116
595192556,311103,117
595109710,311103,118
594704199,311103,119
591428644,311103,120
589411143,311103,121
582551539,311103,122
581922173,311103,123
581870926,311103,124
579207369,311103,125
577285098,311103,126
570293483,311103,127
568632469,311103,128
564131257,311103,129
563295594,311103,130
563058587,311103,131
562296088,311103,132
562015159,311103,133
556990268,311103,134
553101853,311103,135
552893364,311103,136
551904615,311103,137
539655614,311103,138
538975691,311103,139
535372838,311103,140
525878603,311103,141
525683695,311103,142
514599738,311103,143
496658766,311103,144
496072987,311103,145
491518802,311103,146
488692947,311103,147
487696711,311103,148
483993535,311103,149
480250435,311103,150
478098509,311103,151
477624035,311103,152
469007148,311103,153
467972920,311103,154
465948958,311103,155
462825404,311103,156
460804677,311103,157
456847896,311103,158
452367516,311103,159
449052359,311103,160
447384113,311103,161
439627020,311103,162
439203669,311103,163
438508291,311103,164
427452138,311103,165
426188326,311103,166
425990725,311103,167
415713530,311103,168
409901838,311103,169
408640462,311103,170
399094112,311103,171
399065857,311103,172
394895340,311103,173
391922294,311103,174
387067986,311103,175
384772214,311103,176
365266800,311103,177
364994631,311103,178
363765044,311103,179
357185144,311103,180
354693436,311103,181
352014806,311103,182
350665480,311103,183
347766407,311103,184
347053099,311103,185
337739927,311103,186
335147483,311103,187
328111842,311103,188
324954594,311103,189
323423169,311103,190
322251791,311103,191
319244440,311103,192
319233446,311103,193
317291969,311103,194
316978249,311103,195
316222875,311103,196
313919506,311103,197
310852465,311103,198
310023644,311103,199
308817270,311103,200
308392811,311103,201
277132031,311103,202
264356506,311103,203
257773864,311103,204
254785825,311103,205
252263915,311103,206
242027458,311103,207
221946955,311103,208
218392590,311103,209
217605871,311103,210
1067600395,2005826,211
1036958524,2005826,212
1008352961,2005826,213
1007535757,2005826,214
996941018,2005826,26
996939563,2005826,27
996474225,2005826,215
996078477,2005826,216
963915208,2005826,217
959507351,2005826,218
905382972,2005826,219
884276277,2005826,34
846921398,2005826,220
844091599,2005826,221
838788253,2005826,222
837320425,2005826,223
790047176,2005826,224
789592290,2005826,225
789272648,2005826,226
788727943,2005826,227
788505496,2005826,228
788466982,2005826,229
787928985,2005826,230
787152087,2005826,231
781932982,2005826,43
781124249,2005826,44
781009975,2005826,232
780565854,2005826,233
778429191,2005826,234
757996858,2005826,235
757499434,2005826,236
749171929,2005826,51
746038623,2005826,237
736167338,2005826,238
730926988,2005826,239
730221731,2005826,52
730128134,2005826,240
729875104,2005826,53
728479175,2005826,241
725062448,2005826,242
724639871,2005826,243
716481904,2005826,244
710410389,2005826,245
706190465,2005826,71
692008208,2005826,246
691966767,2005826,66
682059764,2005826,74
678984755,2005826,75
675182214,2005826,76
673603245,2005826,247
672417253,2005826,248
671771081,2005826,78
668085931,2005826,81
665663389,2005826,249
665241299,2005826,85
660423238,2005826,250
660031515,2005826,251
659749495,2005826,252
657882923,2005826,86
655175656,2005826,88
654426794,2005826,253
651933977,2005826,89
649501175,2005826,254
646967986,2005826,255
641544337,2005826,97
640040863,2005826,256
635705903,2005826,257
631652670,2005826,258
631243036,2005826,259
629538188,2005826,260
623082335,2005826,261
621739528,2005826,262
621640578,2005826,263
619348506,2005826,264
614233294,2005826,265
613319320,2005826,266
611477367,2005826,267
610358500,2005826,268
604466377,2005826,269
603957508,2005826,270
603819635,2005826,271
603644310,2005826,272
602284378,2005826,273
600921204,2005826,274
598905724,2005826,275
596182231,2005826,276
595191689,2005826,117
591428400,2005826,120
590399491,2005826,277
588426111,2005826,278
586943449,2005826,279
577285950,2005826,126
575355510,2005826,280
574513276,2005826,281
572039540,2005826,282
570294124,2005826,127
569842018,2005826,283
567457165,2005826,284
567292911,2005826,285
566585722,2005826,286
563295407,2005826,130
556990483,2005826,134
551905908,2005826,137
551646068,2005826,287
549837435,2005826,288
539285720,2005826,289
538011245,2005826,290
535371873,2005826,140
535294044,2005826,139
528063834,2005826,291
527333876,2005826,292
519764723,2005826,293
508326572,2005826,294
506088519,2005826,295
502094151,2005826,296
499803583,2005826,297
498132966,2005826,298
492640185,2005826,299
488932454,2005826,300
480249464,2005826,150
479413905,2005826,301
477003974,2005826,302
475155505,2005826,303
474447569,2005826,304
473177904,2005826,181
469965596,2005826,305
469513823,2005826,306
469387558,2005826,307
468700494,2005826,308
465943492,2005826,132
462382272,2005826,309
460804863,2005826,157
459502307,2005826,310
457134495,2005826,311
455499463,2005826,312
451362078,2005826,313
448047038,2005826,314
446691009,2005826,315
446497614,2005826,316
441830063,2005826,317
440496518,2005826,318
439204233,2005826,163
433477232,2005826,319
432902681,2005826,320
427454908,2005826,165
425180686,2005826,321
409145050,2005826,322
408643818,2005826,170
407565969,2005826,323
393951053,2005826,324
391922951,2005826,174
373081954,2005826,325
370542886,2005826,326
367978615,2005826,327
364999525,2005826,328
360532741,2005826,329
358690702,2005826,330
348711019,2005826,331
339285708,2005826,332
339062027,2005826,333
338330185,2005826,334
337221093,2005826,335
334854186,2005826,336
334142666,2005826,337
326259755,2005826,338
324954919,2005826,189
321083450,2005826,339
320796258,2005826,340
314198473,2005826,341
312225252,2005826,342
311442237,2005826,343
303549746,2005826,344
296476471,2005826,345
288385064,2005826,346
277811308,2005826,347
252860191,2005826,52
1066778701,311087,348
1032272898,311087,349
996940856,311087,26
992567061,311087,350
987537922,311087,351
966467141,311087,352
955662902,311087,353
951547955,311087,354
947391708,311087,355
886128911,311087,356
882240059,311087,357
860333561,311087,358
838917579,311087,359
837781015,311087,360
837312541,311087,361
770615171,311087,362
764414570,311087,363
750891506,311087,364
750389580,311087,365
743159831,311087,51
732170569,311087,366
730536599,311087,367
730218937,311087,52
725189681,311087,56
723246828,311087,368
723030545,311087,369
722991138,311087,370
722985392,311087,371
722939397,311087,372
722929234,311087,373
722888019,311087,374
722822803,311087,375
722785186,311087,376
722745077,311087,377
722660989,311087,378
722568406,311087,379
722501483,311087,380
722059417,311087,381
721967293,311087,382
721960765,311087,383
721717592,311087,384
721655645,311087,385
721585453,311087,386
721438988,311087,387
721119925,311087,388
720711118,311087,389
718147900,311087,390
712717932,311087,391
711279544,311087,392
711105672,311087,59
711098377,311087,393
710457817,311087,394
710410362,311087,395
710120759,311087,396
710029263,311087,397
709915028,311087,398
709871346,311087,399
709818187,311087,400
709808197,311087,401
709691477,311087,402
709658280,311087,403
709305703,311087,404
709220984,311087,405
709220346,311087,406
709050021,311087,407
709034861,311087,408
709026570,311087,409
709010515,311087,410
708816877,311087,411
708563208,311087,412
708556235,311087,413
708379800,311087,414
708367987,311087,415
708286526,311087,416
708198120,311087,417
708028665,311087,418
708008969,311087,419
708006958,311087,420
708004832,311087,421
707946332,311087,422
707872546,311087,423
707867633,311087,424
707811203,311087,425
707734853,311087,426
707723101,311087,427
707656080,311087,428
692268394,311087,429
692047197,311087,430
675184100,311087,431
665817227,311087,432
661807204,311087,433
660037612,311087,434
657562187,311087,435
649497812,311087,254
648408691,311087,92
646287573,311087,436
636791846,311087,437
635707735,311087,438
629538377,311087,260
620262722,311087,439
610690447,311087,440
605773142,311087,441
597229786,311087,442
592606997,311087,443
572038779,311087,282
568992979,311087,444
567807862,311087,445
566054198,311087,446
556589538,311087,447
554779476,311087,448
554606706,311087,449
552861434,311087,450
551906070,311087,137
551646418,311087,287
545516189,311087,451
543177934,311087,452
528665875,311087,307
526685094,311087,453
519699275,311087,454
519153879,311087,455
516879136,311087,173
516707891,311087,456
514583382,311087,457
503771152,311087,458
495603724,311087,459
485798274,311087,460
471795278,311087,461
467972618,311087,154
465972918,311087,462
465681488,311087,463
463744578,311087,313
462852517,311087,156
459488886,311087,310
453236804,311087,464
449155601,311087,465
443773045,311087,466
437974315,311087,172
434154025,311087,467
433121333,311087,468
431812306,311087,469
426578248,311087,470
418487571,311087,471
410007045,311087,472
409304260,311087,473
409206209,311087,474
409166555,311087,475
402458631,311087,176
399817232,311087,476
388747227,311087,52
382030392,311087,477
377037273,311087,478
374989957,311087,479
370797946,311087,480
368075422,311087,481
360266592,311087,181
350725503,311087,183
350668958,311087,183
340693423,311087,482
340604283,311087,483
339923950,311087,484
302006163,311087,151
277810598,311087,347
263011271,311087,197
259884047,311087,485
869864412,4542125,486
751342836,4542125,487
750848962,4542125,488
750299358,4542125,489
748267348,4542125,490
740216715,4542125,491
740109410,4542125,492
739999404,4542125,493
739359068,4542125,494
739027305,4542125,495
737213306,4542125,496
737207937,4542125,497
734529129,4542125,498
734453750,4542125,499
733534683,4542125,500
732585509,4542125,501
732492011,4542125,502
731225509,4542125,503
730910228,4542125,504
729226566,4542125,505
728957419,4542125,506
728575137,4542125,507
728376267,4542125,508
727532526,4542125,509
727442318,4542125,510
725410597,4542125,511
725361879,4542125,512
723248073,4542125,513
723026572,4542125,514
720743347,4542125,515
719166953,4542125,516
718247255,4542125,517
715125473,4542125,518
703796996,4542125,519
696024843,4542125,520
694816421,4542125,521
691759231,4542125,66
690473189,4542125,522
684653983,4542125,523
682642317,4542125,524
679417420,4542125,525
677547580,4542125,526
677033254,4542125,527
676433418,4542125,528
675572622,4542125,529
670826435,4542125,530
669156888,4542125,531
627370684,4542125,532
617143025,4542125,533
614250744,4542125,534
614182249,4542125,535
612457628,4542125,536
610688541,4542125,537
606211010,4542125,538
551241635,4542125,539
535878962,4542125,540
523672782,4542125,541
507305575,4542125,542
503342143,4542125,543
1067604548,311089,211
1066907597,311089,544
998981498,311089,545
966955036,311089,546
944948687,311089,547
915407268,311089,548
909252051,311089,549
889760062,311089,550
880271889,311089,551
879459837,311089,552
871113189,311089,553
869864578,311089,486
862105952,311089,554
861451184,311089,555
861294798,311089,556
844091830,311089,221
838784082,311089,557
838190488,311089,558
834168934,311089,559
827493367,311089,560
790386238,311089,561
790137478,311089,562
780579836,311089,563
779533095,311089,232
769810373,311089,564
747631310,311089,565
742960366,311089,51
730218233,311089,52
728473508,311089,566
726347569,311089,567
724735709,311089,568
716536514,311089,569
711101550,311089,570
703436574,311089,571
703240737,311089,572
703062937,311089,573
703037804,311089,574
702745818,311089,575
702450894,311089,576
702440376,311089,577
702385973,311089,578
702356808,311089,579
701961637,311089,580
701288212,311089,581
692061320,311089,582
691939996,311089,583
691466227,311089,584
691395528,311089,585
691281011,311089,586
691109884,311089,587
691107683,311089,588
691085011,311089,589
691069126,311089,590
690822348,311089,591
690533812,311089,592
671855829,311089,593
661953728,311089,594
653610338,311089,90
651959623,311089,595
646228075,311089,596
634543412,311089,98
631024606,311089,597
629971214,311089,598
622508457,311089,103
621619923,311089,265
620258461,311089,439
611478663,311089,267
610376482,311089,262
607464863,311089,599
604610546,311089,437
596010913,311089,600
595451124,311089,601
595428222,311089,602
594714756,311089,117
592606469,311089,443
591893701,311089,603
591429190,311089,120
590436383,311089,604
587735224,311089,605
582210992,311089,606
581819747,311089,607
577465804,311089,126
568632754,311089,128
566057284,311089,446
564478001,311089,608
563296478,311089,130
563251351,311089,609
556004468,311089,288
552206961,311089,610
551646231,311089,287
538245580,311089,611
534266386,311089,189
528927755,311089,612
516879690,311089,173
510397853,311089,172
485800991,311089,613
482214939,311089,614
474380555,311089,615
464402992,311089,616
462825706,311089,156
456577936,311089,617
451230272,311089,313
449551471,311089,618
449050664,311089,160
445608804,311089,619
445469068,311089,620
445453927,311089,621
443200758,311089,622
439540814,311089,466
435345694,311089,623
432010727,311089,175
431372290,311089,624
429076320,311089,625
426584613,311089,470
420179799,311089,333
397058918,311089,626
390070532,311089,627
386267354,311089,628
385152647,311089,176
381834385,311089,629
378477240,311089,630
376745916,311089,631
374364764,311089,632
371632282,311089,633
367978842,311089,327
364994924,311089,178
354986850,311089,181
350807143,311089,634
347779545,311089,635
331358009,311089,463
322253711,311089,191
321127882,311089,636
318837542,311089,637
309115232,311089,638
277811752,311089,347
257774046,311089,204
252860398,311089,52
242430310,311089,639
242028292,311089,207
1067605491,2037764,640
1036957921,2037764,212
996948310,2037764,215
887212727,2037764,641
885474257,2037764,642
861294981,2037764,556
848698400,2037764,643
848466801,2037764,644
838938234,2037764,645
792881765,2037764,646
777148719,2037764,647
764415015,2037764,363
757499465,2037764,236
751749213,2037764,648
751338268,2037764,649
751197082,2037764,650
750775821,2037764,651
750743685,2037764,652
750718319,2037764,653
750542572,2037764,654
750539099,2037764,655
750413501,2037764,656
750405038,2037764,657
750217408,2037764,658
750206658,2037764,659
750167916,2037764,660
749865637,2037764,489
749370068,2037764,661
749356556,2037764,662
749011660,2037764,663
748303088,2037764,664
748104125,2037764,665
747490296,2037764,666
747465155,2037764,667
747228532,2037764,668
746995287,2037764,669
746865124,2037764,670
746699699,2037764,671
746635197,2037764,672
746335881,2037764,673
745457900,2037764,674
745443028,2037764,675
745213503,2037764,676
744679512,2037764,677
744277914,2037764,678
744186557,2037764,679
743680388,2037764,680
743564237,2037764,681
743520930,2037764,682
743257068,2037764,683
743088722,2037764,684
742786372,2037764,685
742746116,2037764,686
742344282,2037764,51
741682292,2037764,687
741566919,2037764,688
741486569,2037764,689
741359957,2037764,690
741084129,2037764,691
740903952,2037764,692
740612579,2037764,693
740248101,2037764,694
739111882,2037764,695
738918081,2037764,696
738915639,2037764,697
737980641,2037764,698
737934946,2037764,699
737781510,2037764,700
737548855,2037764,701
737311231,2037764,496
736960502,2037764,702
736660659,2037764,703
734399749,2037764,704
734372202,2037764,705
734315276,2037764,706
734172264,2037764,707
733965360,2037764,708
733925916,2037764,709
733804594,2037764,406
733770604,2037764,710
733692585,2037764,711
733682847,2037764,712
733654425,2037764,713
733182608,2037764,714
733149971,2037764,715
732971944,2037764,716
732671146,2037764,717
732655111,2037764,718
732234715,2037764,719
731299379,2037764,720
730775085,2037764,721
730226875,2037764,52
729719507,2037764,722
729411511,2037764,723
729403467,2037764,724
728767422,2037764,725
728207017,2037764,726
728104312,2037764,727
727783445,2037764,728
727684585,2037764,729
727612969,2037764,730
727378305,2037764,731
727197595,2037764,732
727133364,2037764,733
727007123,2037764,734
726736944,2037764,735
726581807,2037764,736
726252428,2037764,737
724909223,2037764,738
724615517,2037764,739
724480969,2037764,740
724410314,2037764,741
723619292,2037764,742
723336340,2037764,743
722374706,2037764,744
722153282,2037764,745
722059905,2037764,381
721931710,2037764,746
721195292,2037764,747
720930124,2037764,748
720904558,2037764,749
720812445,2037764,750
720714868,2037764,751
720323438,2037764,752
720164898,2037764,753
720103118,2037764,754
719814346,2037764,755
718796599,2037764,756
718721444,2037764,757
718680937,2037764,758
718314922,2037764,759
717565269,2037764,760
717353433,2037764,761
717257167,2037764,762
716943199,2037764,763
716462399,2037764,764
716028549,2037764,765
715429512,2037764,766
714721776,2037764,767
714159280,2037764,768
713659662,2037764,769
713329714,2037764,770
713290738,2037764,771
713290099,2037764,772
712977892,2037764,773
712974974,2037764,774
712517218,2037764,775
712500564,2037764,776
711099185,2037764,393
710882515,2037764,777
710769332,2037764,778
692048047,2037764,430
688138008,2037764,779
687883991,2037764,780
687183373,2037764,781
686980096,2037764,782
686305819,2037764,783
686167629,2037764,784
685854601,2037764,785
685739425,2037764,786
685606548,2037764,787
685439194,2037764,788
685159125,2037764,789
685057875,2037764,790
684653192,2037764,791
684265756,2037764,792
684132910,2037764,793
683476625,2037764,794
683117045,2037764,795
682563509,2037764,796
682152452,2037764,797
682022266,2037764,798
681915764,2037764,799
681003947,2037764,800
680993423,2037764,801
680219142,2037764,802
680199075,2037764,803
680047868,2037764,804
677145139,2037764,805
676737908,2037764,806
676699716,2037764,807
676574309,2037764,808
676044611,2037764,809
676039145,2037764,810
675886108,2037764,811
675475291,2037764,812
675385955,2037764,813
675263056,2037764,814
675171778,2037764,815
674881071,2037764,816
673909346,2037764,817
673690515,2037764,818
673589553,2037764,819
673219655,2037764,820
673180272,2037764,821
672770781,2037764,822
672469881,2037764,823
672467791,2037764,824
672325282,2037764,825
672282852,2037764,826
672063137,2037764,827
672022031,2037764,828
671515865,2037764,829
670855137,2037764,830
670462829,2037764,831
670187377,2037764,832
670172551,2037764,833
670098741,2037764,834
669810874,2037764,835
669420295,2037764,836
669376818,2037764,837
669282913,2037764,838
668224870,2037764,839
667819084,2037764,840
667752244,2037764,531
667559052,2037764,841
667304820,2037764,842
667302991,2037764,843
667258945,2037764,844
667088699,2037764,845
667085576,2037764,846
667085219,2037764,847
666980568,2037764,848
666799398,2037764,849
666793084,2037764,850
666301051,2037764,851
666007804,2037764,852
665957965,2037764,853
665941929,2037764,854
665860491,2037764,855
665730434,2037764,856
661792730,2037764,433
661107255,2037764,91
659749978,2037764,252
637916381,2037764,857
611479819,2037764,267
610379392,2037764,262
603701354,2037764,858
595714784,2037764,859
582230966,2037764,860
577828951,2037764,861
577466986,2037764,126
558471874,2037764,862
551905518,2037764,137
533077708,2037764,863
516872289,2037764,864
515723553,2037764,455
497479709,2037764,476
488916568,2037764,865
479627344,2037764,866
475406759,2037764,303
475158659,2037764,307
467155908,2037764,867
467079753,2037764,304
466169398,2037764,868
462851151,2037764,156
460805234,2037764,157
458182255,2037764,869
457814131,2037764,870
443629909,2037764,871
438299627,2037764,872
437742271,2037764,873
415946307,2037764,874
415711622,2037764,472
388751040,2037764,52
385153033,2037764,176
379264210,2037764,630
378626285,2037764,875
373381538,2037764,633
366567060,2037764,876
362297715,2037764,877
361338731,2037764,878
356490705,2037764,181
343002902,2037764,329
339921088,2037764,484
338060749,2037764,879
323323412,2037764,880
321083053,2037764,339
316480902,2037764,881
308808600,2037764,882
308535243,2037764,882
308392931,2037764,201
306828510,2037764,883
295193269,2037764,322
291353943,2037764,884
278018439,2037764,885
262566727,2037764,886
1064519146,14051467,887
1053513658,14051467,888
1053272244,14051467,889
1042683334,14051467,890
1039070617,14051467,891
999993710,14051467,892
994680197,14051467,893
989873482,14051467,894
968110096,14051467,895
968108185,14051467,896
934327304,14051467,897
931013703,14051467,898
929240649,14051467,899
928698830,14051467,900
678471274,14051467,901
649266442,14051467,902
586542060,14051467,903
583628502,14051467,904
581897309,14051467,905
581322626,14051467,906
578468030,14051467,907
1067603409,317890,211
1065679292,317890,908
1056671501,317890,909
1022015195,317890,349
1015627148,317890,910
1008635161,317890,911
973024947,317890,912
972911459,317890,913
947392266,317890,355
942716322,317890,914
892458941,317890,33
889435490,317890,550
861451296,317890,555
844091767,317890,221
842348499,317890,915
837215204,317890,916
780579379,317890,563
776269886,317890,254
772259655,317890,917
769810122,317890,564
765280573,317890,362
762787099,317890,918
748254120,317890,919
746205978,317890,565
746032045,317890,920
744537018,317890,921
744480069,317890,922
742346483,317890,51
737473432,317890,923
732820479,317890,924
732519574,317890,925
732519543,317890,926
730223745,317890,52
728367047,317890,927
728128705,317890,928
728093736,317890,929
727962982,317890,930
727927761,317890,931
727721422,317890,932
727624011,317890,933
727579035,317890,934
727470653,317890,935
727469412,317890,936
727202933,317890,732
727132778,317890,733
727129551,317890,937
726902119,317890,938
726735511,317890,735
726676435,317890,939
726640923,317890,940
726617079,317890,941
726371590,317890,942
726369597,317890,943
726305349,317890,944
726271069,317890,945
726126679,317890,946
726122155,317890,947
726120198,317890,948
726092267,317890,949
726086068,317890,950
725859195,317890,951
725856017,317890,952
725733297,317890,953
725598767,317890,954
715422361,317890,955
711104574,317890,393
710705966,317890,77
679655471,317890,956
672931261,317890,77
662668303,317890,594
661277032,317890,957
660142840,317890,250
655955133,317890,958
655582839,317890,959
655582034,317890,960
627628858,317890,961
622285623,317890,104
617153422,317890,962
611480986,317890,267
611377663,317890,615
609726088,317890,268
605250546,317890,963
601753188,317890,964
596181531,317890,276
591430394,317890,120
590345849,317890,278
589625226,317890,965
581921626,317890,123
574510279,317890,281
572288699,317890,288
558506561,317890,862
557640873,317890,966
554193150,317890,967
551646631,317890,287
534477021,317890,968
534267313,317890,189
531120311,317890,969
530570510,317890,970
526656736,317890,971
522276252,317890,972
516878590,317890,173
506090114,317890,295
499547197,317890,973
497567047,317890,974
469518006,317890,306
468700834,317890,308
462852100,317890,156
456603435,317890,975
451232980,317890,313
446945392,317890,976
446287057,317890,977
446187408,317890,621
443673612,317890,978
443630792,317890,871
442135591,317890,634
440511584,317890,979
437937465,317890,623
437303663,317890,620
434441925,317890,980
433059304,317890,320
426261136,317890,472
421772309,317890,981
412233535,317890,170
410549440,317890,869
402457895,317890,176
399096260,317890,171
398228860,317890,982
390069466,317890,627
379935725,317890,477
376664385,317890,983
361338348,317890,878
358637264,317890,181
356694038,317890,481
352009977,317890,182
341841767,317890,191
339062816,317890,333
332816607,317890,984
269427563,317890,985
1023086819,5505885,349
999181677,5505885,986
963617772,5505885,987
959507860,5505885,218
955929886,5505885,988
955466228,5505885,989
942708146,5505885,990
904285590,5505885,594
903076122,5505885,991
890871188,5505885,992
886631473,5505885,993
884492205,5505885,594
877796049,5505885,992
875734811,5505885,994
871656212,5505885,995
871654169,5505885,594
861294686,5505885,556
859738515,5505885,993
837774730,5505885,996
827226142,5505885,997
787152267,5505885,231
751591591,5505885,998
750591276,5505885,999
749619754,5505885,1000
747951977,5505885,1001
746085596,5505885,1002
743330384,5505885,51
741483071,5505885,1003
741406691,5505885,1004
741088132,5505885,1005
738253205,5505885,1006
738200951,5505885,1007
736272864,5505885,1008
733587305,5505885,711
733539291,5505885,1009
732685945,5505885,718
732630157,5505885,1010
732422768,5505885,1011
730869444,5505885,54
730452655,5505885,1012
730422654,5505885,1013
730415621,5505885,1014
730026119,5505885,1015
729794412,5505885,1016
726677555,5505885,1017
726351422,5505885,1018
726035240,5505885,1019
725116210,5505885,1020
725065609,5505885,1021
724730346,5505885,1022
724407970,5505885,1023
724066467,5505885,1024
723260566,5505885,1025
722661642,5505885,1026
722469492,5505885,1027
722314631,5505885,1028
721219721,5505885,1029
720318300,5505885,1030
717826607,5505885,1031
716436735,5505885,1032
715809930,5505885,1033
713178539,5505885,1034
713014637,5505885,1035
711931313,5505885,1036
711405823,5505885,1037
711135342,5505885,1038
711103475,5505885,393
709555766,5505885,1039
707825520,5505885,402
707422885,5505885,1040
706418840,5505885,1041
706345045,5505885,1042
705857787,5505885,1043
705385125,5505885,1044
705286795,5505885,1045
704236264,5505885,1046
703381006,5505885,1047
702634995,5505885,576
702575317,5505885,1048
702355838,5505885,1049
700113020,5505885,1050
698412131,5505885,1051
697851900,5505885,1052
696316466,5505885,1053
695762381,5505885,1054
695706656,5505885,1055
694303785,5505885,1056
694280569,5505885,1057
693966353,5505885,1058
692849881,5505885,1059
692701818,5505885,1060
690926368,5505885,1061
688899815,5505885,1062
688297110,5505885,1063
688018993,5505885,1064
686242029,5505885,1065
685769907,5505885,1066
684932180,5505885,585
684267128,5505885,1067
683373489,5505885,1068
682945605,5505885,1069
674140281,5505885,1070
660257232,5505885,1071
644536674,5505885,1072
643674407,5505885,1073
636609671,5505885,1074
625273212,5505885,104
622781593,5505885,1075
618234168,5505885,1076
615940440,5505885,1077
611323142,5505885,615
610374297,5505885,262
602285285,5505885,273
596264413,5505885,1078
595727016,5505885,1079
594719994,5505885,119
591430959,5505885,120
590364938,5505885,1080
585288546,5505885,1081
578405663,5505885,970
554781397,5505885,448
536879456,5505885,1082
534270459,5505885,189
531989527,5505885,1083
513474238,5505885,1084
496819614,5505885,1085
493415366,5505885,1086
488916760,5505885,865
470980467,5505885,154
469104772,5505885,481
465724134,5505885,313
446097707,5505885,621
439393478,5505885,1087
437678112,5505885,1088
437305921,5505885,620
433095528,5505885,980
430568632,5505885,1089
418434963,5505885,874
411820879,5505885,469
410946675,5505885,1090
410550563,5505885,869
409164588,5505885,475
385155261,5505885,176
373117509,5505885,1091
372340116,5505885,1092
366939307,5505885,1093
358621541,5505885,181
339921949,5505885,484
337737173,5505885,186
331110018,5505885,1094
320252428,5505885,1095
318201663,5505885,1096
313252220,5505885,1097
312603634,5505885,1098
308801523,5505885,1099
303550211,5505885,344
298804270,5505885,985
291296432,5505885,1100
267598854,5505885,1101
252859913,5505885,52
1030468489,10005057,1102
954657516,10005057,1103
946905906,10005057,1104
928550397,10005057,1105
904551605,10005057,1106
892256683,10005057,1107
887777279,10005057,1108
834500778,10005057,1109
831512027,10005057,1110
827264697,10005057,997
787087397,10005057,1111
751624111,10005057,1112
751286302,10005057,1113
750965245,10005057,1114
750962338,10005057,1115
750652890,10005057,1116
750542740,10005057,654
750408087,10005057,662
750397507,10005057,1117
750165917,10005057,1118
750005012,10005057,1119
749996580,10005057,1120
749769530,10005057,1121
749646160,10005057,1122
749432019,10005057,998
749327487,10005057,694
748980980,10005057,1123
748174991,10005057,1124
748079410,10005057,1125
747852701,10005057,1126
747542525,10005057,1127
747370273,10005057,1128
746930203,10005057,1129
746317075,10005057,1130
746041469,10005057,1131
745929420,10005057,673
745845765,10005057,1132
745213897,10005057,676
744055432,10005057,1133
743763992,10005057,1134
743510426,10005057,1135
742087736,10005057,1136
741994333,10005057,1137
741401224,10005057,1004
741105917,10005057,1138
740916883,10005057,1139
740003251,10005057,493
739466738,10005057,1140
739031441,10005057,1141
738982537,10005057,1142
738345681,10005057,1143
738251095,10005057,1006
738051833,10005057,1144
737986674,10005057,1145
737879026,10005057,696
737473786,10005057,1146
737332581,10005057,1147
737225639,10005057,1148
736671210,10005057,1149
736506048,10005057,1150
736481721,10005057,1151
736479679,10005057,1152
736291392,10005057,1153
736278008,10005057,1008
734527742,10005057,1154
733458444,10005057,1155
733402526,10005057,711
733179865,10005057,1156
733147607,10005057,715
732023938,10005057,1157
731846789,10005057,1158
731607447,10005057,1159
730521259,10005057,1160
730399745,10005057,1161
730389043,10005057,1162
729970465,10005057,1163
729678267,10005057,1164
728716619,10005057,1165
728294430,10005057,1166
728195559,10005057,1167
728150556,10005057,1168
727901359,10005057,1169
727455784,10005057,1170
727432955,10005057,1171
727376063,10005057,731
727024211,10005057,1172
727014289,10005057,1173
726094714,10005057,736
725869273,10005057,1174
725794420,10005057,1175
725103050,10005057,1176
724162001,10005057,1177
723887796,10005057,1178
723017706,10005057,1179
722502807,10005057,1180
722405631,10005057,386
721772322,10005057,1181
721735773,10005057,1182
721635792,10005057,1183
720540789,10005057,769
720319449,10005057,1030
720286870,10005057,1184
720201960,10005057,1185
720106355,10005057,1186
719485374,10005057,1187
718501654,10005057,1188
718313601,10005057,759
718303683,10005057,754
716577082,10005057,1189
716076233,10005057,1190
715089846,10005057,1191
714970772,10005057,1192
714096639,10005057,1193
711861306,10005057,1194
711598269,10005057,1195
711352231,10005057,1196
710533982,10005057,1197
710111149,10005057,1198
710028232,10005057,397
709944564,10005057,1199
709367092,10005057,1200
709047797,10005057,1201
708318678,10005057,1202
707947349,10005057,422
707658839,10005057,1203
707522772,10005057,1040
707515249,10005057,1204
707394726,10005057,1205
705871373,10005057,1206
705854255,10005057,1043
705519530,10005057,1207
703837148,10005057,1208
702464565,10005057,576
702410108,10005057,1209
701105366,10005057,1210
700958604,10005057,1211
699504883,10005057,1212
698172267,10005057,1213
697933359,10005057,1214
697804722,10005057,1215
697772141,10005057,1216
697164297,10005057,1217
697104677,10005057,1218
696522154,10005057,1219
695365193,10005057,1220
694795876,10005057,1221
694300422,10005057,1056
693666235,10005057,1222
688419149,10005057,590
688118365,10005057,1223
687979009,10005057,1224
687631180,10005057,1225
687609972,10005057,1226
687385183,10005057,1227
687235191,10005057,1228
687041586,10005057,1229
686896761,10005057,1230
686655827,10005057,1231
684931539,10005057,585
684716781,10005057,1232
684615997,10005057,1233
684403508,10005057,1234
684327537,10005057,1235
684126848,10005057,1236
683962249,10005057,1237
682663975,10005057,1238
682120421,10005057,1239
682112112,10005057,1240
681568077,10005057,1241
681476714,10005057,1242
681453008,10005057,1243
681440607,10005057,1244
681295434,10005057,1245
681019413,10005057,1246
680403981,10005057,1247
680367370,10005057,1248
680172080,10005057,1249
680060978,10005057,1250
679722300,10005057,1251
679659342,10005057,1252
679642477,10005057,1253
679478359,10005057,1254
679099424,10005057,1255
679097402,10005057,1256
679039803,10005057,1257
678569717,10005057,1258
678410701,10005057,1259
677857918,10005057,1260
677507350,10005057,1261
676741816,10005057,1262
676255553,10005057,1263
676036641,10005057,1264
675811236,10005057,1265
675612498,10005057,1266
675469358,10005057,814
675411369,10005057,1267
674973155,10005057,1268
674513699,10005057,1269
674188373,10005057,802
673969545,10005057,1270
673242797,10005057,1271
672940491,10005057,1272
672764588,10005057,1273
672337596,10005057,1274
672216256,10005057,1275
672143407,10005057,1276
672071260,10005057,1277
671517716,10005057,829
671386490,10005057,1278
671327804,10005057,1279
671094128,10005057,1280
670835036,10005057,1281
670069717,10005057,1282
669819513,10005057,1283
669283084,10005057,838
668749285,10005057,1284
668739616,10005057,1285
668001671,10005057,1286
667499798,10005057,1287
667377368,10005057,1288
667360460,10005057,1289
667357848,10005057,531
667304763,10005057,1290
666952464,10005057,1291
666440002,10005057,850
666295927,10005057,1292
666278719,10005057,1293
666192004,10005057,1294
666111136,10005057,1295
665912376,10005057,1296
665869987,10005057,1297
665685904,10005057,1298
632150766,10005057,1299
585168321,10005057,1081
564469950,10005057,1300
562015890,10005057,133
554737813,10005057,1301
534269515,10005057,189
514552200,10005057,1302
481974203,10005057,181
469517214,10005057,306
465361503,10005057,1303
451362804,10005057,313
427474539,10005057,1304
424110612,10005057,1305
415945600,10005057,874
1013212695,2475475,1306
1003762387,2475475,1307
751287083,2475475,1113
750848501,2475475,1308
746028359,2475475,1309
745512337,2475475,1310
742170186,2475475,1311
732633752,2475475,1312
729369592,2475475,423
729368168,2475475,1313
728298762,2475475,1314
727691096,2475475,1166
726348092,2475475,736
725389284,2475475,1315
724942564,2475475,1316
724867220,2475475,1317
722812159,2475475,1318
720699502,2475475,1319
719307425,2475475,1320
719060060,2475475,1321
714695931,2475475,1322
713012980,2475475,1035
710412234,2475475,395
710029650,2475475,397
707946900,2475475,422
706282916,2475475,1323
705269048,2475475,1045
704228027,2475475,1324
702461807,2475475,577
702460386,2475475,576
697519785,2475475,1325
695339710,2475475,1326
694816746,2475475,1327
694100004,2475475,1328
690746655,2475475,1329
688975708,2475475,1330
688626173,2475475,1223
685258918,2475475,1331
684043504,2475475,1332
683966350,2475475,1333
681860225,2475475,1334
680191692,2475475,1335
679067657,2475475,1336
677131233,2475475,1337
669577994,2475475,1338
666259060,2475475,1339
613311117,2475475,1340
613027223,2475475,1341
610802066,2475475,1342
610348555,2475475,1343
605467506,2475475,1166
604491989,2475475,1344
603990335,2475475,1345
600177045,2475475,1346
569125770,2475475,1347
557272666,2475475,1348
545926477,2475475,1349
520701540,2475475,1350
506634934,2475475,1351
504606453,2475475,1352
484309576,2475475,1353
483423344,2475475,1354
482369719,2475475,1355
481976297,2475475,1356
448506311,2475475,181
248890483,2475475,1357
237060690,2475475,1358
1036029305,15292553,1359
1026685643,15292553,890
1023721641,15292553,1360
1017958774,15292553,1361
1012428330,15292553,1362
992293874,15292553,1363
749625002,15292553,1364
727739644,15292553,1365
675121526,15292553,1366
670325810,15292553,1367
1022015940,8290115,349
1011431213,8290115,1368
993782138,8290115,1369
966388036,8290115,352
959507601,8290115,218
950961110,8290115,1370
927589466,8290115,1371
913377617,8290115,1372
889870552,8290115,1373
860518745,8290115,1371
860333644,8290115,358
839206255,8290115,1374
838704061,8290115,1375
838649544,8290115,1376
838154847,8290115,1377
837415065,8290115,1378
837299510,8290115,1379
834492211,8290115,1380
832056847,8290115,1381
791434096,8290115,1382
757499494,8290115,236
751375608,8290115,1383
750810475,8290115,1308
750589363,8290115,999
750302484,8290115,489
749980148,8290115,1384
749082577,8290115,1385
746778575,8290115,1386
746651004,8290115,1387
746341803,8290115,673
746318849,8290115,1132
746031196,8290115,1388
745440560,8290115,675
743700596,8290115,1389
743609001,8290115,1390
743489485,8290115,1391
743251552,8290115,683
742329077,8290115,1004
739540180,8290115,1392
739424235,8290115,493
738344382,8290115,1143
738254875,8290115,1006
737315840,8290115,496
734417138,8290115,1393
734112961,8290115,1394
733950706,8290115,1395
731054707,8290115,1166
730579645,8290115,1396
730175029,8290115,1397
729802969,8290115,1016
729652415,8290115,1398
729264133,8290115,1399
725376737,8290115,1400
725120134,8290115,1020
724481643,8290115,740
724300654,8290115,1401
722958563,8290115,1402
722513505,8290115,1403
722194134,8290115,51
720165189,8290115,753
720068219,8290115,1404
719285466,8290115,1405
718764674,8290115,1406
718314666,8290115,759
715746552,8290115,1407
713844954,8290115,1408
713810458,8290115,1409
711598806,8290115,1195
708555406,8290115,1410
707949005,8290115,422
706769682,8290115,1411
705856215,8290115,1043
702471119,8290115,576
700922950,8290115,1412
698471121,8290115,1413
698164270,8290115,1213
697940866,8290115,1214
697097725,8290115,1218
696863455,8290115,1414
696692704,8290115,1415
696521701,8290115,1219
695705901,8290115,1055
694303602,8290115,1416
693179964,8290115,1417
691881960,8290115,1418
687986634,8290115,1419
685642791,8290115,1420
682347473,8290115,1244
682193732,8290115,1067
681813676,8290115,1421
675822951,8290115,1422
675392140,8290115,1423
673507360,8290115,1014
669124124,8290115,1424
668467718,8290115,1425
667818495,8290115,840
666165554,8290115,1426
655924619,8290115,1427
637916478,8290115,857
629972056,8290115,598
624895100,8290115,104
610390801,8290115,284
610374168,8290115,262
607230803,8290115,1428
602436135,8290115,1429
597493216,8290115,474
590631673,8290115,1430
589367731,8290115,1431
571160015,8290115,1432
556504452,8290115,1433
548547766,8290115,313
543178361,8290115,452
538470845,8290115,1434
536505091,8290115,1435
525879325,8290115,141
525753288,8290115,971
488917287,8290115,865
479413614,8290115,301
475407110,8290115,303
469255903,8290115,154
466415862,8290115,1436
464969568,8290115,1437
462826436,8290115,156
458401157,8290115,1438
456577663,8290115,617
449756608,8290115,1439
449482495,8290115,1440
448004971,8290115,1441
447365612,8290115,434
446572553,8290115,976
446497756,8290115,316
446291030,8290115,977
444116400,8290115,1442
437307892,8290115,620
434441631,8290115,1443
431254774,8290115,624
415529073,8290115,475
415213963,8290115,1444
412228371,8290115,170
410946174,8290115,1090
410004805,8290115,472
409903562,8290115,169
401171698,8290115,1445
395684964,8290115,1446
394560604,8290115,1447
386267675,8290115,628
386112155,8290115,1448
385154070,8290115,176
367979082,8290115,327
358326926,8290115,1449
347052495,8290115,185
339922672,8290115,484
310023895,8290115,199
305539772,8290115,1450
291296580,8290115,1100
1042665934,317896,1451
1037107470,317896,1452
1022016172,317896,349
942716183,317896,914
909251371,317896,549
893430330,317896,1453
889870305,317896,1373
889458074,317896,550
882107491,317896,1454
784635688,317896,1455
780574701,317896,232
776428339,317896,1456
750389837,317896,365
749832460,317896,1457
748476801,317896,1458
742764032,317896,51
734027896,317896,1459
730225357,317896,52
724741724,317896,568
721480175,317896,1460
713809814,317896,1409
711103485,317896,59
711101104,317896,393
711100620,317896,570
711097953,317896,1461
706489392,317896,1462
706189368,317896,1463
703651205,317896,1464
688380498,317896,1465
688133490,317896,779
675210016,317896,1466
671812804,317896,250
665243796,317896,85
662670077,317896,594
661767803,317896,1467
654700622,317896,1468
653610015,317896,90
653093834,317896,1469
649080915,317896,1470
648252562,317896,1471
644258836,317896,1472
642973491,317896,1473
637916581,317896,857
629971714,317896,598
622288650,317896,104
622052676,317896,1474
614820704,317896,1475
613319605,317896,266
608257002,317896,481
592607221,317896,443
574513693,317896,281
571913160,317896,1476
571213139,317896,1477
565570562,317896,1478
556589328,317896,447
555136287,317896,137
554765271,317896,1479
554193713,317896,967
551646841,317896,287
550623816,317896,1480
543177554,317896,452
541749206,317896,1481
538976660,317896,139
538250695,317896,611
534945418,317896,1482
530570807,317896,970
528968450,317896,1483
528926628,317896,612
525751816,317896,971
506668001,317896,1484
497469672,317896,476
488693712,317896,147
486405612,317896,1485
475156154,317896,307
470223028,317896,1486
467746081,317896,1487
465725749,317896,313
461074292,317896,1488
451409397,317896,968
450361107,317896,1489
446282146,317896,977
446075668,317896,1490
445610596,317896,619
441418959,317896,466
438621530,317896,872
437304549,317896,620
432154657,317896,1491
431490940,317896,1492
431373445,317896,624
427453654,317896,165
421018430,317896,463
417739123,317896,1493
412232094,317896,170
410009325,317896,472
403981077,317896,1494
403926595,317896,1090
398228412,317896,982
386270119,317896,628
385154793,317896,176
382186250,317896,1495
379936422,317896,477
355896748,317896,1496
355474464,317896,1449
354914970,317896,181
337415777,317896,1497
331105190,317896,1498
323423375,317896,190
322223630,317896,484
321480984,317896,191
321084114,317896,339
316485321,317896,881
314601725,317896,198
313906904,317896,197
312550886,317896,199
308804239,317896,1499
308376797,317896,1500
305432876,317896,248
264576393,317896,197
955436983,454974,1501
889759677,454974,550
863012748,454974,1502
848852870,454974,1503
828732512,454974,1504
822166065,454974,1505
790138135,454974,1506
749455772,454974,1507
749239258,454974,1508
749083098,454974,1385
747967307,454974,1509
746446457,454974,1510
746206903,454974,1386
745578534,454974,1511
744679784,454974,677
744504946,454974,1512
744278921,454974,678
743741559,454974,1513
743674525,454974,1514
740837638,454974,1515
740471182,454974,1516
730216836,454974,52
726079780,454974,51
713810026,454974,1409
699897249,454974,1083
691260851,454974,647
688308559,454974,1517
687633381,454974,1225
687039410,454974,1229
686809461,454974,1518
685735153,454974,785
684931370,454974,585
684920725,454974,1519
684652651,454974,791
684239703,454974,1520
684149091,454974,1068
683117502,454974,795
682060238,454974,74
681677527,454974,1521
681218896,454974,1522
681003715,454974,800
680920845,454974,1523
680456475,454974,1247
680076888,454974,1524
679457980,454974,1525
679100246,454974,1256
678405993,454974,1526
678197073,454974,1527
677968067,454974,1528
677003076,454974,1529
676702260,454974,807
675598707,454974,1530
675572208,454974,529
675185306,454974,1531
674891663,454974,1532
673956816,454974,1533
673018215,454974,1534
672420722,454974,1535
672061907,454974,1275
671813876,454974,250
671740345,454974,1014
671224426,454974,1536
671201060,454974,1537
671066600,454974,1538
670854552,454974,830
669668328,454974,1539
669322994,454974,1540
669310339,454974,1541
669162941,454974,600
668519670,454974,1542
668450288,454974,1543
668279221,454974,1544
668071157,454974,1545
667988288,454974,1546
667662664,454974,1547
666860126,454974,1548
666412694,454974,850
666301601,454974,851
639025131,454974,1549
622053681,454974,1474
613319881,454974,266
610690813,454974,440
610685745,454974,537
596180696,454974,276
592810586,454974,1550
591429884,454974,120
562014896,454974,133
557640015,454974,966
540106890,454974,1551
526656463,454974,971
471046173,454974,305
469768511,454974,1552
469506373,454974,1553
462852936,454974,156
451362429,454974,313
441829589,454974,317
439205207,454974,163
430563044,454974,1089
427447156,454974,165
409165649,454974,475
401173166,454974,1445
399095044,454974,171
394512839,454974,1554
379263776,454974,630
377037800,454974,478
360532404,454974,329
356578801,454974,1555
356434929,454974,181
313920102,454974,197
256647603,454974,1556
746900824,1489190,1557
744669798,1489190,1558
744313273,1489190,1559
743911301,1489190,1560
743124143,1489190,1561
741882885,1489190,1562
741017367,1489190,1563
737420969,1489190,1564
734387434,1489190,1565
727622070,1489190,1566
723223589,1489190,1567
719377232,1489190,1568
705072725,1489190,1569
703840356,1489190,1208
703039197,1489190,574
702165903,1489190,1570
697164997,1489190,1214
694304969,1489190,1056
688542771,1489190,1571
688160749,1489190,1572
675701120,1489190,1573
671311256,1489190,1574
670582995,1489190,1283
669809673,1489190,835
667360085,1489190,1288
666511097,1489190,1575
665636493,1489190,1576
612445187,1489190,1577
611732636,1489190,1578
608287793,1489190,1579
604817323,1489190,1580
599418720,1489190,1581
598693347,1489190,1582
595289977,1489190,1583
594229511,1489190,1584
1010236876,317893,1585
996939901,317893,1586
996077068,317893,1587
995787966,317893,1588
829685327,317893,1589
786509895,317893,1590
751785561,317893,488
751656755,317893,1591
751129942,317893,1592
750586964,317893,999
750377032,317893,1593
747256707,317893,1594
746753135,317893,1595
746484281,317893,1001
746341991,317893,673
745499013,317893,1596
745310205,317893,1597
744549334,317893,1598
743987403,317893,1599
742896743,317893,1600
742329188,317893,1004
741565410,317893,1601
740817637,317893,1560
740543617,317893,1602
739848471,317893,697
739626113,317893,1603
737257098,317893,1604
733965975,317893,708
733629307,317893,1605
732694685,317893,718
732670128,317893,717
731982307,317893,1143
731812916,317893,1606
731277382,317893,1607
730869607,317893,54
730485276,317893,1608
729254073,317893,1399
728802102,317893,1609
728255757,317893,1610
728092405,317893,1611
726096529,317893,736
726004354,317893,1612
725712934,317893,1613
724998080,317893,1020
724908823,317893,1614
724182127,317893,1615
724160950,317893,1177
722779009,317893,1402
720946404,317893,1616
720698804,317893,1617
716164483,317893,1618
713810291,317893,1409
713701108,317893,1619
712286135,317893,1620
708053451,317893,1621
706867843,317893,1622
702630483,317893,576
696317157,317893,1623
696306739,317893,1624
695702707,317893,1055
695532218,317893,1221
694300742,317893,1056
688310911,317893,1517
686269778,317893,1625
685122551,317893,1626
684931745,317893,585
684653386,317893,791
684150207,317893,1068
683326177,317893,795
683271526,317893,1627
682910491,317893,1628
682599380,317893,1629
681781895,317893,1630
681219437,317893,1522
681211713,317893,1244
680762472,317893,1246
679635501,317893,1253
679100848,317893,1256
677964025,317893,1631
677617036,317893,1632
677508680,317893,1261
677367789,317893,1633
676717499,317893,1634
675467388,317893,814
675386143,317893,813
673019610,317893,1534
672337214,317893,1274
671782981,317893,1635
670855336,317893,830
670689180,317893,1636
669324551,317893,1540
669229827,317893,1637
666647711,317893,1638
622054834,317893,1474
610712637,317893,440
602284731,317893,273
601755278,317893,964
563250648,317893,609
557640257,317893,966
528929039,317893,612
527584795,317893,1639
519191964,317893,181
510890126,317893,1640
490021286,317893,151
488919015,317893,865
468701136,317893,308
463746366,317893,313
462853224,317893,156
452626815,317893,1641
436962244,317893,1642
436529547,317893,1083
436489412,317893,468
431250372,317893,624
409141926,317893,322
401173613,317893,1445
401087833,317893,174
399096701,317893,171
388753177,317893,52
385153528,317893,176
377036641,317893,478
338060434,317893,879
316484943,317893,881
308809118,317893,882
1025105458,4552853,1643
979187030,4552853,1644
823651465,4552853,1645
823552994,4552853,1646
820118207,4552853,571
751430741,4552853,1647
747951396,4552853,1648
747868377,4552853,1649
746881062,4552853,1650
746342636,4552853,673
743118960,4552853,1561
738191195,4552853,1651
737771257,4552853,1652
729919653,4552853,1653
728515611,4552853,1459
725751217,4552853,1654
719856135,4552853,51
717570014,4552853,1655
717198408,4552853,1656
713794924,4552853,1657
710863964,4552853,1658
709753008,4552853,1659
707945422,4552853,422
701473961,4552853,1660
682646471,4552853,1334
675893622,4552853,811
672734337,4552853,1534
668752365,4552853,1284
668622485,4552853,1661
667327887,4552853,842
667143558,4552853,848
613695622,4552853,1340
613327296,4552853,1662
612430071,4552853,1663
608277947,4552853,1664
596888366,4552853,1665
594715976,4552853,1666
592556076,4552853,1667
592043343,4552853,1668
590613522,4552853,1669
589074827,4552853,1670
436530900,4552853,1083
1010562493,1929610,1671
1003890004,1929610,1672
946390691,1929610,1673
915408612,1929610,548
781278793,1929610,1674
777144187,1929610,1675
751058581,1929610,1676
750587282,1929610,999
749250198,1929610,1677
746657049,1929610,671
746381846,1929610,1678
744261808,1929610,1679
733713455,1929610,1680
732610969,1929610,1681
732120604,1929610,1682
720992689,1929610,1683
718031666,1929610,1684
716903462,1929610,1685
714889312,1929610,1686
710814284,1929610,1687
710726579,1929610,1688
709857312,1929610,1689
703570658,1929610,1690
696684726,1929610,1415
694815079,1929610,1691
691907867,1929610,1692
690830991,1929610,1693
687941587,1929610,1694
686198143,1929610,1695
685232318,1929610,1696
684931198,1929610,585
682836529,1929610,1697
676271993,1929610,1698
671092234,1929610,1699
669810642,1929610,835
613761792,1929610,1700
613740834,1929610,1701
611841559,1929610,1702
609726493,1929610,268
576632036,1929610,1703
571592709,1929610,1704
562015426,1929610,133
528488237,1929610,1705
457862422,1929610,181
428745100,1929610,1706
427456518,1929610,165
415950768,1929610,1703
328523840,1929610,1707
221946300,1929610,208
1068177143,10836601,211
1017408262,10836601,1708
993968862,10836601,350
909301886,10836601,550
888513908,10836601,1709
861451234,10836601,555
858533974,10836601,1710
837276278,10836601,1711
829971610,10836601,1712
829216270,10836601,1713
780066430,10836601,232
770816732,10836601,1714
750588810,10836601,999
750302241,10836601,489
749769327,10836601,1121
747776353,10836601,1715
747490708,10836601,666
743524532,10836601,682
743009861,10836601,1716
742516932,10836601,1717
742328095,10836601,1004
742306670,10836601,1390
742065186,10836601,1718
741679728,10836601,1719
740865531,10836601,1720
740556473,10836601,1721
739625457,10836601,1722
738345872,10836601,1143
738253921,10836601,1006
737309093,10836601,496
734623782,10836601,1723
732719192,10836601,500
732056828,10836601,1724
730391402,10836601,1725
730198288,10836601,1726
730085366,10836601,1727
729544764,10836601,1728
729183984,10836601,1399
728255476,10836601,1610
728128828,10836601,1729
727889106,10836601,1730
727831390,10836601,1731
727396274,10836601,1732
727377964,10836601,731
726762364,10836601,1166
726094158,10836601,736
723449890,10836601,1733
722326155,10836601,1734
721350012,10836601,1735
720874788,10836601,1736
720698617,10836601,1617
720322041,10836601,752
719522555,10836601,1737
718762931,10836601,1406
717568932,10836601,1738
716168263,10836601,1618
715082569,10836601,1739
714929942,10836601,1740
714086131,10836601,1741
713810161,10836601,1409
712977523,10836601,1742
711935569,10836601,1036
709794209,10836601,1743
708828167,10836601,1744
706182948,10836601,77
705834095,10836601,1745
705742902,10836601,1746
705546976,10836601,1747
704136960,10836601,1748
702709770,10836601,1749
701461186,10836601,1750
700591053,10836601,1751
700119886,10836601,1752
699968741,10836601,1753
696689596,10836601,1415
696314398,10836601,1754
696285829,10836601,1755
694265995,10836601,1057
691674266,10836601,1756
691084432,10836601,589
690237148,10836601,69
689211890,10836601,1757
687985526,10836601,1419
685606350,10836601,787
682716418,10836601,1758
681872231,10836601,1334
681536887,10836601,1759
679634793,10836601,1253
677256211,10836601,1760
672955105,10836601,1761
671327610,10836601,1279
670854725,10836601,830
670041240,10836601,1282
669323861,10836601,1540
668204192,10836601,1762
666535398,10836601,1763
666477951,10836601,1764
666329612,10836601,1765
665863723,10836601,1766
644262825,10836601,1767
624894687,10836601,104
622623805,10836601,612
614009891,10836601,1768
613651882,10836601,1769
613298324,10836601,1770
610376682,10836601,262
602284999,10836601,273
595112357,10836601,119
586279798,10836601,1771
566057921,10836601,446
564478761,10836601,608
523928583,10836601,1772
448434815,10836601,181
963763339,455387,1773
880418252,455387,551
750261152,455387,1774
746247033,455387,1132
745839387,455387,1775
745341872,455387,1776
742174211,455387,1777
741560247,455387,1778
739413869,455387,1779
738254413,455387,1006
738062936,455387,1780
736555888,455387,1781
734413153,455387,1651
733331224,455387,1782
732021944,455387,1783
731834148,455387,1784
731712696,455387,1785
729881691,455387,1786
728837723,455387,1787
728128941,455387,928
726460554,455387,1788
722779455,455387,1402
720367360,455387,1789
720071879,455387,1404
716245816,455387,1790
709024649,455387,1791
705914206,455387,1792
700088387,455387,1793
696700636,455387,1415
695538355,455387,1794
691290927,455387,1795
687104924,455387,1796
684654114,455387,791
684180738,455387,1797
679716391,455387,1798
678695559,455387,1799
675414451,455387,1800
672346308,455387,1801
671305751,455387,1802
667808991,455387,1803
665985403,455387,1804
613718117,455387,1805
613652510,455387,1769
610701504,455387,1806
610677196,455387,1807
610432914,455387,284
606934920,455387,1808
606604780,455387,1809
605872627,455387,1810
529738469,455387,1811
397060882,455387,626
387551225,455387,1812
1067603037,454975,1813
750188462,454975,1814
747664164,454975,1815
745311323,454975,1597
743988324,454975,1599
742993324,454975,1816
740865787,454975,1720
739028914,454975,1817
739023513,454975,1818
733762507,454975,1819
732057382,454975,1724
731683526,454975,1820
727255944,454975,1821
724766676,454975,1822
716164792,454975,1618
715812562,454975,1823
710843564,454975,1038
708538109,454975,1824
708284701,454975,1825
705822503,454975,1043
705515201,454975,1826
705084501,454975,1827
704196134,454975,576
697712364,454975,1828
694303600,454975,1056
687973222,454975,1829
687386108,454975,1227
685642733,454975,1830
683183356,454975,1831
671672776,454975,1832
670855633,454975,830
669832770,454975,1833
669670168,454975,1539
668470384,454975,1284
667304588,454975,842
666238996,454975,1834
655727479,454975,1835
603454866,454975,1836
598315925,454975,1837
594263813,454975,1838
593530437,454975,1839
591421714,454975,1840
591093878,454975,1841
590163069,454975,1842
458478656,454975,1843
409299896,454975,473
389591231,454975,176
360675437,454975,181
360534902,454975,329
265237702,454975,330
1011478602,1830324,1844
946377073,1830324,1845
931378628,1830324,1846
883852983,1830324,34
837312068,1830324,361
779533389,1830324,232
778429706,1830324,234
751291795,1830324,1647
746481519,1830324,1001
746343121,1830324,673
742328831,1830324,1004
736522460,1830324,1847
733654078,1830324,713
732748752,1830324,500
732686725,1830324,718
726582468,1830324,736
725869680,1830324,1174
725760607,1830324,1848
725196776,1830324,1020
720741737,1830324,1849
720164355,1830324,1850
719810115,1830324,1851
716593355,1830324,1852
713340989,1830324,1853
712814975,1830324,647
710871392,1830324,1658
709752302,1830324,1659
707947975,1830324,422
705571093,1830324,1854
703449404,1830324,1054
702465963,1830324,576
697430406,1830324,1855
696304844,1830324,1624
688046352,1830324,1856
686768215,1830324,1857
686700560,1830324,795
684405171,1830324,1858
683170865,1830324,1859
681147777,1830324,1244
679637208,1830324,1253
679099774,1830324,1256
677284677,1830324,1633
676172581,1830324,1860
675474396,1830324,812
674400575,1830324,1861
674101432,1830324,1862
671519850,1830324,829
670373932,1830324,1863
670298476,1830324,1864
669578520,1830324,1338
603321704,1830324,1664
598751183,1830324,1865
594716655,1830324,1666
593386262,1830324,1866
592661749,1830324,1867
589421823,1830324,1868
586403083,1830324,1869
581741197,1830324,1870
578306617,1830324,1871
436528511,1830324,1083
430514715,1830324,181
420474687,1830324,469
339925039,1830324,484
998612870,2389145,1872
988836067,2389145,1873
835155918,2389145,1874
753160864,2389145,1875
750595459,2389145,999
742182692,2389145,1876
739276445,2389145,1877
739028778,2389145,1817
737674973,2389145,1878
732771266,2389145,1879
731124211,2389145,1880
728134520,2389145,1881
716307343,2389145,1882
710362493,2389145,397
707950188,2389145,1883
705897518,2389145,1884
697941876,2389145,1214
695079525,2389145,1885
672689001,2389145,1886
671969766,2389145,250
641376205,2389145,1887
627625351,2389145,961
611734620,2389145,1578
566585569,2389145,286
551905093,2389145,137
522780258,2389145,1888
489731374,2389145,865
467964479,2389145,1889
456313753,2389145,1890
431064860,2389145,1891
429932713,2389145,181
429049074,2389145,1892
418438407,2389145,874
387071143,2389145,175
378102381,2389145,1893
358035614,2389145,1894
340118143,2389145,484
339279445,2389145,1895
337739222,2389145,186
320796967,2389145,340
318171735,2389145,1896
315328153,2389145,1897
310928397,2389145,1898
308804405,2389145,1499
277230828,2389145,330
272083248,2389145,1899
882242650,2273335,357
751283229,2273335,1383
751117588,2273335,1900
750588503,2273335,999
746636837,2273335,1901
746439990,2273335,1902
746087506,2273335,1903
746039388,2273335,1904
744995350,2273335,1905
744423468,2273335,1906
743990537,2273335,1599
743490951,2273335,1391
740348286,2273335,1907
739355910,2273335,1908
736881415,2273335,1909
736293264,2273335,1910
734266225,2273335,1911
734080381,2273335,1912
733950494,2273335,1395
731530353,2273335,1607
730085188,2273335,1727
728992820,2273335,1399
726135877,2273335,946
722958233,2273335,1402
722645106,2273335,1913
722531419,2273335,380
712190792,2273335,1620
711923611,2273335,1036
708288834,2273335,1825
701750226,2273335,1914
696687459,2273335,1415
696314252,2273335,61
695394513,2273335,1915
694299923,2273335,1056
691396094,2273335,585
687071075,2273335,1229
685122283,2273335,1626
684652958,2273335,791
680767797,2273335,1334
680654657,2273335,1916
680077260,2273335,1524
676407109,2273335,1917
676082541,2273335,1918
672859208,2273335,828
671673732,2273335,1832
670364237,2273335,1919
669122641,2273335,1424
666417279,2273335,850
665642865,2273335,1920
664387363,2273335,1921
612352450,2273335,1922
610184135,2273335,1923
609041158,2273335,1924
601787709,2273335,1925
545624900,2273335,481
540202395,2273335,1551
534053134,2273335,181
533602960,2273335,1926
482280283,2273335,156
470445456,2273335,1431
446944223,2273335,976
436490996,2273335,1927
426048037,2273335,983
418668148,2273335,1928
397268750,2273335,1445
385154437,2273335,176
321129677,2273335,636
293217454,2273335,985
290598537,2273335,1929
1024269322,26805055,1930
955291522,311094,1931
882242502,311094,357
751461563,311094,1383
750869404,311094,652
750700971,311094,1308
749872602,311094,1932
747908521,311094,1933
743042346,311094,1934
742942708,311094,1935
740441208,311094,1936
738299694,311094,1937
736280141,311094,1909
729547234,311094,1938
728545799,311094,1939
722968562,311094,1402
710409128,311094,395
707037203,311094,1940
706384917,311094,1941
702859912,311094,1942
702205333,311094,1943
700974408,311094,1944
697942276,311094,1214
694852480,311094,1221
687073776,311094,1229
684932057,311094,585
683539096,311094,1945
683372672,311094,1068
682096700,311094,1240
681372585,311094,1759
681213251,311094,1522
679061499,311094,1946
677512988,311094,1633
677130098,311094,1337
677101159,311094,1947
676038478,311094,810
675385219,311094,1948
672765113,311094,1949
671825059,311094,250
671229045,311094,1950
668646968,311094,1951
665689641,311094,1952
645253110,311094,1953
613083019,311094,1954
610324622,311094,1955
607850600,311094,181
607800170,311094,1956
607534757,311094,1957
607509781,311094,1958
586183859,311094,1959
524334456,311094,481
523320478,311094,141
469517851,311094,306
447364709,311094,1960
438622716,311094,872
409306415,311094,473
321130582,311094,636
1046246035,2273343,1961
832057061,2273343,1381
831213932,2273343,1962
741860387,2273343,1004
733587729,2273343,711
731694564,2273343,1963
731465243,2273343,1964
710348756,2273343,1965
709692241,2273343,402
695707004,2273343,1055
694301944,2273343,1056
694287063,2273343,1057
687192418,2273343,1966
679095695,2273343,1256
677862022,2273343,1260
669746391,2273343,1967
666331144,2273343,1765
652461854,2273343,89
613358781,2273343,1968
610377624,2273343,262
606534115,2273343,1969
605535371,2273343,1970
604496004,2273343,1971
600981028,2273343,1972
600587562,2273343,1973
597905151,2273343,1974
594705905,2273343,119
469006990,2273343,153
446690803,2273343,315
424331298,2273343,481
414468854,2273343,1485
409295519,2273343,473
397269679,2273343,1445
358614741,2273343,181
326261554,2273343,338
294100082,2273343,1975
287026680,2273343,1976
263072273,2273343,197
262566830,2273343,886
228593596,2273343,1977
226850358,2273343,1978
1067622115,11622038,1979
955584380,11622038,1980
931378458,11622038,1846
837323275,11622038,1981
753109872,11622038,1982
743869474,11622038,51
739692193,11622038,1983
726347539,11622038,736
722813361,11622038,1318
720699847,11622038,1617
711599066,11622038,1195
711134719,11622038,1410
702637471,11622038,576
686248927,11622038,1625
683667208,11622038,1984
683164888,11622038,1859
675890927,11622038,811
675474779,11622038,812
673047312,11622038,1985
670380255,11622038,1863
667331157,11622038,842
618574815,11622038,469
598729547,11622038,1865
597230622,11622038,1986
595640877,11622038,1987
594522328,11622038,1988
580167705,11622038,1989
577055598,11622038,1990
571795883,11622038,1991
571640721,11622038,1992
566965947,11622038,1993
558208281,11622038,1994
493427424,11622038,1995
482079371,11622038,1996
481113697,11622038,481
448733822,11622038,181
433833568,11622038,1997
431814379,11622038,469
425745332,11622038,1998
1022016401,2414430,349
853978160,2414430,1999
834371499,2414430,2000
778429408,2414430,234
756841929,2414430,2001
746038795,2414430,237
742692338,2414430,2002
742342877,2414430,51
741355601,2414430,2003
741082963,2414430,2004
740153706,2414430,2005
739657920,2414430,2006
739028560,2414430,1817
731820209,2414430,2007
731700483,2414430,1963
730927142,2414430,239
728128388,2414430,928
726252278,2414430,737
720059504,2414430,2008
715673395,2414430,2009
710754771,2414430,2010
705853704,2414430,1043
696688672,2414430,1415
694292492,2414430,1057
687013306,2414430,2011
683054372,2414430,73
669173922,2414430,2012
667780123,2414430,2013
630944747,2414430,284
613949006,2414430,1475
613343859,2414430,2014
609929536,2414430,2015
604489765,2414430,2016
602552988,2414430,2017
601993120,2414430,2018
598087820,2414430,2019
567675104,2414430,606
488914956,2414430,865
451363222,2414430,313
446098306,2414430,621
429528792,2414430,2020
418424118,2414430,874
415715561,2414430,472
363225742,2414430,2021
359613517,2414430,181
321128907,2414430,636
313918901,2414430,197
308393036,2414430,201
293215961,2414430,985
288347441,2414430,2022
245218894,2414430,2023
244072275,2414430,2024
987510635,25169046,2025
1068798662,33677575,2026
1068029420,33677575,2027
1068026137,33677575,2028
1068025532,33677575,2029
1068013414,33677575,2030
1067882165,33677575,2031
1067757057,33677575,2032
1067756960,33677575,2033
1067332658,33677575,2034
1045592057,33677575,2035
1045479992,33677575,2036
1045479618,33677575,2037
1045449806,33677575,2038
1045441699,33677575,2039
1045441304,33677575,2040
1045353178,33677575,2041
1045330015,33677575,2042
1045238602,33677575,2043
1042871620,33677575,2044
1042578529,33677575,2045
1042540769,33677575,2046
1042419995,33677575,2047
1042419755,33677575,2048
1042417559,33677575,2049
1042416782,33677575,2050
1042306255,33677575,2051
1042225985,33677575,2052
1042224526,33677575,2053
1042112528,33677575,2054
1042112503,33677575,2055
1041736716,33677575,2056
1041653813,33677575,2057
1041518749,33677575,2058
1041514773,33677575,2059
1041499080,33677575,2060
1039790083,33677575,2061
1039211821,33677575,2062
1039048165,33677575,2063
1038038851,33677575,2064
1038038776,33677575,2065
1038030871,33677575,2066
1037946814,33677575,2067
1037901977,33677575,2068
1037438021,33677575,2069
1037434425,33677575,2070
1037380965,33677575,2071
1035870912,33677575,2072
1031204793,33677575,2073
1042079461,18314088,2074
1028889603,18314088,2075
1006916276,18314088,2076
999533345,18314088,2077
974653287,18314088,2078
963584160,18314088,2079
919148641,18314088,2080
898541852,18314088,2081
869164451,18314088,2082
834619673,18314088,2083
761625473,18314088,918
750213182,18314088,655
747286331,18314088,2084
746196239,18314088,2085
745832104,18314088,2086
743148936,18314088,2087
734292603,18314088,2088
734036920,18314088,2089
724056978,18314088,1183
723711820,18314088,2090
720559947,18314088,2091
714109086,18314088,2092
712668016,18314088,2093
707409502,18314088,2094
704194037,18314088,2095
701813470,18314088,2096
701741776,18314088,2097
1030469479,635380,2098
837537434,635380,2099
751787479,635380,2100
750001239,635380,1000
743663518,635380,2101
743656979,635380,1391
740649829,635380,2102
738969221,635380,1900
736825034,635380,2103
720588382,635380,2104
716610565,635380,2105
702459558,635380,577
702443390,635380,2106
699138221,635380,2107
696284794,635380,1755
695631212,635380,2108
692059996,635380,582
686285334,635380,2109
686228475,635380,2110
685769580,635380,2111
675800661,635380,2112
671361049,635380,2113
666858567,635380,2114
613748789,635380,2115
601647965,635380,2116
409326466,635380,473
362963793,635380,181
1061752703,33076194,2117
1027643071,33076194,2118
1020850630,33076194,2119
1014375317,33076194,2120
1014317797,33076194,2121
1067602322,7907864,211
824831302,7907864,1303
750587656,7907864,999
749429541,7907864,998
746636705,7907864,1901
734366868,7907864,2122
710876207,7907864,2123
705783909,7907864,2124
701129333,7907864,2125
696685641,7907864,1415
684872839,7907864,2126
672864380,7907864,828
602821925,7907864,2018
596900617,7907864,2127
596890972,7907864,2128
582187720,7907864,2129
576467187,7907864,2130
554836191,7907864,2131
550205004,7907864,2132
547630370,7907864,2133
545625593,7907864,481
469515185,7907864,306
409350980,7907864,473
1067603734,1178970,211
1060652985,1178970,2134
1026508415,1178970,2135
1011067980,1178970,2136
968066377,1178970,2137
960260602,1178970,2138
958950326,1178970,2139
953263933,1178970,2140
951981505,1178970,2141
941911700,1178970,2142
914523019,1178970,2143
901924949,1178970,2144
897720296,1178970,2145
892393516,1178970,2146
892312189,1178970,2147
889193159,1178970,2148
881628320,1178970,2149
878332297,1178970,2150
876468362,1178970,2151
876010974,1178970,2152
860333856,1178970,358
857935049,1178970,2153
852066178,1178970,2154
851669397,1178970,2155
851002895,1178970,2156
848468558,1178970,2157
839915370,1178970,2158
834614872,1178970,2159
826964092,1178970,2160
744545656,1178970,2161
741469351,1178970,2162
741468920,1178970,2163
731390907,1178970,2164
720217818,1178970,2165
718259406,1178970,2166
703136062,1178970,2167
697676921,1178970,2168
694301839,1178970,1056
692347950,1178970,2169
679906561,1178970,2170
612747067,1178970,1475
584139988,1178970,2171
570961777,1178970,2172
567460898,1178970,284
552250100,1178970,2173
545515342,1178970,451
520416301,1178970,2174
516872991,1178970,864
478162881,1178970,2175
449757395,1178970,1439
431370045,1178970,169
430563894,1178970,1089
418844983,1178970,472
375285302,1178970,2176
366215267,1178970,481
355897251,1178970,1496
340821838,1178970,1497
339923501,1178970,484
337737819,1178970,186
308801788,1178970,1099
297735545,1178970,2177
277156918,1178970,885
271115958,1178970,2178
266007642,1178970,1899
245105390,1178970,2179
240331766,1178970,2180
1030470258,454972,2181
966955193,454972,546
858534726,454972,1710
843834366,454972,37
837282898,454972,2182
837282845,454972,2183
749877802,454972,489
742055552,454972,2184
740363466,454972,2185
726098767,454972,2186
714135589,454972,2187
691799716,454972,2188
673145518,454972,2189
671402413,454972,1536
665639942,454972,1920
597535430,454972,2190
597342144,454972,1867
592610778,454972,2191
584499984,454972,2192
583387049,454972,2193
582429804,454972,2194
581560254,454972,2195
511282522,454972,181
490782169,454972,1083
451411391,454972,968
409313885,454972,473
389591459,454972,176
332787686,454972,2196
1062573527,10085046,2197
1026168169,10085046,2198
889456719,10085046,550
858672366,10085046,2199
786509937,10085046,1590
783644293,10085046,2200
750589635,10085046,999
750450942,10085046,2201
747491116,10085046,666
745349262,10085046,2202
745104253,10085046,2203
744204025,10085046,2204
742066320,10085046,1718
733402862,10085046,711
733154094,10085046,2205
732951827,10085046,2206
731134637,10085046,2207
731056064,10085046,1166
729196447,10085046,2208
724910065,10085046,1614
722960297,10085046,1402
720041982,10085046,2209
714355554,10085046,1032
710870037,10085046,2210
708981144,10085046,2211
708628847,10085046,2212
705834758,10085046,1745
704289827,10085046,2213
703729554,10085046,2214
702355107,10085046,1049
699892468,10085046,2215
698799169,10085046,2216
696694845,10085046,1415
692241786,10085046,429
690521009,10085046,2217
688536964,10085046,2218
687043436,10085046,1229
685639475,10085046,2219
684872905,10085046,2126
674021817,10085046,2220
671327936,10085046,1279
671166767,10085046,2221
667897776,10085046,2222
614021453,10085046,2223
607870290,10085046,2224
606552751,10085046,2225
597010290,10085046,181
569126134,10085046,1347
567286056,10085046,285
534271846,10085046,189
515876041,10085046,1083
507336629,10085046,2226
466416121,10085046,1436
750404463,8090785,2227
725191469,8090785,1020
721233837,8090785,1321
720318759,8090785,1030
707455347,8090785,2228
705699065,8090785,577
704428588,8090785,575
701310317,8090785,2229
697684985,8090785,2230
695349861,8090785,2231
690751084,8090785,647
689252631,8090785,2232
683075738,8090785,2233
681456028,8090785,1243
666922531,8090785,2114
612849171,8090785,2234
611725000,8090785,2235
609465057,8090785,2236
608015596,8090785,2237
594743222,8090785,2238
591349839,8090785,2129
588199317,8090785,2239
587059364,8090785,2240
431504405,8090785,320
409359516,8090785,473
992566885,1784754,350
747855830,1784754,2241
746645599,1784754,1387
746637255,1784754,1901
745217500,1784754,676
740437657,1784754,1936
722961306,1784754,1402
721350714,1784754,1735
720201763,1784754,2242
719287876,1784754,1405
718765857,1784754,1406
705835664,1784754,1745
702468736,1784754,576
696696968,1784754,1415
695040730,1784754,104
691798290,1784754,2188
681212993,1784754,1244
677858809,1784754,1260
676532385,1784754,1917
673567442,1784754,1014
671628666,1784754,1637
670088053,1784754,2243
666868915,1784754,1548
666478188,1784754,1764
614254666,1784754,2244
612555162,1784754,2245
611343442,1784754,2246
608253304,1784754,2247
600905848,1784754,2248
588724854,1784754,2249
588200811,1784754,2250
583822677,1784754,2251
500607652,1784754,313
409292204,1784754,473
385155689,1784754,176
367089841,1784754,1449
356248173,1784754,181
326484900,1784754,985
308801668,1784754,1099
290603421,1784754,1929
207962438,1784754,2252
736472453,8851175,2253
709589537,8851175,2254
683971288,8851175,1333
677521389,8851175,2255
670796384,8851175,821
611574898,8851175,2256
602240503,8851175,2257
602240297,8851175,2018
587841931,8851175,2258
564315486,8851175,2259
556263053,8851175,2260
547203828,8851175,2261
544536823,8851175,2262
542747785,8851175,2263
324021315,8851175,2264
1067960388,6403614,2265
970084934,6403614,2266
970084705,6403614,2267
969638769,6403614,2268
969255476,6403614,2269
891964890,6403614,2270
863001966,6403614,2271
837780855,6403614,360
737041303,6403614,2272
718371924,6403614,2273
708821154,6403614,1410
583588083,6403614,2274
571670886,6403614,2275
571389600,6403614,2276
570040813,6403614,2277
567145586,6403614,2278
562825479,6403614,2279
522122348,6403614,2280
487226145,6403614,2281
469114094,6403614,2282
444462458,6403614,2283
430048688,6403614,181
368074510,6403614,481
358114680,6403614,2284
339925826,6403614,484
888342650,1910195,2285
847688963,1910195,2286
751657473,1910195,1591
750588993,1910195,999
750395542,1910195,1117
746342815,1910195,673
745217764,1910195,676
743249340,1910195,683
742329132,1910195,1004
739028611,1910195,1817
738253531,1910195,1006
738190210,1910195,1651
737313218,1910195,496
733380048,1910195,711
732693809,1910195,718
731974528,1910195,1312
731054380,1910195,1166
730866454,1910195,2287
729302407,1910195,1399
728455158,1910195,2288
725176189,1910195,1020
724161243,1910195,1177
723121498,1910195,2289
721448792,1910195,2290
721351300,1910195,1735
720894406,1910195,2291
713843957,1910195,1408
710845868,1910195,1038
706894258,1910195,2292
705547328,1910195,1747
702631235,1910195,576
696693473,1910195,1415
695534482,1910195,1221
687042681,1910195,1229
686321276,1910195,2293
685122754,1910195,1626
681213731,1910195,1244
681108927,1910195,2294
680763872,1910195,1246
679636820,1910195,1253
675468069,1910195,814
674912975,1910195,2295
671222298,1910195,1536
671049176,1910195,1282
670034657,1910195,2296
668792647,1910195,2297
611760489,1910195,2298
605369904,1910195,2299
600896789,1910195,2300
599037020,1910195,2301
598612126,1910195,2302
594785389,1910195,2303
592567118,1910195,1667
591071263,1910195,2304
534271225,1910195,189
409310658,1910195,473
404818143,1910195,52
356254629,1910195,181
350806370,1910195,634
887698205,550709,1303
750850132,550709,1308
749831940,550709,1457
746344035,550709,673
740097790,550709,2305
737775416,550709,2306
719781716,550709,1851
693357034,550709,2307
684385001,550709,2308
679636332,550709,1253
674696218,550709,2309
672733223,550709,1534
671214972,550709,1536
666871770,550709,1014
613416888,550709,1340
598073073,550709,2310
592318135,550709,2311
589918158,550709,117
589078413,550709,1670
585542325,550709,2312
582284435,550709,2313
570076991,550709,2314
567714657,550709,2315
556506255,550709,1433
304239029,550709,2316
743258133,1165087,683
732803517,1165087,2317
718094558,1165087,633
716914617,1165087,2318
702570354,1165087,2319
698312210,1165087,2320
689665313,1165087,2321
680336466,1165087,2322
671500508,1165087,2323
666874086,1165087,2324
600386722,1165087,2325
589827988,1165087,2326
588394471,1165087,2327
581825573,1165087,2328
577367528,1165087,2329
536051092,1165087,2330
491154591,1165087,2331
486361739,1165087,481
483320584,1165087,2332
460402687,1165087,2333
434951402,1165087,2334
430564476,1165087,1089
429894904,1165087,2335
426064889,1165087,2336
381011186,1165087,2337
370398549,1165087,481
362298385,1165087,877
350412761,1165087,2338
339551980,1165087,2339
337415469,1165087,1497
321131536,1165087,636
282901990,1165087,2340
750587841,6438587,999
746039149,6438587,1904
743253298,6438587,683
736994859,6438587,2272
736274017,6438587,2341
730802175,6438587,2342
712056169,6438587,2343
711588980,6438587,2344
709608062,6438587,2345
705529875,6438587,2346
704155486,6438587,2347
703729851,6438587,2214
694303337,6438587,1056
691395865,6438587,585
687189370,6438587,1228
681371942,6438587,1759
679864743,6438587,2348
674699245,6438587,2349
673165375,6438587,2350
655717036,6438587,2351
613386553,6438587,2352
610680104,6438587,2246
607683074,6438587,2353
605245786,6438587,2354
602423292,6438587,2355
601566736,6438587,2356
601250446,6438587,2357
598083028,6438587,2019
596360918,6438587,2358
389591809,6438587,176
362031704,6438587,181
931594071,19757799,2359
931286816,19757799,2360
931279171,19757799,2361
931176697,19757799,2362
931130524,19757799,2363
931127950,19757799,2364
737986963,19757799,2365
713519704,4597843,2366
705830990,4597843,1043
702202364,4597843,1943
700517451,4597843,2367
696697968,4597843,1415
695700077,4597843,2368
679887031,4597843,2369
668531388,4597843,2370
627434171,4597843,2371
618061298,4597843,2372
602289175,4597843,2373
591431346,4597843,120
576375865,4597843,2374
567148827,4597843,2375
561373318,4597843,2376
558458542,4597843,2377
554697884,4597843,2378
484802000,4597843,864
434755070,4597843,181
409322297,4597843,473
385157569,4597843,176
381011052,4597843,2337
367076165,4597843,443
337224359,4597843,335
290597331,4597843,1929
1047506602,25340691,2379
1021219036,25340691,2380
861451372,9582552,555
750724628,9582552,2381
750543253,9582552,654
750397241,9582552,1117
749866007,9582552,489
749658384,9582552,2382
749269372,9582552,1001
748162652,9582552,2383
746753843,9582552,1595
746638446,9582552,1901
746343483,9582552,673
745216614,9582552,676
743796021,9582552,2384
743250183,9582552,683
742329231,9582552,1004
742189966,9582552,2385
741593806,9582552,69
740632779,9582552,2386
739427286,9582552,493
733950996,9582552,1395
733629413,9582552,1605
733375749,9582552,711
731810977,9582552,2007
729720637,9582552,722
729242729,9582552,1399
729200354,9582552,1609
727129772,9582552,937
725200535,9582552,2387
718953310,9582552,2388
716687868,9582552,2389
713359759,9582552,2390
702636419,9582552,576
695532747,9582552,1221
694301050,9582552,1056
685123096,9582552,1626
684931861,9582552,585
684653795,9582552,791
681220408,9582552,1522
681182866,9582552,1244
680764615,9582552,1246
679684303,9582552,2391
679110648,9582552,1946
675392421,9582552,1423
672764346,9582552,1949
671225328,9582552,1536
669239287,9582552,1637
607759716,9582552,2392
606259346,9582552,2393
605343397,9582552,2394
603021025,9582552,2395
601739283,9582552,2396
601646685,9582552,2018
601310284,9582552,1079
600116938,9582552,2397
517991505,9582552,181
382040037,9582552,2398
951834317,7736325,2399
750301900,7736325,489
731738521,7736325,2400
728206720,7736325,726
726312863,7736325,2401
707826658,7736325,402
690959614,7736325,2402
685606009,7736325,787
683838229,7736325,2403
676700044,7736325,807
672767587,7736325,1949
670969484,7736325,2012
670897534,7736325,2404
670100534,7736325,2296
666379252,7736325,2405
666063232,7736325,2406
632688468,7736325,284
611290398,7736325,1579
606869910,7736325,2407
601268856,7736325,2408
600581128,7736325,1973
598719058,7736325,2409
594687483,7736325,2410
592646957,7736325,119
567284618,7736325,285
534274345,7736325,189
476727209,7736325,181
308817786,7736325,200
1024463946,21230453,2411
970084446,12084531,2268
863001766,12084531,2271
837316366,12084531,2412
751787202,12084531,2100
750570171,12084531,2413
749193099,12084531,1000
747856101,12084531,2414
746783320,12084531,2415
745928790,12084531,673
736388932,12084531,2416
736275867,12084531,1008
732411999,12084531,1312
732050222,12084531,2417
730876723,12084531,2418
720882799,12084531,2419
718407204,12084531,2420
717023346,12084531,2421
716401889,12084531,2422
715118960,12084531,2423
711134768,12084531,1410
708985824,12084531,2424
708844613,12084531,2425
708557395,12084531,2426
704249610,12084531,2427
694720503,12084531,2428
692344535,12084531,2429
689838859,12084531,2430
688716845,12084531,2431
686235098,12084531,2432
683852515,12084531,2433
681017884,12084531,1246
680977393,12084531,1244
680625483,12084531,2434
678715013,12084531,2435
677928902,12084531,2436
677133103,12084531,1337
674797459,12084531,1243
668626514,12084531,1284
666256540,12084531,2437
611238740,12084531,1166
610518078,12084531,2438
604086346,12084531,2439
600932907,12084531,2440
600577261,12084531,1973
599731171,12084531,2441
591877037,12084531,2127
751381548,2407915,1383
750724139,2407915,2381
743252426,2407915,683
739651781,2407915,2442
739028715,2407915,1817
733360662,2407915,711
730319802,2407915,2443
724929181,2407915,2444
720698945,2407915,1617
717204218,2407915,2445
711137288,2407915,1038
709437659,2407915,2446
707539975,2407915,1040
707037504,2407915,1940
706896314,2407915,2292
705547788,2407915,1747
694797448,2407915,1221
694301255,2407915,1056
687044554,2407915,1229
683000307,2407915,2447
681397519,2407915,1244
672955682,2407915,1761
672870761,2407915,828
667979280,2407915,2448
665688151,2407915,1952
613652375,2407915,1769
604729685,2407915,2449
602798925,2407915,2450
601311493,2407915,2018
594231436,2407915,1584
583506524,2407915,1840
582983998,2407915,2451
582933402,2407915,2452
581562607,2407915,2195
575974318,2407915,2453
385156676,2407915,176
1028791379,8754863,2075
919288212,8754863,2454
781524037,8754863,2455
746651875,8754863,1387
708751450,8754863,51
670230504,8754863,2456
666285371,8754863,1413
611703545,8754863,2457
562253789,8754863,2458
561247111,8754863,670
551375021,8754863,2459
548307063,8754863,2460
547105978,8754863,453
542097421,8754863,2461
533616691,8754863,2462
524074703,8754863,181
482213325,8754863,614
350698969,8754863,2463
1006905432,19255200,2464
917627713,19255200,2465
871420372,19255200,2466
832586305,19255200,2467
759521271,19255200,2468
758212801,19255200,2469
755436412,19255200,2470
750390368,19255200,2471
750377900,19255200,2472
750377774,19255200,2473
749832772,19255200,1457
749831200,19255200,2474
749823766,19255200,2475
749823503,19255200,2476
749456506,19255200,1507
748804524,19255200,2477
748455389,19255200,2478
747334467,19255200,2479
746953346,19255200,2480
746436304,19255200,2481
746409020,19255200,2482
745192163,19255200,2483
745190791,19255200,2484
744997148,19255200,2485
744988276,19255200,2486
744987521,19255200,2487
744833457,19255200,2488
744807131,19255200,2489
744599917,19255200,2490
744505998,19255200,1512
744337316,19255200,2491
744330818,19255200,2492
744255449,19255200,2493
744252021,19255200,2494
744091196,19255200,2495
744090502,19255200,2496
744083608,19255200,2497
743889297,19255200,2498
743888070,19255200,2499
743855831,19255200,2500
743707479,19255200,2501
743515398,19255200,2502
743514758,19255200,2503
743510870,19255200,2504
743510616,19255200,2505
743137457,19255200,1736
742979769,19255200,2506
740412715,19255200,2507
739177535,19255200,2508
739034656,19255200,2509
739033894,19255200,2510
738839067,19255200,2511
737807069,19255200,2512
732816024,19255200,2513
729445649,19255200,2514
727524584,19255200,2515
725162948,19255200,2516
725160841,19255200,2517
723017670,19255200,2518
722579340,19255200,2519
1055326619,33099376,2520
1047177769,33099376,2521
1046159176,33099376,2522
1038928310,33099376,2523
1034508558,33099376,2524
1033641876,33099376,2525
835107002,2168911,2526
777412821,2168911,2527
747238795,2168911,2528
745849256,2168911,1132
741528859,2168911,2529
738189423,2168911,1651
737099499,2168911,2530
737003595,2168911,2531
733749015,2168911,500
732951436,2168911,2206
732683806,2168911,718
731737778,2168911,2400
731363435,2168911,1158
730955397,2168911,2532
730955010,2168911,2533
726368609,2168911,2534
726367976,2168911,2535
715675079,2168911,2009
713490733,2168911,2536
711800740,2168911,2537
709870989,2168911,399
709850062,2168911,2538
708310784,2168911,2539
697407054,2168911,2540
688313113,2168911,2541
686196261,2168911,2542
685854166,2168911,785
684737134,2168911,2543
681141992,2168911,1244
677367048,2168911,1633
677112266,2168911,2544
671043962,2168911,2545
668089718,2168911,2546
666433190,2168911,850
666300265,2168911,2547
613694056,2168911,1968
611261911,2168911,2548
609805678,2168911,2549
607555047,2168911,1807
602827844,2168911,1973
600625544,2168911,2550
598421584,2168911,2551
596916959,2168911,2552
483994111,2168911,149
482214059,2168911,614
409323600,2168911,473
360557567,2168911,181
1044599340,33235970,2553
1042226009,33235970,2554
1040165656,33235970,2555
1038190981,33235970,2556
1037834618,33235970,2557
1037282659,33235970,2558
1037282079,33235970,2559
1037268148,33235970,2560
1036435681,33235970,2561
1036272441,33235970,2562
1036154029,33235970,2563
1036146907,33235970,2564
1033657100,33235970,2565
1033651085,33235970,2566
1033210162,33235970,2567
1033205791,33235970,2568
1032829424,33235970,2569
1032825283,33235970,2570
1032650567,33235970,2571
1032019672,33235970,2572
1031380266,33235970,2573
1031380141,33235970,2574
1030769697,33235970,2575
1030769659,33235970,2576
1026064063,33235970,2577
1024911592,33235970,2578
1017744260,33235970,2579
1016473736,33235970,2580
1016318908,33235970,2581
1016279445,33235970,2582
1014910027,33235970,2583
1013572826,33235970,2584
1060787324,1368412,2585
1060785729,1368412,2586
1060785721,1368412,2587
1060785516,1368412,2588
1060785509,1368412,2589
1052835609,1368412,2590
1052835547,1368412,2591
1044687622,1368412,2592
1044686307,1368412,2593
1044684468,1368412,2594
1042672886,1368412,2595
1040691230,1368412,2596
1038136369,1368412,2597
1038136231,1368412,2598
1036159724,1368412,2599
1036150799,1368412,2600
1035722437,1368412,2601
1031988829,1368412,2602
1027529941,1368412,2603
1024830615,1368412,2604
1024098620,1368412,2605
1019398174,1368412,2606
1019165797,1368412,2607
1019164272,1368412,2608
1019162830,1368412,2609
1019161310,1368412,2610
1018068364,1368412,2596
992372280,1368412,2602
931225476,1368412,2602
712727940,1368412,2596
605272073,1368412,2611
590782909,1368412,181
560719694,1368412,2612
556804075,1368412,2613
544143980,1368412,2614
515789481,1368412,2615
511673680,1368412,2616
474549724,1368412,2617
400689695,1368412,2596
1023753420,9806454,2618
751382551,9806454,1383
750377176,9806454,1593
746343878,9806454,673
743123078,9806454,1561
742329448,9806454,1004
739740478,9806454,493
731055379,9806454,1166
725220664,9806454,1020
713850662,9806454,1408
704419011,9806454,2619
695533827,9806454,1221
694304255,9806454,1056
678444352,9806454,1527
675813994,9806454,2241
614262691,9806454,2620
611789962,9806454,2621
611327146,9806454,1579
609808132,9806454,2549
601312232,9806454,1079
593861576,9806454,2622
592293615,9806454,1867
534276835,9806454,189
513176079,9806454,181
1063575171,34257950,2623
751369417,2484797,1383
744522586,2484797,2624
706090200,2484797,2625
595773401,2484797,2626
560456283,2484797,2627
552842379,2484797,2628
531047910,2484797,2629
529289611,2484797,2630
511724479,2484797,2631
497298565,2484797,2632
495165950,2484797,1083
409426671,2484797,473
1067605166,14928513,211
746244350,14928513,673
600605319,14928513,2019
751657368,317898,1591
750543133,317898,654
749878297,317898,489
749035061,317898,2633
747180528,317898,2634
746638561,317898,1901
746343660,317898,673
743525036,317898,682
742327923,317898,1004
739425141,317898,493
738344001,317898,1143
738251359,317898,1006
737047507,317898,2272
736807263,317898,2635
733465293,317898,1155
733378930,317898,711
733180407,317898,1014
730651203,317898,2636
730389700,317898,1162
730319542,317898,2443
729793873,317898,2637
729241491,317898,1399
729046595,317898,2638
728129282,317898,928
727832048,317898,2639
726961843,317898,2640
725251926,317898,1020
725200238,317898,2387
721368057,317898,2641
721350941,317898,1735
721262046,317898,2642
720893880,317898,2291
720716374,317898,751
720699165,317898,1617
720165587,317898,753
720074548,317898,2643
718767285,317898,1406
716686521,317898,2644
716164942,317898,1618
716030506,317898,765
713847955,317898,1408
713748005,317898,2645
712713821,317898,2646
711924387,317898,1036
710807543,317898,2647
710125767,317898,2648
710099256,317898,2649
708285341,317898,1825
707827287,317898,402
705325166,317898,2650
704958121,317898,2651
703796229,317898,2652
702477813,317898,576
702356391,317898,1049
701873856,317898,2653
699867558,317898,2654
698799704,317898,2216
698761889,317898,2655
697942063,317898,1214
697164667,317898,1217
696315669,317898,1754
696164335,317898,2656
695706291,317898,1055
695533257,317898,1221
694301669,317898,1056
694265246,317898,1057
693659190,317898,1222
693346615,317898,2657
692191227,317898,2658
692048604,317898,430
687072365,317898,1229
684654447,317898,791
683538778,317898,1945
682105009,317898,2659
681874470,317898,1334
681861883,317898,1421
681142684,317898,1244
680627683,317898,2434
680404445,317898,1247
680056321,317898,2660
679943596,317898,2661
679479610,317898,1254
679295492,317898,2662
679096278,317898,1256
678569329,317898,2663
678410132,317898,1259
678407726,317898,1528
677958394,317898,1475
677860886,317898,1260
677760979,317898,526
677263063,317898,1633
676997998,317898,2664
675650657,317898,814
674723977,317898,2665
673954077,317898,1533
672764703,317898,1949
672453349,317898,2666
672072560,317898,1277
671212872,317898,1536
670855835,317898,830
670305134,317898,1282
668793006,317898,2297
668506618,317898,1542
667328675,317898,2667
667317592,317898,2668
667203378,317898,2669
666860459,317898,1548
666330275,317898,1765
666005109,317898,2670
665864151,317898,1766
665688683,317898,1952
665687588,317898,1298
611326764,317898,1579
611285878,317898,2671
610418897,317898,2672
609454738,317898,2673
608793775,317898,2674
608752556,317898,2675
608672301,317898,2676
608287837,317898,2677
551061593,317898,135
462825009,317898,156
446690679,317898,315
409297546,317898,473
409207378,317898,474
361073015,317898,181
1064407366,25090493,2678
1064220776,25090493,2679
1063866239,25090493,2680
1063864710,25090493,2681
1063580171,25090493,2682
1047041023,25090493,2683
1046949965,25090493,2678
1023025132,25090493,2684
1023023971,25090493,2685
1023019475,25090493,2686
1023019431,25090493,2687
1022334193,25090493,2688
1022333877,25090493,2689
1022322619,25090493,2690
1016584628,25090493,2691
1016294800,25090493,2692
1016291835,25090493,2693
1016290555,25090493,2694
1014148003,25090493,2695
1013110322,25090493,2696
1012967746,25090493,2697
1011327932,25090493,2698
1006648758,25090493,2699
1006550555,25090493,2700
1006550551,25090493,2701
1005619768,25090493,2702
1005342446,25090493,2703
1005191667,25090493,2704
1002897671,25090493,2705
1002896252,25090493,2706
1002895539,25090493,2707
1002894966,25090493,2708
1001140968,25090493,2709
999966612,25090493,2710
993628121,25090493,2711
990164803,25090493,2712
974649440,25090493,2713
970217117,25090493,2714
965255716,25090493,2715
961712839,25090493,2716
951576212,25090493,2714
950495852,25090493,2717
949736023,25090493,2718
949046233,25090493,2719
948770375,25090493,2720
948738226,25090493,2721
948589209,25090493,2722
948190225,25090493,2723
948190120,25090493,2724
948186503,25090493,2725
948186371,25090493,2726
947520900,25090493,2727
947296925,25090493,2728
947296487,25090493,2729
934201311,25090493,2730
920431832,25090493,2731
889478196,25090493,2732
889470769,25090493,2733
888672546,25090493,2734
873003547,25090493,2735
868524777,25090493,2714
867869615,25090493,2736
1067597198,317904,211
1067597100,317904,1813
1060147960,317904,2737
1047870353,317904,2738
1016776813,317904,349
998613788,317904,2739
970084792,317904,2267
965490427,317904,2740
903333534,317904,2741
890276115,317904,2742
875064596,317904,2743
839730306,317904,359
771097905,317904,1714
751280565,317904,2744
751110770,317904,2745
750750972,317904,652
750543978,317904,654
750444538,317904,2746
749819988,317904,2747
749679319,317904,2748
747910307,317904,2749
747524385,317904,2750
746342966,317904,673
746250155,317904,2751
745025152,317904,2752
741044941,317904,2753
740607319,317904,2754
740099134,317904,2305
739280004,317904,2755
739240863,317904,2367
736990105,317904,2756
736646078,317904,2757
734322475,317904,2758
731134988,317904,2759
729972942,317904,2760
727245437,317904,2761
724769460,317904,1822
724300402,317904,2762
720589562,317904,2104
719075824,317904,2763
718076636,317904,2764
717202607,317904,1656
716711205,317904,2765
712704194,317904,2766
710869970,317904,2123
708758512,317904,2767
708282465,317904,2768
708009092,317904,419
708005302,317904,421
704477983,317904,2769
703790401,317904,2770
702572799,317904,2319
700151629,317904,2771
699818264,317904,2772
699705277,317904,2773
699152118,317904,2774
697831268,317904,2775
696527641,317904,2776
694856646,317904,1221
691654814,317904,2777
690004667,317904,2778
689140179,317904,2779
687650678,317904,1223
686363410,317904,2780
680568804,317904,2781
679851281,317904,2782
679634437,317904,1253
679454316,317904,2783
679067891,317904,1946
675211762,317904,1466
674092467,317904,2784
672731660,317904,2785
672426945,317904,2786
671540846,317904,2113
671301551,317904,2787
669571156,317904,2788
668739331,317904,2789
668010955,317904,2790
667815024,317904,2791
666789496,317904,850
666695888,317904,2792
666662190,317904,2793
656211863,317904,2794
611528416,317904,2795
610779539,317904,2796
595720500,317904,606
562294531,317904,132
541767516,317904,1481
532607609,317904,2797
477622781,317904,152
430568349,317904,1089
409046000,317904,132
382039686,317904,2398
373118441,317904,1091
360388164,317904,181
339279063,317904,1895
230434427,317904,2798
736450446,6602281,711
734531897,6602281,2799
705288707,6602281,1045
694854513,6602281,1221
694304644,6602281,1056
607342273,6602281,2800
589074589,6602281,1670
572620474,6602281,2801
558057493,6602281,2802
555061967,6602281,2803
554997152,6602281,2804
550863107,6602281,2805
546353235,6602281,2806
540007192,6602281,2807
519744392,6602281,181
980496822,9456964,2808
731494475,9456964,1607
677380058,9456964,2809
674896447,9456964,2810
672918731,9456964,827
663035207,9456964,2794
654277304,9456964,2811
591076385,9456964,121
562637883,9456964,2812
556160875,9456964,2813
539991954,9456964,2814
493234993,9456964,2815
490828549,9456964,2816
445262667,9456964,621
433610905,9456964,475
1021735766,11445105,2817
1002442453,11445105,2818
742401410,11445105,2819
712521529,11445105,2820
702444137,11445105,2821
602314769,11445105,2822
592146070,11445105,2823
585282131,11445105,2824
583206154,11445105,2825
579595561,11445105,2826
576934800,11445105,2827
569811776,11445105,2828
551664138,11445105,2829
511475641,11445105,606
498638361,11445105,2830
746637655,550712,1901
744452741,550712,2831
737222884,550712,2832
736913568,550712,2833
736786293,550712,2834
729909319,550712,2835
724670852,550712,1399
721522260,550712,2836
691663420,550712,2837
686894949,550712,2838
684145673,550712,2839
682426812,550712,783
609761296,550712,2840
606937639,550712,2841
571476468,550712,2842
569548804,550712,2843
464039920,550712,2844
1003034829,8295665,2845
721366020,8295665,51
711136354,8295665,1038
670302142,8295665,1282
441047513,8295665,181
427024520,8295665,469
409428186,8295665,473
744780505,13957334,2846
744780062,13957334,2847
744134943,13957334,2848
740589035,13957334,2849
734256981,13957334,2850
732614279,13957334,2851
732458723,13957334,2852
732184541,13957334,2853
732180577,13957334,2854
731329712,13957334,2855
730912070,13957334,2856
730538116,13957334,2857
730399941,13957334,2858
730398369,13957334,2859
729718288,13957334,2860
729717451,13957334,2861
729367102,13957334,2862
729120142,13957334,2863
729119023,13957334,2864
729024557,13957334,2865
726611164,13957334,2866
725800763,13957334,2867
725603656,13957334,2868
725414139,13957334,2869
722951659,13957334,2870
721493020,13957334,2871
721442322,13957334,2872
693306580,13957334,2873
685914422,13957334,2874
677629145,13957334,2875
674536069,13957334,2876
671328966,13957334,2877
670450361,13957334,2878
606586631,13957334,2879
582970690,13957334,2880
839034856,1724542,359
751370213,1724542,1383
723588470,1724542,2881
722738280,1724542,2882
714653341,1724542,1191
711372923,1724542,1038
708285290,1724542,416
707855745,1724542,2883
703043281,1724542,1749
614242827,1724542,2884
611239605,1724542,2885
602806374,1724542,2886
593876712,1724542,2887
564176970,1724542,2888
560384279,1724542,2889
559166822,1724542,2890
546781317,1724542,2891
511166956,1724542,2892
1056128449,311100,2893
749959755,311100,2894
717033664,311100,2421
711372180,311100,1038
708538043,311100,1659
708008801,311100,419
708007721,311100,420
708005419,311100,421
688421664,311100,590
685748620,311100,2895
684152859,311100,1068
672686475,311100,2896
612740125,311100,2897
607845026,311100,2898
607360362,311100,2899
605925584,311100,181
581691963,311100,2900
573781710,311100,2901
558073337,311100,2902
557654160,311100,2903
550561626,311100,2904
539554020,311100,2905
768268935,8017932,2906
753431722,8017932,2907
731056331,8017932,1166
670838872,8017932,1807
600021564,8017932,2461
582526035,8017932,2908
556158861,8017932,2813
555064122,8017932,2909
537560392,8017932,2910
502808788,8017932,2911
502371405,8017932,2912
440299626,8017932,181
792768788,1682089,2913
790700781,1682089,2914
682830186,1682089,2915
617153047,1682089,962
614260569,1682089,2916
542359460,1682089,2917
488182706,1682089,300
456936739,1682089,181
437937090,1682089,623
437063909,1682089,2918
409357139,1682089,473
382952832,1682089,2919
382030017,1682089,477
363532121,1682089,2021
347265345,1682089,2920
305530981,1682089,1450
299055493,1682089,151
273508666,1682089,2316
252859684,1682089,52
238715473,1682089,2921
237678339,1682089,2922
834597202,8009199,2923
702714855,8009199,2924
598931077,8009199,2925
582826399,8009199,2926
547103284,8009199,2927
541592721,8009199,2928
536829828,8009199,2929
521328588,8009199,2930
1030195981,27990845,2931
1023549888,27990845,2932
1020921784,27990845,2933
1010866419,27990845,2934
1003753245,27990845,2935
1003750979,27990845,2936
1001531966,27990845,2937
1067605505,17722137,211
866923662,17722137,2938
748022148,17722137,2939
742328192,17722137,1004
698635542,17722137,369
694313402,17722137,2940
690293074,17722137,2941
690277500,17722137,2942
690263969,17722137,2943
839287756,550711,359
681215090,550711,1244
589091168,550711,2312
583510455,550711,1840
492630103,550711,2944
913791681,8630608,2945
861099103,8630608,2946
739285331,8630608,2305
711293133,8630608,2947
710711893,8630608,51
707886942,8630608,2948
683167578,8630608,1859
670325466,8630608,2949
667305183,8630608,842
651920952,8630608,2950
611298480,8630608,2951
566674722,8630608,2952
561245115,8630608,670
549465487,8630608,2953
547106855,8630608,453
526513939,8630608,181
506466764,8630608,2954
487290360,8630608,2955
481113242,8630608,481
365534809,8630608,2284
350696241,8630608,2463
1041183080,2385857,2956
724910671,2385857,1614
715124508,2385857,518
691300452,2385857,2871
668649330,2385857,1951
668467413,2385857,1425
642322009,2385857,1953
610377221,2385857,262
561258688,2385857,670
560435683,2385857,2957
550810732,2385857,2958
545655397,2385857,2959
543179238,2385857,452
531135358,2385857,2960
523071411,2385857,1083
478236863,2385857,2961
470798449,2385857,2962
409346691,2385857,473
401178310,2385857,1445
389592843,2385857,176
740629607,12820616,2963
729367977,12820616,2964
701589542,12820616,2965
602978521,12820616,2966
600130591,12820616,181
586147990,12820616,2967
564535813,12820616,2968
558928554,12820616,2969
550323701,12820616,1736
523291832,12820616,2970
515358360,12820616,2971
1067605994,317889,211
734545213,317889,1651
719270363,317889,1405
707045551,317889,2292
703496498,317889,1690
688829314,317889,2809
633913699,317889,1953
614055664,317889,284
577799988,317889,2972
559936493,317889,2973
533654094,317889,2974
523341280,317889,181
511206897,317889,2975
483330046,317889,2976
478044127,317889,2977
475975458,317889,2978
468218337,317889,2979
438926968,317889,872
608696267,8010180,2980
574485074,8010180,2981
533965002,8010180,2982
786509979,311092,1590
750590702,311092,999
749239305,311092,998
745358168,311092,2983
742896961,311092,1600
739029246,311092,1817
733378531,311092,711
694277517,311092,1057
681222203,311092,1244
632688849,311092,284
622516977,311092,2984
601290855,311092,2985
579133596,311092,2986
567155833,311092,2987
564581719,311092,2988
563250458,311092,609
549256944,311092,2989
546332107,311092,2806
538655763,311092,2990
529350602,311092,2991
409325487,311092,473
998473087,8181417,2992
703531757,8181417,2993
523063821,8181417,2994
442123006,8181417,181
339927839,8181417,484
751411212,8300005,2995
733536078,8300005,2996
727880044,8300005,1787
702019699,8300005,453
617597065,8300005,481
607506626,8300005,2997
604970612,8300005,2998
588703865,8300005,2999
572882271,8300005,3000
554634296,8300005,3001
547261612,8300005,453
532871368,8300005,2462
409354853,8300005,473
389594064,8300005,176
368076621,8300005,481
339926655,8300005,484
748178192,1370386,1124
732348923,1370386,3002
727929796,1370386,1166
721366239,1370386,2641
697674170,1370386,3003
676710458,1370386,1633
674306634,1370386,3004
606248981,1370386,181
600025626,1370386,3005
580541546,1370386,3006
577124800,1370386,2129
576666902,1370386,3007
572874598,1370386,3008
506486700,1370386,3009
464901556,1370386,3010
1067597650,11885518,211
1065970522,11885518,3011
1063494999,11885518,3012
825089096,11885518,3013
785457790,11885518,3014
757378574,11885518,51
726338787,11885518,3015
690556724,11885518,3016
580526381,11885518,3017
565148791,11885518,2312
550885186,11885518,3018
512540136,11885518,3019
504325991,11885518,3020
490554404,11885518,3021
466445855,11885518,3022
1058946997,1752815,3023
1046137140,1752815,3024
1045780426,1752815,1453
1045726761,1752815,3025
1045490774,1752815,3026
1045345486,1752815,3027
1045345477,1752815,3028
1042018572,1752815,3029
1041330204,1752815,3030
1038912288,1752815,3031
1038839153,1752815,3032
1038825107,1752815,3033
1038822477,1752815,3034
1038820745,1752815,3035
1038820044,1752815,3036
1037979410,1752815,3037
1036957206,1752815,212
1018036622,1752815,212
1010917979,1752815,3038
1009962158,1752815,3039
997255167,1752815,3040
992089652,1752815,3041
989371762,1752815,3042
978668144,1752815,3043
978143266,1752815,3044
974408095,1752815,3045
970833619,1752815,3046
969879535,1752815,3047
951345575,1752815,3048
949061799,1752815,3049
947329332,1752815,3050
947061734,1752815,3051
946541918,1752815,3052
946311329,1752815,3053
945346972,1752815,3054
943394782,1752815,3055
943376037,1752815,3056
942153246,1752815,3057
941939659,1752815,3058
941518902,1752815,3059
941405561,1752815,3060
934007068,1752815,3061
930394405,1752815,3062
927573545,1752815,3063
926650743,1752815,3064
926382377,1752815,3065
926096065,1752815,3066
925342731,1752815,3067
925341971,1752815,3068
924996564,1752815,3069
924908804,1752815,3070
924882778,1752815,3071
924882064,1752815,3028
923441406,1752815,3072
922573959,1752815,3073
922573765,1752815,3074
921228924,1752815,3075
920172684,1752815,3076
917195226,1752815,3077
916482222,1752815,3078
916399228,1752815,3079
916021584,1752815,3080
913238250,1752815,3041
913080457,1752815,3081
912970163,1752815,3082
912822375,1752815,3083
910469571,1752815,3084
909315616,1752815,3037
909242788,1752815,3085
906227808,1752815,3086
906151999,1752815,3087
903955937,1752815,3088
902291594,1752815,212
898559625,1752815,3089
898390298,1752815,3090
896446286,1752815,3091
895688843,1752815,3092
894349629,1752815,3093
892741975,1752815,3094
891413714,1752815,3095
886994314,1752815,3083
886297340,1752815,3096
886296328,1752815,3097
885010341,1752815,3098
884656873,1752815,3099
883751155,1752815,3100
883420153,1752815,3101
882171676,1752815,3102
881456381,1752815,3103
881456209,1752815,3104
877402086,1752815,3105
874706147,1752815,3106
750607303,1752815,3107
750409425,1752815,662
748065277,1752815,3108
747334802,1752815,3109
745920645,1752815,3110
745853250,1752815,3111
745227962,1752815,676
744467512,1752815,3112
743672779,1752815,1514
743476165,1752815,3113
743194828,1752815,3114
742573870,1752815,3115
742198185,1752815,3116
742184798,1752815,3117
741861362,1752815,3118
741099450,1752815,3119
739051508,1752815,3120
739010922,1752815,3121
738585912,1752815,647
737997710,1752815,3122
737691123,1752815,3123
734039171,1752815,2089
732785282,1752815,3124
729286722,1752815,3125
725582007,1752815,3126
721426380,1752815,3127
719050233,1752815,3128
718278358,1752815,3129
718157295,1752815,3130
717482266,1752815,3131
715168576,1752815,3132
701195235,1752815,3133
699544169,1752815,3134
699517363,1752815,3135
692568605,1752815,3136
682808624,1752815,3137
680537339,1752815,3138
676552341,1752815,3139
676514283,1752815,1633
675970593,1752815,3140
674735623,1752815,1530
672665785,1752815,3141
671651832,1752815,3142
670378686,1752815,3143
670112783,1752815,3144
669516139,1752815,3145
668639876,1752815,1284
668449051,1752815,1543
666642985,1752815,1638
613945464,1752815,3146
612811718,1752815,3147
612753738,1752815,3148
612551796,1752815,3149
612430626,1752815,1663
609041558,1752815,3150
605236008,1752815,3151
603210562,1752815,3152
601957474,1752815,3153
601647851,1752815,3154
598379927,1752815,3155
598172456,1752815,3156
598172018,1752815,3157
585368232,1752815,3158
674023667,8595674,2220
668178965,8595674,1284
661670489,8595674,3159
603689000,8595674,3160
598642515,8595674,3161
584496490,8595674,1081
502422203,8595674,3162
479075071,8595674,3163
409434179,8595674,473
339927338,8595674,484
750591012,8310942,999
739943839,8310942,1459
738983392,8310942,3164
737969083,8310942,3165
733403255,8310942,711
720324034,8310942,752
716025241,8310942,765
715627045,8310942,1037
713780218,8310942,3166
698981260,8310942,3167
687046247,8310942,1229
684653989,8310942,791
666164872,8310942,1426
613289585,8310942,3168
601313251,8310942,2018
595114077,8310942,3169
594719220,8310942,119
591558899,8310942,3170
585869908,8310942,3171
584099170,8310942,3172
582978655,8310942,2451
534276014,8310942,189
442883879,8310942,3173
359598134,8310942,181
1028889948,26680907,2075
947917183,26680907,3174
1066574501,33269337,3175
1067603414,1370380,1813
775635985,1370380,481
731177611,1370380,3176
702748811,1370380,647
573398155,1370380,3177
363028305,1370380,181
290601117,1370380,1929
581689728,7927054,2900
574563248,7927054,3008
571143657,7927054,2239
564120018,7927054,3178
548129299,7927054,3179
528178335,7927054,2129
487556770,7927054,3180
478605149,7927054,3181
577824105,4580323,3182
550265013,4580323,3183
548160315,4580323,3184
547320531,4580323,3185
530516624,4580323,3186
501839143,4580323,3187
496656361,4580323,3188
939430685,5970625,3189
750941188,5970625,3190
750941121,5970625,3191
750606043,5970625,3192
750598550,5970625,3193
750237840,5970625,3194
750237611,5970625,3195
750237185,5970625,3196
749175720,5970625,3197
748077754,5970625,3198
748057088,5970625,3199
746938377,5970625,3200
746662127,5970625,3201
746662032,5970625,3202
746661878,5970625,3203
746302051,5970625,3204
745891135,5970625,3205
745888513,5970625,3206
745370963,5970625,3207
745369823,5970625,3208
745369602,5970625,3209
745369546,5970625,3210
745315769,5970625,3211
745011831,5970625,3212
744574814,5970625,3213
744546748,5970625,3214
744336131,5970625,3215
744069148,5970625,3216
743884349,5970625,3217
743493429,5970625,3218
743177781,5970625,3219
742563384,5970625,3220
742563056,5970625,3221
742070937,5970625,3222
742044738,5970625,3223
741063741,5970625,3224
740376820,5970625,3225
740192469,5970625,3226
739979988,5970625,3227
739979949,5970625,3228
739846767,5970625,697
739467281,5970625,3229
739467049,5970625,3230
739466092,5970625,3231
739465904,5970625,3232
739420207,5970625,3233
739056934,5970625,3234
738191157,5970625,3235
738191047,5970625,3236
737747096,5970625,3237
736768947,5970625,3238
736757255,5970625,3239
736249082,5970625,3240
736206861,5970625,3241
734225238,5970625,3242
734052801,5970625,3243
733871559,5970625,3244
733760613,5970625,3245
733753474,5970625,3246
733753323,5970625,3247
733724803,5970625,3248
733653754,5970625,500
733021402,5970625,3249
732964755,5970625,3250
732961729,5970625,3251
732008900,5970625,1859
731504525,5970625,3252
731108943,5970625,3253
731108744,5970625,3254
730948718,5970625,3255
730778368,5970625,3256
730770338,5970625,3257
730685657,5970625,3258
730559562,5970625,3259
730397511,5970625,3260
729561255,5970625,3261
729368279,5970625,3262
728990205,5970625,3263
728726136,5970625,3264
728505082,5970625,3265
727449754,5970625,3266
727209115,5970625,3267
727131434,5970625,937
726938793,5970625,3268
726143792,5970625,3269
726143520,5970625,3270
725384190,5970625,3271
725346285,5970625,3272
725276709,5970625,3273
723984737,5970625,3274
723425965,5970625,3275
723202003,5970625,3276
722784230,5970625,3277
722783940,5970625,3278
722478093,5970625,3279
722470701,5970625,3280
722153178,5970625,3281
721751376,5970625,3282
721216383,5970625,3283
721216358,5970625,3284
721202404,5970625,3285
721160884,5970625,3286
720895460,5970625,3287
719878291,5970625,3288
719803691,5970625,3289
719622362,5970625,3290
719572715,5970625,3291
719033944,5970625,3292
718561274,5970625,3293
717274935,5970625,3294
716586144,5970625,3295
716033235,5970625,3296
715993499,5970625,3297
714735775,5970625,3298
713638120,5970625,3299
712839227,5970625,3300
711610193,5970625,3301
710382200,5970625,3302
710115870,5970625,3303
709578977,5970625,3304
709578948,5970625,3305
708422031,5970625,3306
708422020,5970625,3307
705842182,5970625,3308
705518855,5970625,3309
704825191,5970625,3310
704824739,5970625,3311
704811023,5970625,3312
704084115,5970625,3313
703839276,5970625,3314
702809358,5970625,3315
702808575,5970625,3316
702808308,5970625,3317
702513940,5970625,3318
702066924,5970625,3319
701780463,5970625,3320
701719909,5970625,3321
701080391,5970625,3322
700242997,5970625,3323
700241467,5970625,3324
699838169,5970625,3325
699835998,5970625,3326
699835907,5970625,3327
699445026,5970625,3328
699444421,5970625,3329
699255686,5970625,3330
699216958,5970625,3331
698805885,5970625,2216
698557850,5970625,3332
698456177,5970625,3333
697457082,5970625,3334
697197396,5970625,3335
697196184,5970625,3336
696808133,5970625,3337
695777103,5970625,3338
695776728,5970625,3339
694589537,5970625,3340
694589474,5970625,3341
694589386,5970625,3342
694297952,5970625,3343
694297690,5970625,3344
694063608,5970625,3345
693514131,5970625,3346
693336672,5970625,2307
693131248,5970625,3347
692803133,5970625,3348
691962455,5970625,3349
691626715,5970625,3350
691576077,5970625,3351
691060863,5970625,3352
690619526,5970625,3353
690261129,5970625,3354
688930123,5970625,3355
688795987,5970625,1228
688385664,5970625,3356
688342786,5970625,3357
687952663,5970625,3358
687446866,5970625,3359
687395440,5970625,3360
687225939,5970625,3361
687143271,5970625,3362
687140014,5970625,3363
686987781,5970625,3364
686983674,5970625,3365
686925986,5970625,3366
686679066,5970625,3367
686678990,5970625,3368
686678978,5970625,3369
686676661,5970625,3370
686676591,5970625,3371
685683301,5970625,3372
685136785,5970625,3373
684906207,5970625,3374
684905549,5970625,3375
684476390,5970625,3376
684473579,5970625,3377
684472475,5970625,3378
683942526,5970625,3379
683878596,5970625,3380
683856700,5970625,3381
683576961,5970625,3382
683442402,5970625,3383
682359345,5970625,3384
681152310,5970625,1244
680881441,5970625,3385
680881220,5970625,3386
680644767,5970625,3387
680640910,5970625,2434
680130613,5970625,3388
679898693,5970625,3389
679682443,5970625,3390
679395341,5970625,3391
679395172,5970625,3392
679395062,5970625,3393
678731345,5970625,3394
678723692,5970625,3395
678487560,5970625,3396
678220113,5970625,3397
677776479,5970625,3398
677580720,5970625,3399
677557151,5970625,3400
677058561,5970625,3401
677058503,5970625,3402
676079748,5970625,3403
675600660,5970625,3404
675174050,5970625,3405
674984667,5970625,3406
674786409,5970625,3407
673668489,5970625,3408
673442283,5970625,3409
673441921,5970625,3410
673237051,5970625,3411
673236389,5970625,3412
673236195,5970625,3413
672417647,5970625,1535
672152599,5970625,3414
671620375,5970625,3415
671567331,5970625,3416
671562154,5970625,3417
670845007,5970625,3418
670815090,5970625,3419
670438921,5970625,3420
669612736,5970625,3421
669364510,5970625,3422
669364430,5970625,3423
668845289,5970625,3424
668795530,5970625,3425
668299761,5970625,3426
668242311,5970625,3427
667982854,5970625,3428
667973969,5970625,3429
667793405,5970625,3430
667756200,5970625,3431
667376289,5970625,3432
667376156,5970625,3433
667117307,5970625,3434
666580357,5970625,3435
666254065,5970625,3436
665644603,5970625,3437
665644554,5970625,3438
614062143,5970625,3439
613981507,5970625,3440
613981425,5970625,3441
613784755,5970625,3442
613427524,5970625,3443
613144881,5970625,3444
613096359,5970625,3445
612783914,5970625,3446
601706671,5970625,3447
499154182,5970625,3448
955154410,27415839,3449
947497882,27415839,3450
927295596,26103372,3451
926385723,26103372,3452
926385351,26103372,3453
1066166342,27936796,3454
1065896962,27936796,3455
1065783100,27936796,3456
1065782199,27936796,3457
1065231245,27936796,3458
1065230633,27936796,3459
1065226455,27936796,3460
1053741969,27936796,3461
1050025332,27936796,3462
1046287022,27936796,3463
1036203359,27936796,3464
1035235634,27936796,3465
1035235399,27936796,3466
1034672294,27936796,3467
1034672253,27936796,3468
1032211974,27936796,3469
1025906841,27936796,3470
1024725701,27936796,3471
1024707421,27936796,3472
1024014324,27936796,3473
1021547557,27936796,3474
1016839586,27936796,3475
1016213946,27936796,3476
1013153991,27936796,3477
1005815048,27936796,3478
995120288,27936796,3479
965666301,27936796,3480
740698775,6902917,3481
542948948,6902917,3482
471872005,6902917,3483
889457346,10024158,550
837676275,10024158,3484
837167646,10024158,3485
835137368,10024158,3486
819052017,10024158,1713
778429619,10024158,234
750810072,10024158,1308
750746584,10024158,652
746245288,10024158,673
734530672,10024158,3487
733700134,10024158,3488
732353967,10024158,3489
720704736,10024158,1617
690274588,10024158,3490
666534667,10024158,2114
664386665,10024158,1921
597620295,10024158,3491
595769453,10024158,2626
577067792,10024158,3492
575532672,10024158,3493
570803959,10024158,3494
569595511,10024158,3495
568602810,10024158,386
564983304,10024158,3496
541097524,10024158,1736
470225269,10024158,1486
441891144,10024158,181
409436107,10024158,473
680877948,2550321,3497
570224702,2550321,3498
552103432,2550321,3499
521266683,2550321,3500
693705291,10801837,3501
521610279,10801837,3502
516650739,10801837,3503
507262400,10801837,3504
736259128,8396485,3505
600755639,8396485,3506
577362737,8396485,3507
1059895050,2357145,3508
837795051,2357145,3509
835391808,2357145,3510
682315064,2357145,1244
618061198,2357145,2372
604468672,2357145,3511
601310399,2357145,1079
594723314,2357145,119
566768844,2357145,3512
549658726,2357145,1555
510234062,2357145,3513
500186747,2357145,3514
488918594,2357145,865
470744116,2357145,3515
448175988,2357145,181
1017077935,11443657,3516
1010218592,11443657,2074
684728494,11443657,3517
475405482,11443657,3518
747855032,552637,1126
746839242,552637,54
744904634,552637,684
743258988,552637,683
732046032,552637,3519
722905132,552637,371
608256266,552637,481
595562003,552637,2127
560374737,552637,2612
549199096,552637,2989
547640127,552637,2133
537091338,552637,3520
509473213,552637,3521
469802988,552637,3522
468219894,552637,2979
458893283,552637,310
362319388,552637,181
706528926,12033619,3016
562710661,12033619,2312
546201892,12033619,3523
494795232,12033619,3524
494722072,12033619,3525
492183699,12033619,3526
492174216,12033619,3527
492170614,12033619,3528
480917809,12033619,3529
472890610,12033619,3530
471137186,12033619,3531
947032724,8827357,3532
589374554,8827357,3170
580736082,8827357,2915
474828121,8827357,3533
443697734,8827357,181
1068179575,8800458,3534
839035941,8800458,3535
837306609,8800458,3536
713842578,8800458,1408
634368340,8800458,3537
499315087,8800458,3538
470714293,8800458,3539
431681671,8800458,3540
409432615,8800458,473
379516666,8800458,630
360287594,8800458,181
743255613,7714795,683
733380287,7714795,711
588655678,7714795,3541
579767804,7714795,3542
570989408,7714795,3543
558233469,7714795,3544
557202664,7714795,3545
549086404,7714795,2989
535573270,7714795,2129
490019296,7714795,3546
484272377,7714795,3547
478769860,7714795,3548
1068459394,25188298,3549
1022890923,25188298,3550
1004034020,25188298,3551
977119981,25188298,3552
962849265,25188298,3553
960980272,25188298,3554
928236589,25188298,3555
1067606560,8290309,211
852513488,8290309,3556
548455666,8290309,3557
544730660,8290309,3558
489999919,8290309,3559
446851993,8290309,181
367978333,8290309,327
725025444,7158706,1020
697409833,7158706,2540
681182291,7158706,1244
664424916,7158706,3560
560376126,7158706,2612
549076513,7158706,2989
548514958,7158706,3561
514626404,7158706,181
499514028,7158706,3562
496022965,7158706,3563
487609699,7158706,3564
482398676,7158706,3565
475667731,7158706,3566
409348212,7158706,473
683444500,7827635,3567
606651095,7827635,284
592598257,7827635,3568
548453791,7827635,3557
432815737,7827635,181
409429056,7827635,473
1036736922,17569133,3569
1026546231,17569133,2075
947789551,17569133,3570
942983943,17569133,3571
927457072,17569133,3572
859092677,17569133,3573
848553269,17569133,3574
834972625,17569133,3575
734211754,17569133,3576
708826621,17569133,1410
999377582,8587831,26
694308159,8587831,1056
547635248,8587831,2133
536310857,8587831,3577
534517599,8587831,181
511637539,8587831,2616
358654710,8587831,481
739418075,11512931,3578
540133475,11512931,3579
485488680,11512931,3580
476627955,11512931,3581
555341353,8028360,3582
475503584,8028360,3583
748146356,11680691,3584
690822356,11680691,1693
687974039,11680691,3585
511680892,11680691,3586
507408187,11680691,3587
1030467873,14025887,1102
978719866,14025887,3588
948889161,14025887,3589
948589169,14025887,3590
930126277,14025887,3591
929263546,14025887,3592
888036714,14025887,3593
874476675,14025887,3594
759855396,14025887,3595
749060852,14025887,3596
747681087,14025887,3597
746308669,14025887,3598
743667183,14025887,3599
743656019,14025887,3600
739773729,14025887,3601
737223122,14025887,3602
734005914,14025887,3603
733849113,14025887,3604
733662739,14025887,3605
733662419,14025887,3606
733370737,14025887,3607
732009576,14025887,1859
731117926,14025887,3608
730772757,14025887,3257
730515809,14025887,3609
730415594,14025887,3610
730196137,14025887,3611
730170178,14025887,3612
730167516,14025887,3613
730152893,14025887,3614
730146684,14025887,3615
730133752,14025887,3616
726810156,14025887,3617
726747680,14025887,3618
725564443,14025887,3619
724664928,14025887,3620
724159990,14025887,1177
722935094,14025887,3621
722501904,14025887,3622
722242426,14025887,3623
721764659,14025887,3624
721434095,14025887,3625
720116515,14025887,3626
719646766,14025887,3627
717429912,14025887,3628
715668163,14025887,3629
714078601,14025887,3630
713562495,14025887,3631
711469250,14025887,3632
711252447,14025887,3633
711082979,14025887,3634
709571778,14025887,3635
705860256,14025887,3636
701462288,14025887,3637
699153386,14025887,3638
699146616,14025887,3639
697729566,14025887,3640
696350826,14025887,3641
694057558,14025887,3642
693412335,14025887,3643
692265718,14025887,3613
691925814,14025887,3644
687990934,14025887,3645
687627093,14025887,3646
686912376,14025887,3647
684484319,14025887,3648
684240307,14025887,3649
683153859,14025887,1859
682926069,14025887,3650
682869323,14025887,3651
678222883,14025887,3652
675962479,14025887,3653
675898358,14025887,3654
671083712,14025887,3655
670818412,14025887,1863
670372416,14025887,3656
668773948,14025887,3657
667430810,14025887,3658
667358769,14025887,531
667260852,14025887,844
666493683,14025887,3659
666366415,14025887,3660
666353480,14025887,3661
661244593,14025887,3662
644893382,14025887,3663
644891114,14025887,3664
638105411,14025887,3665
614287709,14025887,3666
613987328,14025887,3667
613440821,14025887,3668
580018179,14025887,3669
580017871,14025887,3670
579143059,14025887,3671
579141913,14025887,3672
577987483,14025887,3673
577979040,14025887,3611
577821375,14025887,3674
1067607032,33316308,211
947957401,7743972,3675
739426637,7743972,493
702803872,7743972,576
688660360,7743972,3676
529319940,7743972,3677
432439734,7743972,181
1064381058,25572460,3678
1064380992,25572460,3679
1060599511,25572460,3680
1058153284,25572460,3681
1055172596,25572460,3682
1054272661,25572460,3683
1053169426,25572460,3684
1051356428,25572460,3685
1049591601,25572460,3686
1048585003,25572460,3687
1047800020,25572460,3688
1046909097,25572460,3689
1046838101,25572460,3690
1046703127,25572460,3691
1046028238,25572460,3692
1043711936,25572460,3693
1039801580,25572460,3694
1037393832,25572460,3695
1036643831,25572460,3696
1036601112,25572460,3697
1036559894,25572460,3698
1033325781,25572460,3699
1032294485,25572460,3700
1029149291,25572460,3701
1026169958,25572460,3702
1025018447,25572460,3703
1008913131,25572460,3704
1004317217,25572460,3705
1001798993,25572460,3706
994938436,25572460,3697
994810371,25572460,3707
987474159,25572460,2197
963129401,25572460,3708
961832015,25572460,3709
960134461,25572460,3710
960126205,25572460,3711
960012818,25572460,3712
958526561,25572460,3713
955335002,25572460,3714
955313578,25572460,3715
953557986,25572460,3716
940993883,25572460,3717
940267039,25572460,3718
925562701,25572460,3719
923546014,25572460,3681
919976930,25572460,550
918258297,25572460,3720
917477601,25572460,1373
914225651,25572460,3721
907699817,25572460,3722
897824451,25572460,3723
895603505,25572460,3724
894938465,25572460,3725
894412797,25572460,3726
892721789,25572460,3727
892234972,25572460,3681
891961916,25572460,3728
891098042,25572460,3729
890811014,25572460,3730
890686023,25572460,3731
890552976,25572460,3732
890453255,25572460,3733
890425164,25572460,3734
890282847,25572460,3720
890112249,25572460,1373
889859949,25572460,550
693600080,1742604,3735
590766569,1742604,2312
549501421,1742604,3736
467977645,1742604,1889
457324290,1742604,181
290597923,1742604,1929
767428815,7339849,3737
759521141,7339849,3738
755435091,7339849,3739
750490292,7339849,1112
750400059,7339849,3740
750390937,7339849,3741
748455255,7339849,3742
747512324,7339849,3743
747490906,7339849,3744
747490838,7339849,3745
747490568,7339849,3746
747490565,7339849,3747
747490234,7339849,3748
746640645,7339849,3749
745843370,7339849,3750
745842673,7339849,3751
745397300,7339849,3752
744777583,7339849,3753
744300432,7339849,3754
743852512,7339849,3755
743525891,7339849,3756
743134193,7339849,3757
740402042,7339849,3758
739466831,7339849,3229
739443838,7339849,3759
739443348,7339849,3760
739248549,7339849,3761
739248440,7339849,3762
739248348,7339849,3763
739248182,7339849,3764
739219346,7339849,3765
739219338,7339849,3766
739219241,7339849,3767
739219111,7339849,3768
739065314,7339849,3769
737750661,7339849,3770
736206479,7339849,3241
733902052,7339849,3771
733755722,7339849,3772
733719381,7339849,3773
733719249,7339849,3774
731785080,7339849,3775
729919113,7339849,3776
729787280,7339849,3777
729168692,7339849,3778
729168541,7339849,3779
729168458,7339849,3780
728730642,7339849,3781
728441892,7339849,3782
726790839,7339849,3783
726526352,7339849,3618
726469034,7339849,1166
726190397,7339849,3784
725892538,7339849,3785
725424335,7339849,3786
725424199,7339849,3787
725424171,7339849,3788
725423887,7339849,3789
725361113,7339849,3790
724615360,7339849,3620
723985248,7339849,3274
722813212,7339849,3791
722233712,7339849,3792
719655967,7339849,3793
719655769,7339849,3794
719035423,7339849,3795
718453966,7339849,3796
717319801,7339849,3797
715225354,7339849,3798
713894345,7339849,3799
713586820,7339849,3800
712514100,7339849,3801
712237768,7339849,3802
712105822,7339849,3803
711950149,7339849,3804
709403448,7339849,3805
707803059,7339849,3806
706276341,7339849,3807
704902944,7339849,3808
704902731,7339849,3809
704194200,7339849,3810
703126393,7339849,3811
703090234,7339849,3812
703067964,7339849,3813
700921283,7339849,3814
699537219,7339849,3815
699536300,7339849,2214
698613156,7339849,3816
697718451,7339849,3817
696000904,7339849,3818
695779011,7339849,3819
694584479,7339849,3820
694312599,7339849,3821
691963378,7339849,3349
691962131,7339849,3822
691961245,7339849,3823
690898961,7339849,3824
690898902,7339849,3825
689202643,7339849,3826
689202481,7339849,3827
689202400,7339849,3828
689202064,7339849,3829
687417762,7339849,3830
687152316,7339849,3831
686931491,7339849,3832
686670773,7339849,3833
686670446,7339849,3834
686333867,7339849,3835
685683777,7339849,3372
684744574,7339849,3836
684671196,7339849,3837
683439483,7339849,3838
683363814,7339849,3839
683102500,7339849,3840
683067002,7339849,3841
682824316,7339849,3842
682823999,7339849,3843
681806320,7339849,3844
681536386,7339849,1759
680737743,7339849,3845
680736866,7339849,3846
680645126,7339849,3387
679628946,7339849,3847
679628335,7339849,3848
679626896,7339849,3849
679626609,7339849,3850
679125350,7339849,3851
679125185,7339849,3852
677829232,7339849,3853
677594744,7339849,3854
677022173,7339849,3855
676259525,7339849,3856
675871902,7339849,3857
675487805,7339849,3858
674740193,7339849,3859
674548801,7339849,3860
674548005,7339849,3861
674522780,7339849,3862
674512277,7339849,3863
674090391,7339849,3864
672941534,7339849,3865
672709534,7339849,3866
669815680,7339849,3867
668896181,7339849,3868
668341256,7339849,3660
667618813,7339849,3869
666685068,7339849,3870
661393719,7339849,3871
661111403,7339849,3872
661106860,7339849,3873
633373837,7339849,3874
613129015,7339849,3875
599841289,7339849,3876
592986099,7339849,3877
583590600,7339849,3878
582755856,7339849,3879
578677805,7339849,3880
577544092,7339849,3881
576153272,7339849,3882
569259859,7339849,3883
565418839,7339849,3884
480105340,7339849,3885
401254753,7339849,3886
358790777,7339849,3887
257815564,7339849,3888
881272579,25336113,3889
593156380,2481547,3890
564992803,2481547,3891
892463663,11848774,3892
731364473,3337501,3893
712975639,3337501,1742
579325341,3337501,3894
470117526,3337501,3539
464906283,3337501,3895
434819966,3337501,3896
340835955,3337501,484
262560168,3337501,3897
696411947,10844542,2540
541691073,10844542,3898
534596523,10844542,3899
470719297,10844542,3539
440242185,10844542,181
678204386,8772716,3900
672383606,8772716,3901
610056837,8772716,3902
606200269,8772716,2236
577809750,8772716,3903
519599444,8772716,3904
508692239,8772716,3905
506159389,8772716,3906
480131726,8772716,3907
472695287,8772716,3908
466640622,8772716,3909
950111570,27346810,3910
596630352,311105,181
464185979,311105,3911
719648689,12125198,3912
691912622,12125198,3913
684648473,12125198,3914
684157811,12125198,3915
580557141,12125198,3916
540107137,12125198,1551
1024742047,3731488,3917
733730639,3731488,3918
733588350,3731488,3919
719982704,3731488,3920
719663198,3731488,3921
719463974,3731488,3922
717383802,3731488,3923
711907170,3731488,3924
711440270,3731488,3925
705652956,3731488,3926
696959338,3731488,3927
695757499,3731488,3928
695404183,3731488,3929
694988379,3731488,3930
688043521,3731488,3931
686987939,3731488,3932
681840494,3731488,3933
678712352,3731488,3934
676681372,3731488,3935
669792337,3731488,3936
668780911,3731488,3937
668364042,3731488,3938
668360167,3731488,3939
667189737,3731488,3940
667092041,3731488,3941
610829153,3731488,3942
604147462,3731488,3943
603136693,3731488,3944
601118464,3731488,3945
596630697,3731488,3946
591833930,3731488,3947
587990225,3731488,3948
587744787,3731488,3949
519303286,3731488,3950
573413105,4559699,3951
1041450027,33239129,3952
1041219604,33239129,3953
1041102296,33239129,3954
1041067459,33239129,3955
1041001256,33239129,3956
1041000217,33239129,3957
1040709420,33239129,3958
1040627144,33239129,3959
1036720130,33239129,3960
1036603475,33239129,3961
1036467255,33239129,3962
1036218344,33239129,3963
1036026554,33239129,3964
1034562978,33239129,3965
1034066204,33239129,3966
1033594506,33239129,3967
1033358949,33239129,3968
1033146091,33239129,3969
1033015356,33239129,3970
1032660638,33239129,3971
1031000872,33239129,3972
1029885702,33239129,3973
1029548027,33239129,3974
1029303224,33239129,3975
1029076032,33239129,3976
1025494580,33239129,3977
1024802307,33239129,3978
1023965360,33239129,3979
1011904016,33239129,3980
1037259903,15685988,3981
1030944852,15685988,3982
1028838850,15685988,3983
1019363076,15685988,3984
1008074882,15685988,3985
783452560,15685988,3986
783045719,15685988,3987
781945044,15685988,3988
781892394,15685988,3989
781843816,15685988,3990
781346775,15685988,3991
780879531,15685988,3992
780575644,15685988,3993
752119183,15685988,3994
750702857,15685988,3995
750698319,15685988,3996
749810457,15685988,3997
749621799,15685988,3998
749482211,15685988,3999
749459258,15685988,4000
749423307,15685988,4001
749196775,15685988,4002
744496744,15685988,4003
742781517,15685988,4004
742781490,15685988,4005
740003361,15685988,4006
733342783,15685988,4007
730816448,15685988,4008
720608098,15685988,4009
713587178,15685988,4010
713584242,15685988,4011
713117398,15685988,4012
711085079,15685988,4013
707436793,15685988,2883
705187466,15685988,4014
700206290,15685988,4015
699852710,15685988,4016
699216678,15685988,4017
693071110,15685988,4018
650444868,15685988,4019
722695301,4826315,4020
661235505,4826315,4021
649498215,4826315,4022
649494510,4826315,4023
649068543,4826315,4024
634984016,4826315,4025
634984002,4826315,4026
604469975,4826315,4027
602866660,4826315,4028
583528539,4826315,4029
583523448,4826315,4026
583522558,4826315,4030
574469614,4826315,4031
574465825,4826315,4032
508687059,4826315,4033
502328409,4826315,4034
358041626,4826315,4035
209997167,4826315,4036
969983213,2283872,4037
749312131,2283872,4038
747282013,2283872,4039
747146343,2283872,4040
745918619,2283872,1775
742069367,2283872,4041
738248320,2283872,4042
736201600,2283872,4043
734349197,2283872,4044
733726557,2283872,4045
728570823,2283872,4046
728344659,2283872,4047
726118203,2283872,948
718499039,2283872,4048
717548184,2283872,4049
715997721,2283872,4050
712949429,2283872,4051
708199198,2283872,4052
705573398,2283872,4053
703251141,2283872,4054
702725770,2283872,4055
698473030,2283872,2230
695626852,2283872,4056
690778598,2283872,4057
686768829,2283872,4058
684484810,2283872,3648
681399184,2283872,2416
681256711,2283872,4059
677464472,2283872,4060
673227281,2283872,4061
669083922,2283872,4062
612769501,2283872,108
609123013,2283872,4063
608479398,2283872,4064
608032565,2283872,4065
600645074,2283872,4066
596337317,2283872,1668
594159306,2283872,4067
593139116,2283872,4068
1057272766,7171779,4069
1054955082,7171779,4070
1054702474,7171779,4071
1054396494,7171779,4072
1049141750,7171779,4073
1048707880,7171779,4074
1047674582,7171779,4075
1047014815,7171779,4076
1046326782,7171779,4077
1045780862,7171779,4078
1043330587,7171779,4079
1041070709,7171779,4080
1041070348,7171779,4081
1040585631,7171779,4082
1039591403,7171779,4083
1033896587,7171779,4084
1032779536,7171779,4085
1031216472,7171779,4086
1031216228,7171779,4087
1031216107,7171779,4088
1030459163,7171779,4089
1030458685,7171779,4089
997351121,7171779,4090
988838181,7171779,4091
988838005,7171779,4092
986966135,7171779,4093
982557080,7171779,4094
980687282,7171779,4095
973085095,7171779,4096
971381880,7171779,4097
969003369,7171779,4098
961970593,7171779,4099
956750871,7171779,4100
952245006,7171779,4101
941860410,7171779,4102
940161321,7171779,4103
917612640,7171779,4104
913635916,7171779,4105
900528353,7171779,4106
893429177,7171779,1453
893164319,7171779,4107
883104655,7171779,4108
871017332,7171779,4109
862814386,7171779,4110
860150593,7171779,4111
859360101,7171779,4112
851182156,7171779,4113
837928298,7171779,4114
751053546,7171779,4115
750943096,7171779,4116
750560878,7171779,4117
750470826,7171779,1117
750447766,7171779,4118
750397803,7171779,4119
750377289,7171779,4120
750218136,7171779,4121
749985623,7171779,4122
749808568,7171779,4123
749645018,7171779,4124
749407470,7171779,4125
749011614,7171779,4126
749010676,7171779,4127
748994732,7171779,4128
748115992,7171779,4129
747860699,7171779,4130
747481694,7171779,4131
747466974,7171779,4132
747336992,7171779,4133
747212289,7171779,4134
747212271,7171779,4135
746986579,7171779,4136
746875773,7171779,4137
746642999,7171779,4138
746628881,7171779,4139
746433047,7171779,4140
746408892,7171779,4141
746060826,7171779,4142
746030832,7171779,4143
745896887,7171779,4144
745834502,7171779,4145
745829279,7171779,4146
745818347,7171779,4147
745440148,7171779,4148
745385742,7171779,4149
745384596,7171779,4150
745368399,7171779,4151
745346919,7171779,4152
745156982,7171779,4153
745151170,7171779,4154
745032923,7171779,4155
745031970,7171779,4156
744983095,7171779,4157
744967396,7171779,4158
744769666,7171779,4159
744544414,7171779,4160
744313609,7171779,1559
744295015,7171779,4161
744259315,7171779,4162
744113797,7171779,4163
743845746,7171779,4164
743845237,7171779,4165
743831771,7171779,4166
743656433,7171779,4167
743537166,7171779,4168
743504823,7171779,4169
743484908,7171779,4170
743152807,7171779,4171
742969721,7171779,4172
742957220,7171779,4173
742950869,7171779,4174
742944057,7171779,4175
742943691,7171779,4176
742933297,7171779,4177
742809361,7171779,4178
742730834,7171779,4179
742687502,7171779,4180
742539639,7171779,4181
742534055,7171779,4182
742528794,7171779,4183
742415538,7171779,4184
742383915,7171779,4185
742354834,7171779,4186
742353497,7171779,4187
742351232,7171779,4188
742234208,7171779,4189
742189248,7171779,4190
742038870,7171779,4191
742033701,7171779,4192
742019517,7171779,4193
741930884,7171779,4194
741930773,7171779,4195
741905114,7171779,4196
741863778,7171779,4197
741765768,7171779,4198
741711055,7171779,4199
741706301,7171779,4200
741692137,7171779,4201
741610624,7171779,4202
741550770,7171779,4203
741548346,7171779,4204
741504387,7171779,4205
741464800,7171779,4206
741272456,7171779,4207
741262110,7171779,4208
741259663,7171779,4209
741258297,7171779,4210
741152077,7171779,4211
741090916,7171779,4212
741087902,7171779,4213
740926154,7171779,4214
740922609,7171779,4215
740916062,7171779,4216
740751151,7171779,4217
740701303,7171779,4218
740573224,7171779,4219
740568514,7171779,4220
740364897,7171779,4221
740210454,7171779,4222
740141410,7171779,4223
739992729,7171779,4224
739954766,7171779,4225
739948739,7171779,4226
739941770,7171779,4227
739590577,7171779,4228
739423354,7171779,4229
739236138,7171779,4230
739235713,7171779,4231
739234765,7171779,4232
739223714,7171779,4233
739207776,7171779,4234
739048304,7171779,4235
739046878,7171779,4236
738814754,7171779,4237
738275225,7171779,4238
738209334,7171779,4239
738184886,7171779,4240
738034989,7171779,4241
738015075,7171779,4242
738007711,7171779,4243
737983049,7171779,4244
737773718,7171779,4245
737766133,7171779,4246
737757329,7171779,4247
737740352,7171779,4248
737677948,7171779,4249
737506275,7171779,4250
737500763,7171779,4251
737486941,7171779,4252
737483262,7171779,4253
737481316,7171779,2512
737222073,7171779,4254
737209358,7171779,4255
737208231,7171779,4256
736991494,7171779,4257
736990616,7171779,4258
736967131,7171779,2531
736967021,7171779,4259
736962839,7171779,4260
736748947,7171779,4261
736747140,7171779,4262
736509013,7171779,4263
736489099,7171779,4264
736449341,7171779,4265
736189367,7171779,4266
735509516,7171779,4267
734571124,7171779,4268
734539793,7171779,4269
734537545,7171779,4270
734536724,7171779,4271
734534143,7171779,2122
734526535,7171779,4272
734410132,7171779,4273
734280519,7171779,4274
734235166,7171779,4275
734228874,7171779,4276
734224326,7171779,4277
734216921,7171779,4278
734050938,7171779,4279
734047954,7171779,4280
734027617,7171779,4281
733924061,7171779,4282
733896820,7171779,4283
733895381,7171779,4284
733895169,7171779,4285
733893954,7171779,4286
733892006,7171779,4287
733891912,7171779,4288
733872763,7171779,4289
733712750,7171779,4290
733697079,7171779,4291
733694366,7171779,4292
733692785,7171779,4293
733548874,7171779,4294
733366161,7171779,4295
733363255,7171779,4296
733349144,7171779,4297
733341827,7171779,4298
733337695,7171779,4299
733144874,7171779,4300
733031092,7171779,4301
732991540,7171779,4302
732984425,7171779,4303
732983546,7171779,4304
732976948,7171779,4305
732964411,7171779,4306
732964021,7171779,4307
732963856,7171779,4308
732960419,7171779,4309
732953873,7171779,4310
732948371,7171779,4311
732783667,7171779,4312
732780372,7171779,4313
732779919,7171779,4314
732761021,7171779,4315
732750879,7171779,4316
732749801,7171779,4317
732609487,7171779,4318
732599159,7171779,4319
732598082,7171779,4320
732587542,7171779,4321
732580342,7171779,4322
732571851,7171779,4323
732567492,7171779,4324
732560089,7171779,4325
732372224,7171779,4326
732364543,7171779,4327
732244657,7171779,3893
732241021,7171779,1157
732214513,7171779,4328
732186662,7171779,4329
732186557,7171779,4330
732182569,7171779,4331
732181451,7171779,4332
732173325,7171779,4333
731997631,7171779,4334
731982649,7171779,4335
731982477,7171779,4336
731769920,7171779,4337
731765743,7171779,4338
731619682,7171779,4339
731613648,7171779,4340
731525788,7171779,4341
731525470,7171779,4342
731501766,7171779,4343
731306225,7171779,4344
731297347,7171779,4345
731291412,7171779,4346
731138508,7171779,4347
731133601,7171779,4348
730991863,7171779,4349
730918109,7171779,717
730916517,7171779,4350
730907857,7171779,4351
730770304,7171779,4352
730763362,7171779,4353
730754015,7171779,4354
730623507,7171779,4355
730550375,7171779,4356
730538568,7171779,4357
730537723,7171779,4358
730536733,7171779,4359
730501181,7171779,4360
730397674,7171779,4361
730372050,7171779,4362
730369038,7171779,4363
730295351,7171779,4364
730198411,7171779,4365
730185443,7171779,4366
730177971,7171779,4367
730177365,7171779,4368
730144604,7171779,4369
730136400,7171779,4370
729953948,7171779,4371
729951654,7171779,4372
729944963,7171779,4373
729944323,7171779,4374
729943311,7171779,4375
729937440,7171779,4376
729931341,7171779,4377
729919045,7171779,4378
729730788,7171779,4379
729571314,7171779,4380
729541754,7171779,4381
729374320,7171779,4382
729369588,7171779,4383
729369304,7171779,4384
729262961,7171779,4385
729204313,7171779,4386
729190305,7171779,4387
729151625,7171779,4388
728989269,7171779,4389
728987156,7171779,4390
728953294,7171779,4391
728770984,7171779,4392
728763233,7171779,4393
728696098,7171779,4394
728565242,7171779,4395
728535160,7171779,4396
728521540,7171779,4397
728493301,7171779,4398
728359394,7171779,4399
728299164,7171779,4400
728131807,7171779,4401
728103656,7171779,4402
727926786,7171779,4403
727914728,7171779,4404
727899847,7171779,4405
727885875,7171779,4406
727880556,7171779,4407
727838157,7171779,4408
727837580,7171779,4409
727712167,7171779,4410
727666910,7171779,4411
727655169,7171779,4412
727551143,7171779,4413
727491191,7171779,4414
727479157,7171779,4415
727472353,7171779,4416
727457386,7171779,4417
727448284,7171779,4418
727447250,7171779,4419
727446684,7171779,4420
727442577,7171779,4421
727440647,7171779,4422
727431397,7171779,4423
727197614,7171779,4424
727187117,7171779,4425
726972127,7171779,4426
726742271,7171779,4427
726736314,7171779,4428
726735379,7171779,4429
726543828,7171779,4430
726523987,7171779,4431
726469070,7171779,4432
726421144,7171779,4433
726315072,7171779,4434
726311600,7171779,4435
726309497,7171779,4436
726285209,7171779,4437
726129959,7171779,4438
726129035,7171779,4439
726126210,7171779,4440
726091970,7171779,4441
726089201,7171779,4442
725932387,7171779,4443
725862436,7171779,4444
725852868,7171779,4445
725843319,7171779,4446
725839015,7171779,4447
725440268,7171779,4448
725363819,7171779,4449
725363372,7171779,4450
725357775,7171779,4451
725330789,7171779,4452
725149951,7171779,4453
725137245,7171779,4454
725135560,7171779,4455
725122895,7171779,4456
725119420,7171779,4457
725117899,7171779,4458
725099999,7171779,4459
724994778,7171779,4460
724917630,7171779,4461
724914357,7171779,4462
724906084,7171779,4463
724881637,7171779,4464
724746323,7171779,4465
724690785,7171779,4466
724629705,7171779,4467
724616036,7171779,739
724615798,7171779,4468
724358180,7171779,4469
724357443,7171779,4470
724356366,7171779,4471
724351861,7171779,4472
724345820,7171779,4473
724313766,7171779,4474
724312578,7171779,4475
724311861,7171779,4476
724281642,7171779,4477
724021796,7171779,4478
724020588,7171779,4479
723976024,7171779,4480
723952281,7171779,4481
723951334,7171779,4482
723948151,7171779,4483
723710344,7171779,4484
723705924,7171779,4485
723702989,7171779,4486
723660425,7171779,4487
723487511,7171779,4488
723440544,7171779,4489
723440478,7171779,4490
723424946,7171779,4491
723422872,7171779,4492
723419993,7171779,4493
723404003,7171779,4494
723225994,7171779,4495
723225451,7171779,4496
723220257,7171779,4497
723216115,7171779,4498
723195518,7171779,4499
723122287,7171779,4500
722989489,7171779,371
722966817,7171779,4501
722946946,7171779,738
722733821,7171779,4502
722510441,7171779,4503
722478942,7171779,4504
722345193,7171779,4505
722306785,7171779,4506
722219293,7171779,4507
722192818,7171779,4508
722062155,7171779,4509
721961924,7171779,4510
721949655,7171779,4511
721945034,7171779,4512
721940512,7171779,4513
721927637,7171779,4514
721732219,7171779,4515
721687280,7171779,4516
721681304,7171779,4517
721667711,7171779,4518
721417724,7171779,4519
721191909,7171779,4520
721061882,7171779,4521
720658812,7171779,4522
720626069,7171779,4523
720336474,7171779,4524
720074871,7171779,4525
720069954,7171779,4526
720068578,7171779,4527
720065914,7171779,4528
720059186,7171779,4529
719894823,7171779,4530
719830076,7171779,4531
719828753,7171779,4532
719819027,7171779,4533
719807413,7171779,4534
719593218,7171779,4535
719583635,7171779,4536
719551569,7171779,4537
719534825,7171779,4538
719516249,7171779,4539
719358091,7171779,4540
719333900,7171779,4541
719333649,7171779,4542
719289628,7171779,4543
719284530,7171779,4544
719279282,7171779,4545
719149870,7171779,4546
719131441,7171779,4547
719119755,7171779,4548
719064528,7171779,4549
719035379,7171779,4550
719022749,7171779,4551
719017565,7171779,4552
718770257,7171779,4553
718767645,7171779,4554
718752652,7171779,4555
718504747,7171779,4556
718501273,7171779,4557
718484360,7171779,4558
718195802,7171779,4559
718194413,7171779,4560
718093960,7171779,4561
717964668,7171779,4562
717881625,7171779,4563
717852990,7171779,4564
717567851,7171779,4565
717567206,7171779,4566
717545004,7171779,4567
717543698,7171779,4568
717441031,7171779,4569
717336686,7171779,4570
717334125,7171779,4571
717250691,7171779,4572
717242606,7171779,4573
717234240,7171779,4574
717226119,7171779,4575
717055325,7171779,4576
716969820,7171779,4577
716968892,7171779,4578
716965489,7171779,4579
716962785,7171779,4580
716952557,7171779,4581
716935227,7171779,4582
716922221,7171779,4583
716334155,7171779,4584
716316073,7171779,4585
716294760,7171779,4586
716257095,7171779,4587
716232997,7171779,4588
716205178,7171779,4589
716048726,7171779,4590
715956032,7171779,4591
715919974,7171779,4592
715875915,7171779,4593
715747113,7171779,4594
715498370,7171779,4595
715454038,7171779,4596
715432576,7171779,4597
715424446,7171779,4598
715399769,7171779,4599
715211859,7171779,4600
715211174,7171779,4601
715173484,7171779,4602
715170933,7171779,4603
714743980,7171779,4604
714705838,7171779,3631
714671329,7171779,4605
714662206,7171779,4606
714661619,7171779,4607
714451608,7171779,4608
714418496,7171779,4609
714164153,7171779,4610
714122311,7171779,4611
714112830,7171779,4612
714110427,7171779,4613
713830219,7171779,4614
713820932,7171779,4615
713820425,7171779,4616
713819917,7171779,4617
713815467,7171779,4618
713744780,7171779,4619
713592243,7171779,4620
713569298,7171779,4621
713561674,7171779,4622
713420936,7171779,4623
713368555,7171779,4624
713330599,7171779,4625
713329868,7171779,4626
713312685,7171779,4627
713090807,7171779,4628
713080783,7171779,4629
713078018,7171779,4630
713032896,7171779,4631
713015229,7171779,4632
712849732,7171779,4633
712800709,7171779,4634
712795836,7171779,4635
712513409,7171779,4636
712494651,7171779,4637
712223984,7171779,4638
712209824,7171779,4639
712169675,7171779,4640
712131936,7171779,4641
711921802,7171779,4642
711869849,7171779,4643
711868834,7171779,4644
711861844,7171779,4645
711852021,7171779,4646
711822005,7171779,4647
711644454,7171779,4648
711611407,7171779,4649
711591855,7171779,4650
711590045,7171779,4651
711582347,7171779,4652
711438375,7171779,4653
711396909,7171779,4654
711386069,7171779,4655
711349768,7171779,4656
711134066,7171779,4657
711100136,7171779,393
711085839,7171779,4658
711055610,7171779,4659
711047689,7171779,4660
711030643,7171779,4661
710853743,7171779,4662
710804969,7171779,4663
710775280,7171779,4664
710774384,7171779,4665
710725749,7171779,4666
710587496,7171779,4667
710586808,7171779,4668
710574594,7171779,4669
710572968,7171779,4670
710467294,7171779,4671
710118872,7171779,4672
709848320,7171779,4673
709574653,7171779,4674
709574381,7171779,4675
709570628,7171779,4676
709311806,7171779,4677
709280370,7171779,4678
709230130,7171779,4679
709039233,7171779,4680
708942962,7171779,4681
708737392,7171779,4682
708705207,7171779,4683
708512829,7171779,4684
708479088,7171779,4685
708455307,7171779,4686
708450758,7171779,4687
708410154,7171779,4688
708392453,7171779,4689
708098603,7171779,4690
708082483,7171779,4691
708069195,7171779,4692
708045478,7171779,4693
707779662,7171779,4694
707754159,7171779,4695
707741198,7171779,4696
707673813,7171779,4697
707472315,7171779,4698
707444891,7171779,4699
707419946,7171779,4700
707405436,7171779,4701
707124965,7171779,4702
706945592,7171779,4703
706411151,7171779,4704
706331345,7171779,4705
705646117,7171779,4706
705532134,7171779,4707
705503185,7171779,4708
704855637,7171779,4709
704832211,7171779,4710
704560430,7171779,4711
704487038,7171779,4712
704483897,7171779,4713
704482098,7171779,4714
704481680,7171779,4715
704175508,7171779,4716
704138102,7171779,4717
703834554,7171779,4718
703806791,7171779,4719
703535085,7171779,4720
703516214,7171779,4721
703476217,7171779,4722
703457295,7171779,4723
703177689,7171779,4724
703174561,7171779,4725
703048764,7171779,4726
702773680,7171779,4727
702727701,7171779,4728
702444419,7171779,4729
702411939,7171779,4730
702406618,7171779,4731
702395167,7171779,4732
702089375,7171779,4733
702049181,7171779,4734
702044622,7171779,3637
701844520,7171779,4735
701831101,7171779,4736
701825050,7171779,4737
701734754,7171779,4738
701348081,7171779,4739
701304443,7171779,4740
701303475,7171779,4741
700357784,7171779,4742
700228856,7171779,4743
700195592,7171779,4744
700192774,7171779,4745
700178843,7171779,4746
700177976,7171779,4747
700176018,7171779,4748
700175975,7171779,4749
699878865,7171779,4750
699815773,7171779,4751
699769615,7171779,4752
699519537,7171779,4753
699515005,7171779,4754
699492907,7171779,4755
699474688,7171779,4756
699470261,7171779,4757
699452197,7171779,4758
699203751,7171779,4759
699177751,7171779,4760
699175494,7171779,4761
699089657,7171779,1750
698875155,7171779,4762
698850885,7171779,4763
698457522,7171779,4764
698446162,7171779,4765
698431155,7171779,4766
698410476,7171779,4767
698401335,7171779,4768
698389718,7171779,4769
698027064,7171779,4770
698005942,7171779,4771
698001487,7171779,4772
698001454,7171779,4773
697727393,7171779,4774
697713366,7171779,4775
697703049,7171779,4776
697692404,7171779,4777
697675586,7171779,4778
697459915,7171779,4779
697443979,7171779,4780
697438110,7171779,4781
697437413,7171779,4782
697437408,7171779,4783
697124629,7171779,4784
697104706,7171779,4785
696869189,7171779,4786
696859347,7171779,4787
696855415,7171779,4788
696853435,7171779,4789
696809786,7171779,4790
696537212,7171779,1414
696463636,7171779,4791
696420197,7171779,4792
696063013,7171779,4793
695967544,7171779,4794
695966209,7171779,4795
695965188,7171779,4796
695642861,7171779,4797
695507315,7171779,4798
695141511,7171779,4799
695113921,7171779,4800
695110054,7171779,4801
695089428,7171779,4802
695089333,7171779,4803
695085575,7171779,4804
694867779,7171779,4805
694867578,7171779,4806
694662728,7171779,1221
694574809,7171779,4807
694574464,7171779,4808
693808093,7171779,4809
693672790,7171779,4810
693656401,7171779,4811
693646926,7171779,4812
693636509,7171779,4813
693426234,7171779,4814
693366886,7171779,4815
693094469,7171779,4816
693089681,7171779,4817
693082885,7171779,4818
692822854,7171779,4819
692641810,7171779,4820
692611725,7171779,4821
692543104,7171779,4822
692246041,7171779,4823
692244575,7171779,4824
692066269,7171779,4825
691993518,7171779,4826
691981409,7171779,4827
691917956,7171779,4828
691661780,7171779,4829
691651264,7171779,4830
691643219,7171779,4831
691638532,7171779,4832
691632802,7171779,4833
691622553,7171779,4834
691619402,7171779,4835
691590007,7171779,4836
691585304,7171779,4837
691526840,7171779,4838
691321231,7171779,4839
691319002,7171779,4840
691314248,7171779,4841
691314076,7171779,4842
691305768,7171779,4843
691294522,7171779,4844
691155902,7171779,4845
691078994,7171779,4846
691073200,7171779,4847
691033269,7171779,4848
691030214,7171779,4849
690818396,7171779,4850
690536528,7171779,4851
690059255,7171779,4852
689989340,7171779,4853
689981767,7171779,4854
689925267,7171779,4855
689655366,7171779,4856
689650439,7171779,4857
689128170,7171779,4858
688897945,7171779,4859
688862843,7171779,4860
688858651,7171779,4861
688840951,7171779,4862
688604732,7171779,4863
688589012,7171779,4864
688413827,7171779,4865
688032925,7171779,4866
688021181,7171779,4867
687986709,7171779,4868
687979326,7171779,4869
687844559,7171779,4870
687746224,7171779,4871
687741620,7171779,4872
687689916,7171779,4873
687455901,7171779,4874
687420614,7171779,4875
687378576,7171779,4876
687376493,7171779,4877
687175461,7171779,4878
687172363,7171779,4879
687139111,7171779,4880
686923284,7171779,4881
686922211,7171779,4882
686883750,7171779,4883
686437769,7171779,4884
686423599,7171779,4885
686352959,7171779,4886
685964982,7171779,4887
685936922,7171779,4888
685920157,7171779,4889
685913865,7171779,4890
685913308,7171779,4891
685905923,7171779,4892
685905860,7171779,4893
685706499,7171779,4894
685657268,7171779,4895
685648221,7171779,4896
685644928,7171779,4897
685630631,7171779,4898
685360550,7171779,4899
685360420,7171779,4900
685348654,7171779,4901
685138953,7171779,4902
685127968,7171779,4903
685123918,7171779,4904
685094036,7171779,4905
684901218,7171779,4906
684888032,7171779,4907
684684865,7171779,4908
684684354,7171779,4909
684682411,7171779,4910
684662300,7171779,4911
684469962,7171779,4912
684447958,7171779,4913
684168271,7171779,4914
684148030,7171779,4915
684145574,7171779,4916
684127235,7171779,4917
683860459,7171779,4918
683691650,7171779,4919
683416950,7171779,4920
683376749,7171779,4921
683364126,7171779,4922
683351712,7171779,4923
683349685,7171779,4924
683061654,7171779,4925
682909074,7171779,4926
682835818,7171779,4927
682829363,7171779,4928
682352590,7171779,4929
682325959,7171779,4930
682099817,7171779,4931
682099182,7171779,4932
681841893,7171779,4933
681824302,7171779,4934
681820242,7171779,4935
681600471,7171779,4936
681388358,7171779,4937
681374766,7171779,4938
681361538,7171779,4939
681152081,7171779,4940
681149671,7171779,4941
680909699,7171779,4942
680797285,7171779,4943
680755548,7171779,4944
680744002,7171779,4945
680684101,7171779,4946
680667312,7171779,4947
680652929,7171779,4948
680608475,7171779,4949
680406226,7171779,4950
680367744,7171779,4951
680365565,7171779,4952
680349832,7171779,4953
680127769,7171779,4954
680121508,7171779,4955
680094718,7171779,4956
680076786,7171779,4957
679907582,7171779,4958
679904812,7171779,4959
679659322,7171779,4960
679647995,7171779,4961
679419902,7171779,4962
679370807,7171779,4963
678716714,7171779,4964
678716533,7171779,4965
678479267,7171779,4966
678478510,7171779,4967
678464418,7171779,4968
678439743,7171779,4969
678205174,7171779,4970
678190422,7171779,4971
678187457,7171779,4972
678056598,7171779,4973
678021148,7171779,4974
678015292,7171779,4975
678007336,7171779,4976
677511665,7171779,4977
677305686,7171779,4978
677304506,7171779,4979
677300090,7171779,4980
677264095,7171779,1633
677007816,7171779,4981
676763950,7171779,4982
676755822,7171779,4983
676749039,7171779,4984
676740276,7171779,4985
676739664,7171779,4986
676473922,7171779,4987
676462819,7171779,4988
676305092,7171779,4989
676304634,7171779,4990
676071467,7171779,4991
676059015,7171779,4992
676058995,7171779,4993
676045132,7171779,4994
675869021,7171779,4995
675839054,7171779,4996
675780382,7171779,4997
675637092,7171779,4998
675392416,7171779,4999
675169098,7171779,5000
675168767,7171779,5001
675165942,7171779,5002
675138816,7171779,5003
674944866,7171779,5004
674904317,7171779,5005
674903381,7171779,5006
674902843,7171779,5007
674741619,7171779,5008
674741491,7171779,5009
674741376,7171779,5010
674741207,7171779,5011
674740863,7171779,5012
674740828,7171779,5013
674740663,7171779,5014
674704982,7171779,5015
674513721,7171779,5016
674318268,7171779,5017
674312623,7171779,5018
674120718,7171779,5019
674120116,7171779,5020
674112007,7171779,5021
674072551,7171779,5022
674017584,7171779,5023
673619635,7171779,5024
673611047,7171779,5025
673369819,7171779,5026
673229569,7171779,5027
673153214,7171779,5028
673145965,7171779,5029
673099121,7171779,5030
672939811,7171779,5031
672438603,7171779,5032
672100883,7171779,5033
672099289,7171779,5034
672045572,7171779,5035
671765741,7171779,5036
671550872,7171779,5037
671546235,7171779,5038
671316282,7171779,5039
671312351,7171779,5040
671088513,7171779,5041
670822912,7171779,5042
670566084,7171779,5043
670351048,7171779,5044
670101274,7171779,5045
669829849,7171779,5046
669808385,7171779,5047
669806857,7171779,5048
669781026,7171779,5049
669777007,7171779,5050
669573110,7171779,5051
669459829,7171779,5052
669379679,7171779,5053
669340412,7171779,5054
669329042,7171779,5055
669123266,7171779,5056
669120299,7171779,5057
669114680,7171779,5058
669108178,7171779,5059
668781256,7171779,5060
668229392,7171779,5061
668120948,7171779,5062
668007840,7171779,5063
668007016,7171779,5064
667778060,7171779,5065
667770610,7171779,5066
667730957,7171779,5067
667555265,7171779,5068
667554879,7171779,5069
667549196,7171779,5070
667397714,7171779,5071
667367223,7171779,5072
667348402,7171779,5073
667347431,7171779,5074
667318324,7171779,5075
667317799,7171779,5076
666885986,7171779,842
666882297,7171779,5077
666875330,7171779,5078
666643320,7171779,5079
666632056,7171779,1575
666613431,7171779,5080
666609722,7171779,5081
666594620,7171779,5082
666591669,7171779,5083
666275890,7171779,5084
666180759,7171779,5085
665891546,7171779,5086
665863103,7171779,5087
665711972,7171779,5088
665649407,7171779,5089
657285811,7171779,5090
646906238,7171779,5091
644488810,7171779,5092
637557967,7171779,5093
622053690,7171779,5094
622027334,7171779,5095
622027165,7171779,5096
622026682,7171779,5097
622026469,7171779,5098
622025575,7171779,5099
622014719,7171779,5100
621751602,7171779,5101
621735160,7171779,5102
621730121,7171779,5103
621704968,7171779,5104
621681779,7171779,5105
621647818,7171779,5106
621357959,7171779,5107
621242729,7171779,5108
621240478,7171779,5109
621236224,7171779,5110
621235851,7171779,5111
621235210,7171779,5112
621199401,7171779,5113
621196375,7171779,5114
620951076,7171779,5115
620742930,7171779,5116
620617878,7171779,5117
620616150,7171779,5118
620600083,7171779,5119
620390710,7171779,5120
620383766,7171779,5121
620221667,7171779,5122
620198953,7171779,5123
620149313,7171779,5124
620115175,7171779,5125
618209182,7171779,5126
617529696,7171779,5127
617197348,7171779,5128
616588795,7171779,5129
615598458,7171779,5130
615598439,7171779,5131
614304566,7171779,5132
614299177,7171779,5133
614292678,7171779,5134
614289729,7171779,5135
614272416,7171779,5136
614271879,7171779,5137
614268056,7171779,5138
614254818,7171779,5139
614254665,7171779,5140
612820726,7171779,5141
611765068,7171779,5142
610715653,7171779,5143
609525885,7171779,5144
606889007,7171779,5145
603770599,7171779,5146
601974968,7171779,5147
601028353,7171779,5148
599839466,7171779,5149
598327165,7171779,5150
597814871,7171779,5151
595172860,7171779,5152
594793567,7171779,5153
593873215,7171779,5154
587942333,7171779,5155
584926121,7171779,5156
1058291101,27705549,5157
1057712639,27705549,5158
1057469467,27705549,5159
1056445197,27705549,5160
1055814765,27705549,5161
1055676634,27705549,5162
1055309963,27705549,5163
1055004028,27705549,5164
1054978323,27705549,5165
1054977948,27705549,5166
1054975265,27705549,5167
1054972061,27705549,5168
1054862377,27705549,5169
1054711478,27705549,5170
1054645045,27705549,5171
1054393906,27705549,5172
1054381156,27705549,5173
1054312466,27705549,5174
1054265481,27705549,5175
1054264589,27705549,5176
1053608652,27705549,5177
1053605491,27705549,5178
1053591344,27705549,5179
1053052377,27705549,5180
1052807510,27705549,5181
1052751721,27705549,5182
1047123565,27705549,5183
1043430980,27705549,5184
1036269545,27705549,5185
1010873987,27705549,5186
1001126163,27705549,5187
1000230786,27705549,5188
999380735,27705549,5189
998011353,27705549,5190
998010608,27705549,5161
997971897,27705549,5191
997893234,27705549,5192
997881193,27705549,5160
997583446,27705549,5193
997099523,27705549,5194
994962598,27705549,5195
994790201,27705549,5196
994556197,27705549,5197
994543771,27705549,5198
994541350,27705549,5199
994439720,27705549,5200
994408791,27705549,5201
994404049,27705549,5202
536666816,9806515,181
536295292,9806515,3577
489522096,9806515,5203
464196216,9806515,3911
639692713,8856733,1953
536302478,8856733,3577
532290664,8856733,181
515184960,8856733,5204
489518968,8856733,5203
988575946,32796078,5205
986925996,32796078,5206
562295420,9974461,132
463924593,9974461,132
450113613,9974461,181
1068182928,10068803,3534
947392645,10068803,355
892460029,10068803,33
711369880,10068803,1038
606947103,10068803,181
594264808,10068803,1838
512048497,10068803,2616
506825940,10068803,5207
464669398,10068803,5208
893164445,12435632,5209
490917567,12435632,5210
486308434,12435632,5211
973422557,4795476,5212
749656335,4795476,5213
747674701,4795476,5214
747656409,4795476,5215
747656383,4795476,5216
744980982,4795476,5217
744038873,4795476,5218
740507787,4795476,5219
736602269,4795476,5220
731953210,4795476,5221
731179053,4795476,5222
731007126,4795476,5223
728341197,4795476,5224
728046754,4795476,5225
726796846,4795476,5226
725121927,4795476,5227
725116305,4795476,5228
723723341,4795476,5229
722962772,4795476,5230
722694973,4795476,5231
722546583,4795476,5232
722448848,4795476,5233
722255082,4795476,5234
722247763,4795476,5235
722204243,4795476,5236
722199183,4795476,5237
722180237,4795476,5238
722083431,4795476,5239
722021060,4795476,5240
721910662,4795476,5241
721892143,4795476,5242
721891345,4795476,5243
721780439,4795476,5244
721581231,4795476,5245
721480193,4795476,5246
721467929,4795476,5247
721438930,4795476,5248
721428426,4795476,5249
721428282,4795476,5250
721426137,4795476,5251
721419227,4795476,5252
721414302,4795476,5253
720921352,4795476,5254
720914235,4795476,5255
720909763,4795476,5256
720883905,4795476,5257
720693456,4795476,5258
720650862,4795476,5259
720602902,4795476,5260
720596595,4795476,5261
720591354,4795476,5262
720452276,4795476,5263
719970961,4795476,5264
719563834,4795476,5265
719083247,4795476,5266
719078874,4795476,5267
718767693,4795476,5268
718732062,4795476,5269
718616054,4795476,5270
718552925,4795476,5271
718522018,4795476,5272
718492676,4795476,5273
718466381,4795476,5274
718451043,4795476,5275
718279274,4795476,5276
718164572,4795476,5277
717254707,4795476,5278
717215250,4795476,5279
717062334,4795476,5280
716980869,4795476,5281
715989886,4795476,5282
714249671,4795476,5283
714236426,4795476,5284
714147260,4795476,5285
714134649,4795476,5286
714132083,4795476,5287
714105795,4795476,5288
714105242,4795476,5289
714081472,4795476,5290
713794788,4795476,5291
713655301,4795476,5292
713561526,4795476,5293
713494339,4795476,5294
713355196,4795476,5295
713341929,4795476,5296
713340953,4795476,5297
713330074,4795476,5298
713324582,4795476,5299
713318782,4795476,5300
713313928,4795476,5301
713295069,4795476,5302
713292382,4795476,5303
713288687,4795476,5304
713273226,4795476,5305
713085612,4795476,5306
713067992,4795476,5307
713063266,4795476,5308
713008247,4795476,5309
713008170,4795476,5310
712972776,4795476,5311
712893162,4795476,5312
712861686,4795476,5313
712845894,4795476,5314
712840186,4795476,5315
712822868,4795476,5316
712815357,4795476,5317
712813247,4795476,5318
712811070,4795476,5319
712756823,4795476,5320
712753026,4795476,5321
712555271,4795476,5322
712551944,4795476,5323
712525882,4795476,5324
712525416,4795476,5325
712495824,4795476,5326
712493611,4795476,5327
712491395,4795476,5328
712490429,4795476,5329
712480960,4795476,5330
712480333,4795476,5331
712478762,4795476,5332
712478289,4795476,5333
712202947,4795476,5334
712187597,4795476,5335
712147293,4795476,5336
712120208,4795476,5337
712094414,4795476,5338
711624301,4795476,5339
711623882,4795476,5340
711623171,4795476,5341
711550001,4795476,5342
711334798,4795476,5343
711334597,4795476,5344
711105207,4795476,5345
710813332,4795476,5346
710787925,4795476,5347
710779527,4795476,5348
710492414,4795476,5349
710486827,4795476,5350
710161169,4795476,5351
709545263,4795476,5352
707483435,4795476,5353
704863056,4795476,5354
704832515,4795476,5355
704520034,4795476,5356
704125641,4795476,5357
703805830,4795476,5358
703375246,4795476,5359
702410806,4795476,5360
702349496,4795476,5361
701372231,4795476,5362
700461226,4795476,5363
699499353,4795476,5364
699269120,4795476,5365
698957932,4795476,5366
698076321,4795476,5367
697456244,4795476,5368
697194884,4795476,5369
696500513,4795476,5370
696491576,4795476,5371
696437561,4795476,5372
696415488,4795476,5373
695152096,4795476,5374
695122515,4795476,5375
694732985,4795476,5376
694639397,4795476,5377
693027207,4795476,5378
693024394,4795476,5379
693024362,4795476,5380
691922060,4795476,5381
691539523,4795476,5382
690769074,4795476,5383
690513032,4795476,5384
690252047,4795476,5385
689181240,4795476,5386
689178020,4795476,5387
688872915,4795476,5388
686693347,4795476,5389
686612563,4795476,5390
685909083,4795476,5391
685637590,4795476,5392
685626044,4795476,5393
685624004,4795476,5394
684412140,4795476,5395
684195531,4795476,5396
684133578,4795476,5397
683134139,4795476,5398
683134072,4795476,5399
683081062,4795476,5400
682867259,4795476,5401
682376288,4795476,5402
682047443,4795476,5403
681417571,4795476,5404
681415525,4795476,5405
680625001,4795476,5406
679925230,4795476,5407
679890492,4795476,5408
679694161,4795476,5409
679143842,4795476,5410
678506772,4795476,5411
678497455,4795476,5412
677996937,4795476,5413
677798749,4795476,5414
677555013,4795476,5415
677530655,4795476,5416
677505134,4795476,5417
677504746,4795476,5418
677302110,4795476,5419
677067462,4795476,5420
677033096,4795476,5421
676996128,4795476,5422
676713861,4795476,5423
676696474,4795476,5424
676297269,4795476,5425
676297260,4795476,5426
676260449,4795476,5427
676094751,4795476,5428
676039616,4795476,5429
676039448,4795476,5430
676039146,4795476,5431
676038484,4795476,5432
676036887,4795476,5433
676033883,4795476,5434
675647186,4795476,5435
675174773,4795476,5436
674734041,4795476,5437
674703675,4795476,5250
674202629,4795476,5438
674088920,4795476,5439
674080946,4795476,5440
673652520,4795476,5441
673627997,4795476,5442
673548696,4795476,5443
673199807,4795476,5444
673199573,4795476,5445
673192310,4795476,5446
673188379,4795476,5447
672940350,4795476,5448
672938626,4795476,5449
672937115,4795476,5450
672936342,4795476,5451
672915562,4795476,5452
672759909,4795476,5453
672755822,4795476,5454
672703079,4795476,5455
670516620,4795476,2243
670384535,4795476,5456
670367944,4795476,5457
670343844,4795476,5458
670330371,4795476,5459
670088077,4795476,5460
670052546,4795476,5461
670052441,4795476,5462
670049020,4795476,5463
669598833,4795476,5464
669596976,4795476,5465
669363787,4795476,5466
669330911,4795476,5467
669162523,4795476,5468
669069701,4795476,5469
669060845,4795476,5470
669054885,4795476,5471
668831495,4795476,5472
668820350,4795476,5473
668816495,4795476,5474
668638105,4795476,5475
668631974,4795476,5476
668584170,4795476,5477
668158589,4795476,5478
667982522,4795476,5479
667977406,4795476,5480
667966282,4795476,5481
667842268,4795476,5482
667812869,4795476,5483
667798125,4795476,5484
667591295,4795476,5485
667590986,4795476,5486
667492051,4795476,5487
667359371,4795476,5488
667198367,4795476,5489
667162551,4795476,5490
667158781,4795476,5491
667156495,4795476,5247
667137654,4795476,5492
667137141,4795476,5493
667121645,4795476,5494
666883607,4795476,5495
666860351,4795476,5496
666850400,4795476,5497
666706341,4795476,5498
666638707,4795476,5499
666638369,4795476,5500
666620835,4795476,5501
666595394,4795476,5502
666546600,4795476,5503
666546301,4795476,5504
666534583,4795476,5505
665933190,4795476,5506
665889557,4795476,5507
665673240,4795476,5508
660452828,4795476,5509
609493977,4795476,5510
609005876,4795476,5511
605247906,4795476,5512
604239334,4795476,5513
603128809,4795476,5514
602586536,4795476,5515
601720810,4795476,5516
600932033,4795476,5517
597847733,4795476,5518
1068472920,1557134,5519
1066255906,1557134,5520
1066096350,1557134,5521
1066095810,1557134,5522
1066095694,1557134,5523
1066095593,1557134,5524
1066095590,1557134,5525
1066095529,1557134,5526
1064219113,1557134,5527
1063163880,1557134,5528
1053283418,1557134,5529
1051364567,1557134,5530
1047779694,1557134,5531
1046224968,1557134,5532
1045912923,1557134,5533
1045903170,1557134,5534
1044339540,1557134,5535
1041178943,1557134,5536
1038921265,1557134,5537
1038562574,1557134,5538
1036265102,1557134,5539
1036152545,1557134,5540
1029158249,1557134,5541
1028420996,1557134,5542
1028286433,1557134,5543
1026933725,1557134,5544
1025009970,1557134,5545
1023378245,1557134,5546
1022516980,1557134,5547
1020863238,1557134,5548
1020375379,1557134,5549
1019360343,1557134,5550
1018998817,1557134,5551
1017735032,1557134,5552
1017424228,1557134,5553
1016584679,1557134,5554
1016315837,1557134,5555
1015486507,1557134,5556
1015476301,1557134,5557
1015476279,1557134,5558
1011309753,1557134,5559
1011309504,1557134,5560
1008932685,1557134,5561
1008076455,1557134,5562
1006771729,1557134,5563
1005333178,1557134,5564
1004222837,1557134,5565
1004218565,1557134,5566
1004217726,1557134,5567
1001814596,1557134,5568
1000485780,1557134,5569
1000098973,1557134,5570
999745575,1557134,5571
999516691,1557134,5572
999387855,1557134,5573
998612764,1557134,5574
997481556,1557134,5575
995966880,1557134,5576
994292862,1557134,5577
974402037,1557134,5578
972905113,1557134,5579
972257118,1557134,5580
965048614,1557134,5581
934851126,1557134,5582
914916179,1557134,5583
914561039,1557134,5584
901353430,1557134,5585
888618601,1557134,5586
883585664,1557134,5587
880282263,1557134,5588
878355879,1557134,5589
875016744,1557134,5590
871762710,1557134,5591
750689434,1557134,5592
750563929,1557134,5593
750381090,1557134,5594
750171816,1557134,5595
750169966,1557134,5596
749811538,1557134,5597
749638534,1557134,5598
749635357,1557134,5599
748612567,1557134,5600
748419429,1557134,5601
748226053,1557134,5602
748018518,1557134,5603
746430320,1557134,5604
746285055,1557134,5605
746227240,1557134,5606
746060128,1557134,5607
746044373,1557134,5608
745628657,1557134,5609
745352358,1557134,5610
745135022,1557134,5611
744951126,1557134,5612
744949816,1557134,5613
744948906,1557134,5614
743845457,1557134,5615
743833956,1557134,5616
743006886,1557134,5617
735947369,1557134,5618
732164883,1557134,5619
730728861,1557134,5620
730708126,1557134,5621
730705984,1557134,5622
730705590,1557134,5623
730555281,1557134,5624
730541175,1557134,5625
730167394,1557134,5626
730166351,1557134,5627
729791613,1557134,5628
729574085,1557134,5629
729573492,1557134,5630
728947799,1557134,5631
728845809,1557134,5632
728775786,1557134,5633
728761773,1557134,5634
728761579,1557134,5635
728761234,1557134,5636
728664255,1557134,5637
728615691,1557134,5638
728360319,1557134,5639
728338097,1557134,5640
728288138,1557134,5641
727756514,1557134,5642
727739705,1557134,5643
727681708,1557134,5644
727237105,1557134,5645
727223028,1557134,5646
726750972,1557134,5647
726073768,1557134,5648
725882074,1557134,5649
725779388,1557134,5650
725719023,1557134,5651
725601799,1557134,5652
725383230,1557134,5653
725141599,1557134,5654
725140015,1557134,5655
724843970,1557134,5656
724826435,1557134,5657
724825464,1557134,5658
724810093,1557134,5659
724370730,1557134,5660
724267615,1557134,567
723993495,1557134,5661
723692661,1557134,5662
722953711,1557134,5663
721759869,1557134,5664
718469133,1557134,5665
718167175,1557134,5666
717254953,1557134,5667
714410311,1557134,5668
714386535,1557134,5669
712050970,1557134,5670
710152389,1557134,5671
699899725,1557134,5672
672807152,1557134,5673
672495319,1557134,5674
666250019,1557134,5675
660809196,1557134,5676
660631868,1557134,5677
660469177,1557134,5678
660468342,1557134,5679
660325509,1557134,5680
658231233,1557134,5681
656717629,1557134,5682
656715859,1557134,5683
648503677,1557134,5684
648498114,1557134,5685
644673227,1557134,5686
641579875,1557134,5687
641578870,1557134,5688
641571087,1557134,5689
641569738,1557134,5690
641566828,1557134,5691
641564889,1557134,5692
641563358,1557134,5693
637538976,1557134,5694
636938866,1557134,5695
635309757,1557134,5696
633304342,1557134,5697
631127011,1557134,5698
630845890,1557134,5699
630393730,1557134,5700
630393178,1557134,5701
621646199,1557134,5106
621634610,1557134,5702
621427754,1557134,5703
621351545,1557134,5704
621324267,1557134,5705
621232627,1557134,5706
621027321,1557134,5707
620663395,1557134,5708
620602703,1557134,5709
620491481,1557134,5710
620400162,1557134,5711
620399074,1557134,5712
619945929,1557134,5713
619927790,1557134,5714
619878520,1557134,5715
619875719,1557134,5716
619660011,1557134,5717
619622742,1557134,5718
619303902,1557134,5719
619298028,1557134,5720
619153501,1557134,5721
618103661,1557134,5722
617954315,1557134,5723
617821443,1557134,5724
617304612,1557134,5725
617149927,1557134,5726
615582918,1557134,5727
615582836,1557134,5728
615582494,1557134,5729
615582406,1557134,5730
615317225,1557134,5731
615116095,1557134,5732
614012825,1557134,5733
613982541,1557134,5734
613658682,1557134,5735
613634644,1557134,5736
613401849,1557134,5737
613057771,1557134,5738
613042034,1557134,5739
613041440,1557134,5740
612748976,1557134,5741
612748889,1557134,5742
611902879,1557134,5743
611865282,1557134,5744
610562166,1557134,5745
607909222,1557134,5746
607888268,1557134,5747
607887860,1557134,5748
607275066,1557134,5749
606626230,1557134,5750
606436751,1557134,5751
604694493,1557134,5752
603171374,1557134,5753
602871396,1557134,5754
599237467,1557134,5755
594181687,1557134,5756
593190945,1557134,5757
587575352,1557134,5758
587574369,1557134,5759
587281304,1557134,5760
586570529,1557134,5761
586283874,1557134,5762
585455750,1557134,5763
582349148,1557134,5764
581316445,1557134,5765
581315050,1557134,5766
581184128,1557134,5767
581170375,1557134,5768
581168479,1557134,5769
581008661,1557134,5770
580847811,1557134,5771
580038409,1557134,5772
577631356,1557134,5773
577309955,1557134,5774
577309378,1557134,5775
577113151,1557134,5776
576827492,1557134,5777
575774712,1557134,5778
575762767,1557134,5779
573390864,1557134,5780
572765259,1557134,5781
572764738,1557134,5782
572763911,1557134,5783
572331241,1557134,5784
571608468,1557134,5785
557054896,1557134,5786
548131341,1557134,5787
536741994,1557134,5788
535836154,1557134,5789
533024812,1557134,5790
530697658,1557134,5791
530064571,1557134,5792
529302988,1557134,5793
528614421,1557134,5794
528614203,1557134,5795
517558419,1557134,5796
503077572,1557134,5797
491127510,1557134,5798
478445465,1557134,5799
468014123,1557134,5800
467423670,1557134,5801
465455099,1557134,5802
465454196,1557134,5803
462591806,1557134,5804
457014986,1557134,5805
453224308,1557134,5806
449044039,1557134,5807
446747280,1557134,5808
446024696,1557134,5809
427139397,1557134,5810
1026721458,33067153,5811
1006284680,33067153,5812
1006245561,33067153,5813
1006244500,33067153,5814
1006240558,33067153,5815
1006240037,33067153,5816
1003162981,33067153,5817
751110776,3677899,5818
751032144,3677899,5819
750407999,3677899,5820
750221675,3677899,5821
749588492,3677899,5822
748059482,3677899,5823
747967518,3677899,5824
745840987,3677899,5825
745836799,3677899,5826
745019250,3677899,5827
742094468,3677899,5828
740549834,3677899,5829
740547650,3677899,5830
739719338,3677899,5831
739084329,3677899,5832
738794870,3677899,5833
738185677,3677899,5834
738147177,3677899,5835
737230257,3677899,5836
736279266,3677899,5837
736272662,3677899,5838
736253543,3677899,5839
733440373,3677899,5840
733250203,3677899,5841
732124459,3677899,5842
731919894,3677899,5843
728913616,3677899,5844
726981739,3677899,5845
726981714,3677899,5846
725681018,3677899,5847
724058639,3677899,5848
723944012,3677899,5849
723400894,3677899,5850
718724302,3677899,5851
716229596,3677899,5852
715593868,3677899,5853
715143327,3677899,5854
711816291,3677899,5855
710049346,3677899,5856
706721247,3677899,5857
706332993,3677899,5858
705436473,3677899,5859
700479870,3677899,5860
697728581,3677899,5861
697130151,3677899,5862
697094195,3677899,5863
694625445,3677899,5864
692994602,3677899,5865
689347894,3677899,5866
687947304,3677899,5867
684411848,3677899,5868
683367867,3677899,5869
682062707,3677899,5870
673552768,3677899,5871
673390241,3677899,5872
671345370,3677899,1281
670465893,3677899,5873
670077691,3677899,5874
669651351,3677899,5875
668832418,3677899,5876
667226209,3677899,5877
622152296,3677899,5878
614353554,3677899,5879
611507438,3677899,5880
610672054,3677899,5881
609748320,3677899,5882
609744970,3677899,5883
609424642,3677899,5884
604813898,3677899,1580
604539280,3677899,5885
604114586,3677899,5886
603023026,3677899,5887
602577763,3677899,5888
600324015,3677899,5889
600031242,3677899,5890
598698731,3677899,5891
598678110,3677899,5892
598308550,3677899,5893
598056891,3677899,5894
596873117,3677899,5895
594828456,3677899,5896
988181973,2336225,5897
878354702,2336225,5898
750778092,2336225,5899
750508497,2336225,5900
749646717,2336225,5901
743743260,2336225,5902
743127503,2336225,5903
742825791,2336225,5904
741401623,2336225,1004
740572372,2336225,5905
738250762,2336225,1006
738199617,2336225,5906
736968257,2336225,5907
736966010,2336225,2272
734579243,2336225,5908
733207049,2336225,715
731791119,2336225,3775
730947984,2336225,5909
729914851,2336225,936
729791415,2336225,5842
728514284,2336225,1459
726321244,2336225,5910
726200285,2336225,5911
724683785,2336225,5912
721143306,2336225,5913
721115775,2336225,5914
715761664,2336225,1033
706853003,2336225,1323
706175372,2336225,5915
705682258,2336225,5916
705525799,2336225,5917
704463958,2336225,575
704454879,2336225,5918
704126271,2336225,5919
698810437,2336225,5920
698176657,2336225,5921
695757165,2336225,1054
695620319,2336225,5922
686654078,2336225,1231
685137255,2336225,5923
680885408,2336225,5924
679414946,2336225,525
673902093,2336225,5925
673019836,2336225,5926
671409538,2336225,5927
671104000,2336225,5928
668641210,2336225,1284
667789456,2336225,5929
613305945,2336225,5930
611735798,2336225,5931
611564578,2336225,5932
609732322,2336225,5933
609723284,2336225,5934
606924923,2336225,5935
606214295,2336225,5936
604856092,2336225,5937
496707012,2336225,5938
397216895,2336225,5939
387896261,2336225,456
749223174,8263887,5940
729999860,8263887,5941
713809056,8263887,5942
677384610,8263887,5943
544717763,8263887,5944
488096631,8263887,5945
1051374903,33334970,5946
1041081274,33334970,5947
837314831,10000822,5948
637544180,10000822,5949
562826033,10000822,2279
544952198,10000822,5950
520422347,10000822,2174
470718695,10000822,3539
440608092,10000822,181
1033350657,32983757,5951
1032050807,32983757,5952
1029516491,32983757,5953
1029515396,32983757,5954
1028990060,32983757,5955
1026987521,32983757,5956
1053236592,33350503,5957
1053000311,33350503,5958
1052402140,33350503,5959
1043538170,33350503,5960
1043437187,33350503,5961
1043189216,33350503,5962
1043118183,33350503,5963
1042970947,33350503,5964
1042835341,33350503,5965
1037692309,33350503,5966
1037279286,33350503,5967
1037109321,33350503,5968
1036902381,33350503,5969
1036464298,33350503,5970
1034364180,33350503,5971
1034161577,33350503,5972
1034042871,33350503,5973
1034042022,33350503,5974
1033964596,33350503,5975
1031703705,33350503,5976
1031535761,33350503,5977
1031386712,33350503,5978
1031230159,33350503,5979
1030946171,33350503,5980
1027834941,33350503,5981
924983905,6864271,5982
924974540,6864271,5983
923182784,6864271,5984
912202080,6864271,5985
909219658,6864271,5986
909215864,6864271,5987
906358454,6864271,5988
906352412,6864271,5989
902603431,6864271,5990
845567231,6864271,5985
736777304,6864271,5991
733385274,6864271,5992
728303107,6864271,1168
723646841,6864271,5993
721758777,6864271,3282
711878189,6864271,5994
675576391,6864271,5995
667745997,6864271,5996
664989023,6864271,5997
664880530,6864271,5998
659472319,6864271,5999
658981661,6864271,6000
658623948,6864271,6001
656921411,6864271,6002
655717789,6864271,6003
655711062,6864271,6004
654743126,6864271,6005
654738357,6864271,6006
654710149,6864271,6007
654709065,6864271,6008
654635173,6864271,6009
653407612,6864271,6010
613780452,6864271,6011
613704721,6864271,6012
608860895,6864271,6013
607806932,6864271,1956
607239638,6864271,6014
607239241,6864271,6015
606015193,6864271,6016
605487115,6864271,6017
604548395,6864271,6018
600610096,6864271,6019
451370766,6864271,6020
427004859,6864271,469
312931211,6864271,6021
215649002,6864271,6022
1068749002,7333808,6023
1068748700,7333808,6024
1068748629,7333808,6025
1068747973,7333808,6026
1068747815,7333808,6027
1068041271,7333808,6028
1068040686,7333808,6029
1067879782,7333808,6030
1067879551,7333808,6031
1067592099,7333808,6032
1066530138,7333808,6033
1065311058,7333808,6034
1065200379,7333808,6035
1065197466,7333808,6036
1064633220,7333808,6037
1064221394,7333808,6038
1064080194,7333808,6039
1063953292,7333808,6040
1063701895,7333808,6041
1063554671,7333808,6042
1063303796,7333808,6043
1063034173,7333808,6044
1062359799,7333808,6045
1062359546,7333808,6046
1062359305,7333808,6047
1061984715,7333808,6048
1058516949,7333808,6049
1058419628,7333808,6050
1058417912,7333808,6051
1058021666,7333808,6052
1058021439,7333808,6053
1058021367,7333808,6054
1057894541,7333808,6055
1056295932,7333808,6056
1055680112,7333808,6057
1052948187,7333808,6058
1052470544,7333808,6059
1052470129,7333808,6060
1051120408,7333808,6061
1050892444,7333808,6062
1050753422,7333808,6063
1049484429,7333808,6064
1048362275,7333808,6065
1047873281,7333808,6066
1047156024,7333808,6067
1046228672,7333808,6068
1046032786,7333808,6069
1045230129,7333808,6070
1043325247,7333808,6071
1043323400,7333808,6072
1042006822,7333808,6073
1041296185,7333808,6074
1040707526,7333808,6075
1040707121,7333808,6076
1037557250,7333808,6077
1037557186,7333808,6078
1036416440,7333808,6079
1036148877,7333808,6080
1034321398,7333808,6081
1033902687,7333808,6082
1033767033,7333808,6083
1033025964,7333808,6084
1029376709,7333808,6085
1028848265,7333808,6086
1028847159,7333808,6087
1028432797,7333808,6088
1027987912,7333808,6089
1027984791,7333808,6090
1026332126,7333808,6091
1026200874,7333808,6092
1026199550,7333808,6093
1025492265,7333808,6094
1021793829,7333808,6095
1012492129,7333808,6096
1011757742,7333808,6097
1010901077,7333808,6098
1010262331,7333808,6099
1010114446,7333808,6100
1009273970,7333808,6101
1007077639,7333808,6102
1006243368,7333808,6103
1005759955,7333808,6104
1003565922,7333808,6105
1002756437,7333808,6106
1001381438,7333808,6107
995202084,7333808,6108
995201541,7333808,6109
995201277,7333808,6110
995200891,7333808,6111
990350479,7333808,6112
985639458,7333808,6113
985217238,7333808,6114
984632041,7333808,6115
983009241,7333808,6116
982800754,7333808,6117
973970036,7333808,6118
973046836,7333808,6119
973046172,7333808,6120
973045145,7333808,6121
972478076,7333808,6122
970559321,7333808,6123
970514170,7333808,6124
969119907,7333808,6125
965915687,7333808,6126
965038145,7333808,6127
963588087,7333808,6128
961969487,7333808,6129
961968710,7333808,6130
961825117,7333808,6130
960816064,7333808,6131
959424935,7333808,6132
956877411,7333808,6133
956621702,7333808,6134
955904705,7333808,6135
955578854,7333808,6136
955306472,7333808,6137
955298201,7333808,6138
955143484,7333808,6139
955142903,7333808,6140
955041603,7333808,6141
955038057,7333808,6142
954103572,7333808,6143
954045530,7333808,6144
954043108,7333808,6145
953840033,7333808,6146
947927895,7333808,6147
940413588,7333808,6148
939565354,7333808,6149
934744092,7333808,6150
934744006,7333808,6151
934743678,7333808,6152
927151361,7333808,6153
917964111,7333808,6154
917951958,7333808,6155
917951370,7333808,6156
912638050,7333808,6157
888186955,7333808,6158
882852380,7333808,6159
880777676,7333808,6160
879405478,7333808,6161
877599303,7333808,6162
856675359,7333808,6163
850791443,7333808,6164
845576974,7333808,6165
821454303,7333808,6166
781009260,7333808,6167
780879392,7333808,6168
751060572,7333808,6169
750558818,7333808,6170
750007446,7333808,6171
750007187,7333808,6172
749638903,7333808,6173
749629086,7333808,6174
749516760,7333808,6175
749042183,7333808,6176
747451628,7333808,6177
746417326,7333808,6178
745420314,7333808,6179
745337684,7333808,6180
745336371,7333808,6181
745216825,7333808,6182
745215779,7333808,6183
744285227,7333808,6184
744079518,7333808,6185
742947476,7333808,6186
742782191,7333808,6187
739585637,7333808,6188
739585143,7333808,6189
739408683,7333808,6190
737788068,7333808,6191
737787854,7333808,6192
736968010,7333808,6193
730751420,7333808,6194
716607896,7333808,6195
716604479,7333808,6196
695356501,7333808,6197
695356201,7333808,6198
691942914,7333808,6199
691942827,7333808,6200
691939576,7333808,6201
691935968,7333808,6202
689145292,7333808,6203
689143660,7333808,6204
687386755,7333808,6205
687385553,7333808,6206
687385300,7333808,6207
687384289,7333808,6208
687168516,7333808,6209
685890201,7333808,6210
685888980,7333808,6211
685886464,7333808,6212
685625951,7333808,6213
685620161,7333808,6214
685142063,7333808,6215
685107571,7333808,6216
685105377,7333808,6217
685099483,7333808,6218
684902679,7333808,6219
684901263,7333808,6220
684893843,7333808,6221
684654866,7333808,6222
684650435,7333808,6223
684433070,7333808,6224
684171098,7333808,6225
684129765,7333808,6226
683850001,7333808,6227
683830034,7333808,6228
683587943,7333808,6229
683375288,7333808,6230
683104316,7333808,6231
683089211,7333808,6232
683079114,7333808,6233
682814814,7333808,6234
682813456,7333808,6235
682604110,7333808,6236
682594956,7333808,6237
682336738,7333808,6238
682332311,7333808,6239
682330515,7333808,6240
682327154,7333808,6241
682325490,7333808,6242
682318654,7333808,6243
682080819,7333808,6244
682070460,7333808,6245
682067009,7333808,6246
682044587,7333808,6247
681817481,7333808,6248
681816791,7333808,6249
681798768,7333808,6250
681569225,7333808,6251
681569035,7333808,6252
680884597,7333808,6253
680649041,7333808,6254
680117487,7333808,6255
679890151,7333808,6256
679859301,7333808,6257
679617954,7333808,6258
679371064,7333808,6259
679075354,7333808,6260
679070164,7333808,6261
678448936,7333808,6262
678448719,7333808,6263
678196565,7333808,6264
678192655,7333808,6265
678192299,7333808,6266
678009417,7333808,6267
678007167,7333808,6268
677282119,7333808,6269
676999021,7333808,6270
676987883,7333808,6271
676254211,7333808,6272
675844415,7333808,6273
675131453,7333808,6274
674956657,7333808,6275
674935988,7333808,6276
674712027,7333808,6277
674519724,7333808,6278
674506088,7333808,6279
674090060,7333808,6280
674086804,7333808,6281
674083326,7333808,6282
673638303,7333808,6283
673631565,7333808,6284
673605284,7333808,6285
673331709,7333808,6286
673234037,7333808,6287
673179296,7333808,6288
672003702,7333808,6289
672002965,7333808,6290
671767554,7333808,6291
671763187,7333808,6292
671757795,7333808,6293
671494416,7333808,6294
671288351,7333808,6295
671275108,7333808,6296
670042226,7333808,6297
669810483,7333808,6298
669306382,7333808,6299
669057939,7333808,6300
668830874,7333808,6301
668821787,7333808,6302
668820293,7333808,6303
668536834,7333808,6304
668503943,7333808,6305
668226234,7333808,6306
668220738,7333808,6307
668182216,7333808,6308
667973545,7333808,6309
667752356,7333808,6310
667744750,7333808,6311
667563385,7333808,1941
667535145,7333808,6312
667332091,7333808,6313
667109304,7333808,6314
666966265,7333808,6315
666965186,7333808,6316
666895124,7333808,6317
666875597,7333808,6318
666595736,7333808,6319
666589211,7333808,6320
666562707,7333808,6321
666538464,7333808,6322
666280116,7333808,6323
666278814,7333808,6324
666275629,7333808,6325
666269737,7333808,6326
666268783,7333808,6327
666265881,7333808,6328
666255831,7333808,6329
666254628,7333808,5085
665856733,7333808,6330
665845346,7333808,6331
665845252,7333808,6332
665841525,7333808,6333
665840542,7333808,6334
665839935,7333808,6335
665624100,7333808,6336
665620811,7333808,6337
665618038,7333808,6338
665617601,7333808,6339
654886017,7333808,6340
647486912,7333808,6341
627383685,7333808,6342
627119413,7333808,6343
621991922,7333808,6344
621280423,7333808,6345
620955744,7333808,6346
620897838,7333808,6347
620892521,7333808,6348
620862156,7333808,6349
620746676,7333808,6350
620399834,7333808,6351
619891030,7333808,6352
619379259,7333808,6353
619378879,7333808,6354
619340371,7333808,6355
618818859,7333808,6356
618767062,7333808,6357
618353343,7333808,6358
616679341,7333808,6359
615268460,7333808,6360
615060380,7333808,6361
614995648,7333808,6362
614994117,7333808,6363
614967423,7333808,6364
614554614,7333808,6365
614493151,7333808,6366
614482637,7333808,6367
614449660,7333808,6368
614287024,7333808,6369
614283608,7333808,6370
612178879,7333808,6371
610408813,7333808,6372
607860167,7333808,6373
606228036,7333808,6374
603217969,7333808,6375
603149611,7333808,6376
602572229,7333808,6377
601687501,7333808,6378
600423446,7333808,6379
600010939,7333808,6380
596276129,7333808,6381
592769281,7333808,6382
592626797,7333808,6383
592357280,7333808,6384
590157613,7333808,6385
583864031,7333808,6386
579726602,7333808,6387
579673717,7333808,6388
578928811,7333808,6389
577646792,7333808,6390
576991310,7333808,6391
574700030,7333808,6392
573616481,7333808,6393
572576373,7333808,6394
572379469,7333808,6395
554902745,7333808,6396
554901978,7333808,6397
533172914,7333808,6398
303892142,7333808,6399
1059543273,33357814,6400
1059388155,33357814,6401
1058492629,33357814,6402
1057915210,33357814,6403
1057915118,33357814,6404
1057105196,33357814,6405
1057002408,33357814,6406
1057002367,33357814,6407
1056772671,33357814,6408
1056772644,33357814,6409
1056194227,33357814,6410
1055419150,33357814,6411
1055418253,33357814,6412
1053818341,33357814,6413
1053700493,33357814,6414
1049609564,33357814,6415
1043524542,33357814,6416
1043198864,33357814,6417
1042790532,33357814,6418
1042790440,33357814,6419
708753337,16657089,51
697244427,16657089,6420
1045809652,25551844,6421
1045809439,25551844,6422
1045809193,25551844,6423
1045781952,25551844,6424
1045781938,25551844,6425
1045216139,25551844,6426
1044548997,25551844,6427
1042786942,25551844,6428
1041506472,25551844,6429
1041506395,25551844,6430
1041506367,25551844,6431
1041505977,25551844,6432
1041505956,25551844,6433
1041487538,25551844,6434
1041429776,25551844,6435
1039671988,25551844,6436
1039669216,25551844,6437
1039665049,25551844,6438
1039164077,25551844,6439
1039159884,25551844,6440
1038586724,25551844,6441
1038555441,25551844,6442
1037162469,25551844,6443
1036492082,25551844,6444
1036472181,25551844,2564
1036436584,25551844,2561
1036273004,25551844,2562
1036154461,25551844,6445
1036135286,25551844,2563
1018717474,25551844,6446
994214009,25551844,6447
986512933,25551844,6448
985423075,25551844,6449
954046111,25551844,6450
742055765,12719595,1778
731326872,12719595,6451
723716125,12719595,6452
712143868,12719595,6453
710963998,12719595,4659
705847653,12719595,1043
694602791,12719595,6454
687012788,12719595,2011
671783055,12719595,6455
668463299,12719595,6456
607882216,12719595,6457
605556966,12719595,6458
591272069,12719595,6459
581511786,12719595,6460
581193555,12719595,6461
580929685,12719595,6462
573193905,12719595,6463
566697370,12719595,6464
564573691,12719595,6465
1056056650,8556994,6466
1023905157,8556994,6467
999260707,8556994,6468
996602196,8556994,6469
992848234,8556994,6470
990238895,8556994,6471
988378606,8556994,6472
987316472,8556994,6473
981771600,8556994,6474
980353871,8556994,6475
976413291,8556994,6476
955867061,8556994,6477
948891451,8556994,6478
948060209,8556994,6479
944881599,8556994,6480
944730980,8556994,6481
941980677,8556994,6482
941469322,8556994,6483
940618005,8556994,6484
940526378,8556994,6485
939446538,8556994,6486
938995410,8556994,6487
938972439,8556994,6488
936900290,8556994,6489
936775563,8556994,6490
931783857,8556994,6491
930869712,8556994,6492
928214550,8556994,6493
670473931,8556994,6494
499127132,8556994,6495
1068802283,34462576,6496
1068802075,34462576,6497
1067868317,34462576,6498
1067762758,34462576,6499
1067461747,34462576,6500
1067461549,34462576,6501
1065073262,34462576,6502
1005464060,32983638,6503
1004024537,32983638,6504
1003886805,32983638,6505
1003752641,32983638,6506
1003740515,32983638,6507
1002885485,32983638,6508
1002885168,32983638,6509
1001823104,32983638,6510
1068051051,23300698,6511
1066810172,23300698,6512
1064512945,23300698,6513
1063947439,23300698,6514
1061978491,23300698,6515
1061882218,23300698,6516
1061202513,23300698,6517
1060844466,23300698,6518
1059895974,23300698,6519
1059675562,23300698,6520
1059665290,23300698,6521
1059165377,23300698,6522
1059037453,23300698,6523
1058034202,23300698,6524
1058027276,23300698,6525
1056276406,23300698,6526
1052967992,23300698,6527
1049283866,23300698,6528
1047252629,23300698,6529
1046576990,23300698,6530
1045106556,23300698,6531
1044360367,23300698,6532
1044091240,23300698,6533
1041733787,23300698,6534
1041607980,23300698,6535
1039339405,23300698,6536
1039329569,23300698,6537
1039050991,23300698,6538
1037920646,23300698,6539
1037415337,23300698,6540
1037386358,23300698,6541
1036457623,23300698,6542
1021808381,23300698,6543
1020546804,23300698,6544
1017902692,23300698,6545
1016606054,23300698,6546
1016466948,23300698,6547
1015163876,23300698,6548
1014146562,23300698,6549
1014004349,23300698,6550
1013545214,23300698,6551
1013541045,23300698,6552
1013268401,23300698,6553
1011069320,23300698,6554
1010730374,23300698,6555
1005750692,23300698,6556
1005220828,23300698,6557
1000529060,23300698,6558
1000099327,23300698,6559
998363108,23300698,6560
998212458,23300698,6561
997095705,23300698,6562
994794958,23300698,6563
994151201,23300698,6564
990566771,23300698,6565
990487908,23300698,6566
989672360,23300698,6567
989642445,23300698,6568
989335929,23300698,6569
987593810,23300698,6570
987189438,23300698,6571
986646398,23300698,6572
984644584,23300698,6573
984415955,23300698,6574
983830853,23300698,6575
981981538,23300698,6576
979092691,23300698,6577
978987666,23300698,6578
978453689,23300698,6579
978326122,23300698,6580
978221703,23300698,6581
974765127,23300698,6582
973676969,23300698,6583
973564584,23300698,6584
973057755,23300698,6585
970801591,23300698,6586
969985676,23300698,6587
969805437,23300698,6588
969670608,23300698,6589
969670278,23300698,6590
968811393,23300698,6591
968778001,23300698,6592
968546552,23300698,6593
968531378,23300698,6594
967901979,23300698,6595
966292044,23300698,6596
966276957,23300698,6597
966260928,23300698,6598
965430015,23300698,6599
965377765,23300698,6600
964370389,23300698,6601
964232494,23300698,6602
963112283,23300698,6603
962136067,23300698,6604
960972745,23300698,6605
960595049,23300698,6606
960016410,23300698,6607
959251690,23300698,6608
958518606,23300698,6609
956889847,23300698,6610
956651256,23300698,6611
956038127,23300698,6544
954920838,23300698,6612
954330701,23300698,6613
954206975,23300698,6614
954049158,23300698,6615
953789618,23300698,6616
953560144,23300698,6617
953236066,23300698,6618
953083864,23300698,6619
953083307,23300698,6620
952853879,23300698,6621
952829190,23300698,6622
952687427,23300698,6623
952379419,23300698,6624
951872483,23300698,6625
951183633,23300698,6626
950394738,23300698,6627
949968091,23300698,6628
949691411,23300698,6601
949399099,23300698,6629
948898803,23300698,6630
948344159,23300698,6631
947022348,23300698,6632
944591734,23300698,6607
944370678,23300698,6633
944335071,23300698,6634
940643494,23300698,6635
938067414,23300698,6608
935604588,23300698,6636
934199202,23300698,6637
932369796,23300698,6638
931140194,23300698,6639
929456529,23300698,6623
926854440,23300698,6640
924735026,23300698,6641
923430399,23300698,6592
923306339,23300698,6642
923290369,23300698,6643
921830650,23300698,6644
920800576,23300698,6645
920498663,23300698,6646
919423967,23300698,6647
919233755,23300698,6648
919102390,23300698,6649
918468164,23300698,6650
917356959,23300698,6651
917307426,23300698,6652
916196589,23300698,6653
915447330,23300698,6654
914199365,23300698,6655
911888848,23300698,6656
907366555,23300698,6657
906644681,23300698,6658
905622576,23300698,6659
905194712,23300698,6660
905164251,23300698,6632
904696798,23300698,6661
902638688,23300698,6662
902412887,23300698,6663
902360943,23300698,6664
902145867,23300698,6665
901663864,23300698,6666
900539089,23300698,6601
899649054,23300698,6667
894645403,23300698,6668
894434147,23300698,6669
892106290,23300698,6670
891564676,23300698,6671
891221650,23300698,6672
888055621,23300698,6654
887347540,23300698,6673
886730253,23300698,6674
886046894,23300698,6675
884502471,23300698,6676
880891912,23300698,6677
880429469,23300698,6678
876360507,23300698,6679
876262415,23300698,6627
875720661,23300698,6680
875716378,23300698,6681
875617488,23300698,6682
875602834,23300698,6683
875601906,23300698,6684
875383392,23300698,6685
875379183,23300698,6686
875378718,23300698,6687
875159927,23300698,6688
875153502,23300698,6689
875035604,23300698,6690
875027472,23300698,6691
874607820,23300698,6571
874603463,23300698,6692
874242710,23300698,6693
874234034,23300698,6694
874095343,23300698,6695
873861357,23300698,6696
873744796,23300698,6570
873374178,23300698,6697
873129226,23300698,6698
872671347,23300698,6625
872591893,23300698,6699
872587706,23300698,6700
872503598,23300698,6701
872270045,23300698,6702
871870233,23300698,6703
871463851,23300698,6704
871438097,23300698,6705
871354292,23300698,6706
871321044,23300698,6707
871037205,23300698,6708
870736007,23300698,6709
870281509,23300698,6710
869536774,23300698,6711
869533830,23300698,6712
869200170,23300698,6713
868964495,23300698,6714
868950618,23300698,6715
868877929,23300698,6716
868744108,23300698,6717
868662859,23300698,6718
868362693,23300698,6719
868098403,23300698,6720
868095246,23300698,6721
867906886,23300698,6722
867887053,23300698,6723
867797131,23300698,6724
867780445,23300698,6725
867678470,23300698,6726
867561891,23300698,6727
867387349,23300698,6650
867178669,23300698,6728
866776219,23300698,6729
865134644,23300698,6644
864828504,23300698,6730
864470041,23300698,6731
864221718,23300698,6732
863264276,23300698,6733
863263760,23300698,6734
862139392,23300698,6735
861938214,23300698,6736
861797510,23300698,6737
861794135,23300698,6738
861769857,23300698,6739
860525903,23300698,6740
860502554,23300698,6741
859704425,23300698,6742
859338332,23300698,6743
859328260,23300698,6744
859171608,23300698,6745
859020321,23300698,6746
858100198,23300698,6747
857040340,23300698,6748
855209964,23300698,6749
852072751,23300698,6750
852048179,23300698,6695
851825516,23300698,6751
850802067,23300698,6698
850791715,23300698,6752
849368806,23300698,6753
849025569,23300698,6754
849010691,23300698,6755
848698493,23300698,6756
848484765,23300698,6757
848119217,23300698,6605
846958330,23300698,6758
846951144,23300698,6759
846775557,23300698,6760
846574419,23300698,6761
846451558,23300698,6762
846439130,23300698,6763
845971428,23300698,6764
845948781,23300698,6765
845627212,23300698,6766
845080922,23300698,6767
843471368,23300698,6768
843159424,23300698,6769
841826938,23300698,6669
841644713,23300698,6770
841531887,23300698,6771
841530265,23300698,6772
841507218,23300698,6773
841254928,23300698,6774
841200501,23300698,6775
840640609,23300698,6776
840479664,23300698,6777
840156733,23300698,6778
840146510,23300698,6779
839186382,23300698,6780
839045944,23300698,6781
838072005,23300698,6782
837915484,23300698,6783
837810737,23300698,6784
837662035,23300698,6608
836332877,23300698,6659
835677687,23300698,6785
835560595,23300698,6786
835296477,23300698,6787
835132171,23300698,6788
834581793,23300698,6723
834367609,23300698,6789
788413760,23300698,6790
952519934,25574736,6791
951601572,25574736,6792
945818569,25574736,6793
944746936,25574736,6794
944153599,25574736,6795
944150793,25574736,6796
943568122,25574736,6797
942894119,25574736,6798
942479202,25574736,6799
941603425,25574736,6800
941522912,25574736,6801
941021233,25574736,6802
938594492,25574736,6803
930369183,25574736,6804
1063305211,25303789,6805
1059388163,25303789,6806
1054493399,25303789,6807
1051016880,25303789,6808
1046343106,25303789,6809
1035474168,25303789,6810
1035474164,25303789,6811
1033468680,25303789,6812
1033187409,25303789,6813
1013570859,25303789,6814
1012489456,25303789,6815
976664288,25303789,6816
974887946,25303789,6817
973687722,25303789,6818
972758957,25303789,6819
972732607,25303789,6820
972731779,25303789,6821
969384192,25303789,6822
968063545,25303789,6823
968063538,25303789,6824
889141475,25303789,6825
1065812636,11918966,6826
1057808467,11918966,6827
1033478049,11918966,6828
1030116056,11918966,6829
1022733248,11918966,6830
1022013149,11918966,6831
1020365913,11918966,6832
1017767935,11918966,6833
1017767864,11918966,6834
1013092302,11918966,6835
712841543,11918966,6836
566849484,11918966,6837
566003573,11918966,6838
554689563,11918966,6839
548292873,11918966,6840
537242937,11918966,6841
514257051,11918966,6842
740621446,2154294,6843
734206643,2154294,6844
733889934,2154294,6845
730761663,2154294,6846
727705142,2154294,6847
725527185,2154294,6848
725369548,2154294,6849
724315853,2154294,6850
723553865,2154294,6851
719876649,2154294,6852
717564251,2154294,760
712601830,2154294,6853
712349328,2154294,6854
711882046,2154294,6855
711707711,2154294,6856
711539372,2154294,6857
711383699,2154294,6858
709855897,2154294,6859
707490524,2154294,6860
707484325,2154294,6861
707483099,2154294,6862
707473069,2154294,6863
695684338,2154294,6864
691353988,2154294,6865
683132177,2154294,6866
681637455,2154294,6867
681579579,2154294,6868
681254344,2154294,6869
681189818,2154294,6870
679459394,2154294,6871
679441573,2154294,6872
675464865,2154294,6873
671802162,2154294,6874
668576847,2154294,6875
667998897,2154294,6876
665856855,2154294,6877
665633312,2154294,6878
620009099,2154294,6879
614295464,2154294,6880
605525271,2154294,6881
605323319,2154294,6882
603918802,2154294,6883
603142000,2154294,6884
591915582,2154294,6885
588622654,2154294,6886
588302157,2154294,6887
587946250,2154294,6888
580845152,2154294,6889
1066005281,24162332,6890
1066004752,24162332,6891
1066004701,24162332,6892
1065068334,24162332,6893
1065068232,24162332,6894
1063887564,24162332,6895
1063887562,24162332,6896
1060450249,24162332,6897
1060450153,24162332,6898
1060450092,24162332,6899
1059950146,24162332,6900
1059932794,24162332,6901
1059331201,24162332,6902
1059329316,24162332,6903
1058432367,24162332,6904
1058432255,24162332,6905
1058431151,24162332,6906
1054526187,24162332,6907
1054526041,24162332,6908
1054524888,24162332,6909
1051175854,24162332,6910
1048832844,24162332,6911
1047179355,24162332,6912
1047179345,24162332,6913
1046376450,24162332,6914
1043656808,24162332,6915
1043656557,24162332,6916
1043649754,24162332,6917
1043649733,24162332,6918
1041542141,24162332,6919
1041532170,24162332,6920
1039715966,24162332,6921
1039715402,24162332,6922
1039715287,24162332,6923
1039715050,24162332,6924
1036073593,24162332,6925
1036057646,24162332,6898
1033229342,24162332,6926
1033229052,24162332,6927
1030192005,24162332,6928
1030191724,24162332,6929
1030191582,24162332,6930
1030181382,24162332,6931
1030180593,24162332,6932
1026240166,24162332,6933
1026239849,24162332,6934
1026226797,24162332,6935
1026226291,24162332,6936
1024722273,24162332,6937
1024722021,24162332,6938
1020600395,24162332,6939
1020600309,24162332,6940
1020594681,24162332,6941
1017805842,24162332,6942
1016667421,24162332,6943
1016667344,24162332,6944
1016657993,24162332,6945
1015236008,24162332,6946
1015234268,24162332,6947
1015234004,24162332,6948
1012981601,24162332,6949
1012981521,24162332,6950
1010456571,24162332,6951
1010455493,24162332,6952
1007707886,24162332,6953
1006697629,24162332,6954
1006697157,24162332,6955
1006696498,24162332,6956
1006693760,24162332,6957
1006693545,24162332,6958
1005371164,24162332,6959
1005371130,24162332,6960
1005369339,24162332,6961
1005369195,24162332,6962
1004398449,24162332,6963
1004392530,24162332,6964
1004391772,24162332,6965
1003341812,24162332,6966
1003341713,24162332,6967
1001824418,24162332,6968
1001824407,24162332,6969
1001158664,24162332,6970
1001157896,24162332,6971
1000265360,24162332,6972
1000265324,24162332,6973
1000264558,24162332,6974
1000264054,24162332,6941
999307837,24162332,6975
998920265,24162332,6976
998920114,24162332,6977
996091130,24162332,6978
996085664,24162332,6979
990054987,24162332,6980
989901091,24162332,6981
955534370,24162332,6982
953281204,24162332,6983
951334178,24162332,6984
951333112,24162332,6985
949447940,24162332,6986
949447162,24162332,6987
949445551,24162332,6988
947982725,24162332,6989
947982510,24162332,6990
947846129,24162332,6991
947696632,24162332,6992
947695049,24162332,6993
947693906,24162332,6994
942398210,24162332,6995
942398177,24162332,6996
941520570,24162332,6997
941520259,24162332,6998
941520028,24162332,6999
941519997,24162332,7000
940809608,24162332,7001
940793302,24162332,7002
940792958,24162332,7003
940542398,24162332,7004
940540095,24162332,7005
936613063,24162332,7006
936157373,24162332,7007
936157019,24162332,7008
935606815,24162332,7009
935513634,24162332,7010
935513629,24162332,7011
935513392,24162332,7012
935512949,24162332,7013
934897051,24162332,7014
934895157,24162332,7015
933719104,24162332,7016
933717786,24162332,7017
933717754,24162332,7018
933717354,24162332,7019
931603275,24162332,7020
930568919,24162332,7021
930568831,24162332,7022
930479469,24162332,7023
930479274,24162332,7024
930479268,24162332,7025
930056383,24162332,7026
930056361,24162332,7027
929675575,24162332,7028
929675526,24162332,7029
929675422,24162332,7030
929674346,24162332,7031
929674122,24162332,7032
929657517,24162332,7033
928931368,24162332,7034
928823217,24162332,7035
928823108,24162332,7036
928148602,24162332,7037
926537511,24162332,7038
926536609,24162332,7039
926536496,24162332,7040
926532431,24162332,7041
926532126,24162332,7042
926532119,24162332,7043
926531914,24162332,7044
926427923,24162332,7045
926425400,24162332,7046
926417906,24162332,7047
926416693,24162332,7048
926416624,24162332,7049
926416559,24162332,7050
926409509,24162332,7051
926406050,24162332,7052
926405467,24162332,7053
925730127,24162332,7054
925730003,24162332,7055
925729550,24162332,7056
925728955,24162332,7057
925616082,24162332,7058
925615607,24162332,7059
925602382,24162332,7060
925602234,24162332,7061
925377941,24162332,6981
924650225,24162332,7062
924649778,24162332,7063
923182960,24162332,7064
923182930,24162332,7065
923182903,24162332,7007
923182895,24162332,7008
922746470,24162332,7066
920814605,24162332,7067
920813727,24162332,7068
920812539,24162332,7069
919906547,24162332,6970
919905834,24162332,6971
919905646,24162332,7070
919905641,24162332,7071
919623564,24162332,7072
919608811,24162332,7073
919608797,24162332,7074
919608639,24162332,7075
919287375,24162332,7076
916395219,24162332,7077
915856599,24162332,7078
915856186,24162332,7079
915816713,24162332,7080
915152798,24162332,7081
912831631,24162332,7082
912831033,24162332,7083
878148147,24162332,7084
876411741,24162332,7085
862172525,24162332,7086
1058384879,20910619,7087
1039884505,20910619,7088
1039441318,20910619,7089
1039187351,20910619,3959
1038898530,20910619,7090
1038357857,20910619,3970
1038019536,20910619,7091
1038015378,20910619,7092
1037452171,20910619,7093
1037387364,20910619,7094
1036747965,20910619,7095
1036721006,20910619,7096
1036470124,20910619,7097
1036086941,20910619,7098
1035898164,20910619,7099
1035897706,20910619,7100
1035818380,20910619,7101
1035737328,20910619,7102
1035732319,20910619,7103
1062670341,6721127,7104
1059172583,6721127,7105
1059172422,6721127,7106
1056874916,6721127,7107
1053305662,6721127,7108
1048471155,6721127,7109
1042877708,6721127,912
1042790343,6721127,7110
1033192800,6721127,7111
1033192765,6721127,7112
1030646694,6721127,7113
1020348363,6721127,7114
1018868420,6721127,7115
1014872026,6721127,7116
1010118551,6721127,7117
1005918377,6721127,7118
1005330069,6721127,7119
980468981,6721127,7120
953537023,6721127,7121
951999164,6721127,7122
937724275,6721127,7123
930446474,6721127,7124
918628326,6721127,7125
916153902,6721127,7126
914572322,6721127,7127
912568454,6721127,7128
911142329,6721127,7129
905164396,6721127,7130
904104220,6721127,7131
903625745,6721127,7132
903112830,6721127,7133
902360520,6721127,7134
899906453,6721127,7135
896005173,6721127,7136
895530582,6721127,7137
895520155,6721127,7138
895520140,6721127,7139
894452369,6721127,7140
893824893,6721127,7141
892736127,6721127,7142
891550378,6721127,7143
891228513,6721127,7144
890129847,6721127,7145
889868009,6721127,7146
888613731,6721127,7147
888613654,6721127,7148
885410993,6721127,7149
882574629,6721127,7150
880296498,6721127,7151
880295080,6721127,7152
878116678,6721127,7153
878017957,6721127,7154
877626558,6721127,7155
876591745,6721127,7156
876486739,6721127,7157
876019695,6721127,7158
875254835,6721127,7159
874608512,6721127,7160
872487877,6721127,7161
868105205,6721127,7162
866028837,6721127,7163
862145423,6721127,7164
861501289,6721127,7165
857759977,6721127,7166
855200956,6721127,7167
855194853,6721127,7168
854635362,6721127,7169
850112587,6721127,7170
848292255,6721127,7171
845788220,6721127,7172
845788000,6721127,7173
751727018,6721127,7174
750933508,6721127,7175
750599588,6721127,7176
750550095,6721127,7177
750544732,6721127,7178
750193343,6721127,7179
750011887,6721127,7180
750001222,6721127,7181
749625837,6721127,7182
749403031,6721127,7183
749171071,6721127,7184
748266540,6721127,7185
747884211,6721127,7186
745823901,6721127,7187
745356545,6721127,7188
744964690,6721127,7189
743667279,6721127,7190
743129654,6721127,1561
742959988,6721127,7191
742939060,6721127,7192
742387909,6721127,7193
741690554,6721127,7194
741083588,6721127,691
740547192,6721127,7195
740150770,6721127,7196
739944542,6721127,7197
739577010,6721127,7198
739213840,6721127,7199
736984282,6721127,7200
736214418,6721127,7201
734219290,6721127,7202
733538417,6721127,7203
733512107,6721127,7204
733110724,6721127,1312
732185714,6721127,7205
731498979,6721127,7206
731305972,6721127,7207
730918266,6721127,7208
730267912,6721127,7209
729921552,6721127,7210
729546671,6721127,7211
728986061,6721127,7212
728966515,6721127,7213
728358509,6721127,7214
728301218,6721127,7215
728138491,6721127,1169
726958918,6721127,7216
726679441,6721127,7217
726110224,6721127,7218
726102767,6721127,7219
725575232,6721127,7220
725108069,6721127,7221
724868386,6721127,7222
723704107,6721127,7223
723179874,6721127,7224
722814077,6721127,7225
722459044,6721127,7226
721915329,6721127,7227
719551293,6721127,7228
717505684,6721127,7229
714904111,6721127,7230
713552726,6721127,7231
712231287,6721127,7232
696797644,6721127,7233
692491687,6721127,7234
686620423,6721127,7235
685381598,6721127,970
684137692,6721127,7236
678710748,6721127,7237
677752039,6721127,7238
672403362,6721127,7239
670568441,6721127,7240
666290430,6721127,7241
648271934,6721127,7242
642566983,6721127,7243
636792869,6721127,7244
634315215,6721127,7245
632096816,6721127,7246
628311035,6721127,7247
625670165,6721127,7248
624368282,6721127,7249
621698052,6721127,7250
621694503,6721127,7251
620946109,6721127,7252
620906913,6721127,7253
620901342,6721127,7254
620891643,6721127,7255
620693909,6721127,7256
620606518,6721127,7257
620112273,6721127,7258
619935630,6721127,7259
619053610,6721127,7260
618604701,6721127,7261
618324918,6721127,7262
618294065,6721127,7263
618236382,6721127,7264
617235212,6721127,7265
616888210,6721127,7266
616840005,6721127,7267
616625484,6721127,7268
616371348,6721127,7269
615630909,6721127,7270
615051608,6721127,7271
615042618,6721127,7272
614758127,6721127,7273
614750811,6721127,7274
613988655,6721127,7275
613692632,6721127,7276
613339620,6721127,7277
612811286,6721127,7278
612079272,6721127,7279
611936806,6721127,7280
611773392,6721127,7281
610718283,6721127,7282
610504199,6721127,7283
610382582,6721127,7284
610058984,6721127,7285
609752216,6721127,7286
607224464,6721127,7287
606581431,6721127,7288
602578768,6721127,7289
597307117,6721127,7290
597305222,6721127,7291
597282518,6721127,7292
596696909,6721127,7293
595793494,6721127,7294
595724664,6721127,7295
594746356,6721127,7296
590108421,6721127,7297
589089076,6721127,7298
586110284,6721127,7299
584255462,6721127,7300
514109753,6721127,7301
425738712,6721127,7302
1019421795,11746398,1736
917484429,11746398,7303
834348291,11746398,7304
741931965,11746398,7305
739791394,11746398,7306
725845126,11746398,7307
725673838,11746398,7308
725628292,11746398,7309
687387299,11746398,7310
681217283,11746398,1318
679900617,11746398,7311
679491226,11746398,7312
679491006,11746398,7313
677873319,11746398,7314
677522961,11746398,2255
674759122,11746398,7315
655092170,11746398,7316
652113983,11746398,7317
649750920,11746398,1081
629538887,11746398,7318
600610484,11746398,6019
596873342,11746398,7319
594681819,11746398,7320
584026819,11746398,7321
583192070,11746398,7322
577526716,11746398,7323
574656049,11746398,7324
561628875,11746398,7325
551730632,11746398,7326
544501914,11746398,7327
538946875,11746398,7328
524300643,11746398,7329
520367999,11746398,7330
518653607,11746398,7331
516894209,11746398,7332
510504982,11746398,7333
507296753,11746398,7334
506633969,11746398,7335
504693207,11746398,7336
504335069,11746398,7337
470460652,11746398,7338
470459188,11746398,7339
470222031,11746398,6021
470210907,11746398,7340
470010380,11746398,7341
470001701,11746398,7342
469606074,11746398,7343
469561363,11746398,7344
469560230,11746398,7345
469545621,11746398,7346
469537260,11746398,7347
469502459,11746398,7348
469281955,11746398,7349
456627878,11746398,7350
456610168,11746398,7351
455900982,11746398,7352
454986721,11746398,7353
454898719,11746398,7354
454866868,11746398,7355
454744519,11746398,7356
454430406,11746398,7357
454394961,11746398,7358
454392700,11746398,7359
454257619,11746398,7360
454003136,11746398,1890
453735409,11746398,7361
453513657,11746398,7362
453245641,11746398,7363
453009022,11746398,7364
452910196,11746398,7365
452625853,11746398,7366
452364276,11746398,7367
452274303,11746398,7368
452253688,11746398,7369
452126599,11746398,7370
452077385,11746398,7371
451576698,11746398,7372
451573804,11746398,7373
451434920,11746398,7374
451107450,11746398,7375
450844773,11746398,7376
450434314,11746398,7377
450116936,11746398,79
449903672,11746398,7378
449759423,11746398,7379
449755546,11746398,1439
449563383,11746398,7380
449541781,11746398,618
449531907,11746398,7381
449442864,11746398,7382
448861865,11746398,7383
448813156,11746398,7384
448778562,11746398,7385
448705942,11746398,7386
448632064,11746398,7387
448553067,11746398,7388
448381021,11746398,7389
448268486,11746398,7390
448211301,11746398,7391
447948800,11746398,7392
447701122,11746398,7393
447699327,11746398,7394
447697154,11746398,7395
447643519,11746398,7396
447374975,11746398,7397
446226602,11746398,7398
446007707,11746398,7399
445867633,11746398,7400
445782979,11746398,7401
445749691,11746398,7402
445588810,11746398,7403
444936563,11746398,7404
444793825,11746398,7405
444792864,11746398,7406
444764004,11746398,7407
444756165,11746398,7408
444479864,11746398,7409
444427173,11746398,7410
444222737,11746398,7411
444217373,11746398,7412
443900197,11746398,7413
443507172,11746398,7414
443459837,11746398,7415
443424932,11746398,163
443418380,11746398,7416
443417187,11746398,7417
443331489,11746398,7418
443218895,11746398,7419
443092069,11746398,7420
443045999,11746398,7421
443007793,11746398,7422
442977608,11746398,7423
442976329,11746398,7424
442894680,11746398,7425
442882206,11746398,3173
442868780,11746398,7426
442867936,11746398,7427
442865569,11746398,7428
442835571,11746398,7429
442816144,11746398,7430
442779765,11746398,7431
442773180,11746398,7432
442753811,11746398,7433
442753467,11746398,7434
442646872,11746398,7435
442565850,11746398,7436
442547581,11746398,7437
442542092,11746398,7438
442540969,11746398,7439
442540658,11746398,7440
442521040,11746398,7441
442518137,11746398,7442
442513487,11746398,7443
442512529,11746398,7444
442511684,11746398,7445
442507395,11746398,7446
442506662,11746398,7447
442503850,11746398,7448
442501695,11746398,7449
442501563,11746398,7450
442494720,11746398,7451
442324430,11746398,7452
442285836,11746398,619
441135373,11746398,7453
440911986,11746398,7454
440890032,11746398,7455
440839983,11746398,7456
440827816,11746398,7457
440584827,11746398,7458
440346013,11746398,7459
440255664,11746398,7460
440220954,11746398,7461
440008212,11746398,7462
439860556,11746398,7463
439830457,11746398,7464
439816327,11746398,7465
439738290,11746398,7466
439626358,11746398,7467
439451746,11746398,7468
439433171,11746398,7469
439430553,11746398,7470
439427905,11746398,7471
439402674,11746398,7472
439398723,11746398,7473
439392786,11746398,7474
439389748,11746398,7475
439386166,11746398,7476
439382838,11746398,7477
439289961,11746398,7478
439283874,11746398,7479
439275421,11746398,7480
439263159,11746398,7481
439261729,11746398,7482
439252534,11746398,7483
439215424,11746398,7484
439209171,11746398,7485
439203964,11746398,7486
439202634,11746398,7487
439194734,11746398,7488
439194668,11746398,7489
439191712,11746398,7490
439190985,11746398,7491
439190187,11746398,7492
439187124,11746398,7493
439185985,11746398,7494
439184170,11746398,7495
439182176,11746398,7496
439178847,11746398,7497
439174675,11746398,7498
439056629,11746398,7499
438959056,11746398,7500
438922164,11746398,318
438899506,11746398,7501
438896149,11746398,7502
438894265,11746398,7503
438889442,11746398,7504
438715159,11746398,7505
438700484,11746398,7506
438685091,11746398,7507
438679683,11746398,7508
438528432,11746398,7509
438527924,11746398,7510
438477274,11746398,7511
438471076,11746398,7512
438432217,11746398,7513
438429204,11746398,7514
438422399,11746398,7515
438306432,11746398,872
438287034,11746398,7516
438253962,11746398,7517
438250137,11746398,7518
438250063,11746398,7519
438249775,11746398,7520
438232125,11746398,7521
438203279,11746398,7522
438176798,11746398,7523
438072454,11746398,7524
438064000,11746398,7525
437999385,11746398,7526
437981424,11746398,7527
437965468,11746398,7528
437948513,11746398,7529
437938072,11746398,7530
437930923,11746398,7531
437930866,11746398,7532
437925712,11746398,7533
437825960,11746398,7534
437814236,11746398,7535
437803716,11746398,7536
437803470,11746398,7537
437801125,11746398,7538
437788911,11746398,7539
437777318,11746398,7540
437774463,11746398,7541
437771690,11746398,7542
437771245,11746398,7543
437769965,11746398,7544
437769913,11746398,7545
437766823,11746398,7546
437765944,11746398,7547
437757711,11746398,7548
437757533,11746398,7549
437754646,11746398,7550
437752018,11746398,7551
437750802,11746398,7552
437745603,11746398,7553
437745171,11746398,7554
437741529,11746398,873
437736026,11746398,7555
437729647,11746398,7556
437723856,11746398,7557
437719553,11746398,7558
437717324,11746398,7559
435742831,11746398,7560
435741402,11746398,7561
1063058752,33972276,7562
1059930639,33972276,7563
1059929935,33972276,7564
749613282,7109031,7565
747698767,7109031,7566
746644531,7109031,1002
720398761,7109031,7567
718590209,7109031,7568
716585553,7109031,7569
711615634,7109031,7570
702176752,7109031,7571
701806706,7109031,7572
697810892,7109031,7573
695697123,7109031,7574
690780837,7109031,7567
689992546,7109031,7575
689667981,7109031,7576
688461270,7109031,7577
687429329,7109031,7578
683552370,7109031,7566
681048394,7109031,7579
679753088,7109031,7580
676308188,7109031,7581
675899275,7109031,7582
675453871,7109031,7583
667459057,7109031,7584
648970949,7109031,7585
643546786,7109031,7586
643328195,7109031,7587
583160716,7109031,7588
572325724,7109031,7589
569532158,7109031,7590
566992735,7109031,7591
562536318,7109031,7592
557588369,7109031,7593
364756687,7109031,7594
321903903,7109031,484
1067534545,27939068,7595
1005226648,27939068,7596
983718942,10525874,7597
751497667,10525874,7598
750537982,10525874,7599
749419531,10525874,7600
743875860,10525874,7601
741991011,10525874,7602
741207864,10525874,7603
736982607,10525874,7604
734385911,10525874,4277
733587993,10525874,7605
733365308,10525874,7606
733236554,10525874,7607
727405265,10525874,7608
724729591,10525874,7609
724163378,10525874,1177
723400086,10525874,7610
721065429,10525874,7611
713173440,10525874,7612
708411562,10525874,7613
708354571,10525874,7614
698273807,10525874,7615
697715724,10525874,7616
694268545,10525874,7617
685132728,10525874,7618
681165868,10525874,7619
679782964,10525874,7620
677963832,10525874,7621
673640960,10525874,7622
672729576,10525874,7623
670373004,10525874,7624
666674874,10525874,7625
614249468,10525874,7626
610154628,10525874,7627
607906514,10525874,7628
607251402,10525874,7629
604637584,10525874,7630
603738724,10525874,7631
601385496,10525874,7632
599411071,10525874,7633
482658210,10525874,181
838653167,12231655,7634
724183611,12231655,1188
719223455,12231655,7635
686277034,12231655,7636
673209686,12231655,7637
611271310,12231655,7638
567805852,12231655,7639
560456953,12231655,7640
556430665,12231655,7641
554343676,12231655,7642
519749054,12231655,7643
502187069,12231655,2911
488690025,12231655,7644
487950065,12231655,2816
1033023013,27747708,7645
1031939568,27747708,7646
1031530911,27747708,7647
1031353443,27747708,7648
999197640,27747708,7649
998892477,27747708,7650
996955064,27747708,7651
996728435,27747708,7652
985480618,27747708,7653
972272135,27747708,7654
954647747,27747708,7655
1064374561,2334935,7656
1062408418,2334935,7657
1061958710,2334935,7658
987211681,2334935,7659
976406719,2334935,7660
948129360,2334935,7661
925962720,2334935,7662
854206835,2334935,7663
844206907,2334935,7664
841074070,2334935,7665
750376220,2334935,7666
749697998,2334935,7667
747350142,2334935,7668
743695031,2334935,7669
739431630,2334935,7670
734452243,2334935,7671
732830387,2334935,7672
729301604,2334935,7673
726543201,2334935,7674
725441411,2334935,7675
724000911,2334935,7676
719700195,2334935,7677
714777816,2334935,7678
712790674,2334935,7679
703438547,2334935,1693
689404033,2334935,7680
683173052,2334935,7681
679597987,2334935,7682
675784785,2334935,4060
674738554,2334935,7683
671791670,2334935,7684
670388681,2334935,7685
670132796,2334935,7686
669311204,2334935,1541
604196472,2334935,7687
603661954,2334935,7688
596118483,2334935,7689
594491064,2334935,7690
590131293,2334935,7691
581931831,2334935,7692
570644830,2334935,7693
567606900,2334935,7694
493994306,2334935,464
328374089,2334935,7695
310950630,2334935,7696
943452154,21493307,7697
939697608,21493307,7698
897474763,21493307,7699
789465401,21493307,7700
788224968,21493307,7701
786170697,21493307,7702
755255548,19476887,7703
755253751,19476887,7704
755253668,19476887,7705
753605916,19476887,7706
1056425065,27296727,7707
1024312852,27296727,7708
1022734621,27296727,7709
982439875,27296727,7710
981249779,27296727,7711
981241215,27296727,7712
980827165,27296727,7713
964714602,27296727,7714
950090340,27296727,7715
946037346,27296727,7716
945312246,27296727,7717
943461256,27296727,7718
940059850,27296727,7719
939440132,27296727,7720
939197334,27296727,7721
939114341,27296727,6487
938882449,27296727,7722
938842041,27296727,7723
941140201,3749935,7724
939428086,3749935,3189
750599348,3749935,3193
744547111,3749935,7725
744546393,3749935,7726
744492166,3749935,7727
744325640,3749935,7728
741467447,3749935,7729
738200110,3749935,7668
738143899,3749935,7730
737288887,3749935,7731
736978967,3749935,7732
736978875,3749935,7733
733694052,3749935,7734
732944022,3749935,7735
732943072,3749935,7736
732222270,3749935,7737
732220230,3749935,7738
732012346,3749935,7739
732009140,3749935,1859
731970543,3749935,7740
731355926,3749935,7741
731157231,3749935,7742
731092891,3749935,7743
730943153,3749935,7744
730564805,3749935,7745
729398141,3749935,7746
728466694,3749935,7747
727668727,3749935,7748
724900006,3749935,7749
724899826,3749935,7750
724899627,3749935,7751
724664211,3749935,7752
724332059,3749935,7753
724158009,3749935,1177
723700474,3749935,7754
723700356,3749935,7755
723646554,3749935,7756
723645883,3749935,7757
723174701,3749935,7758
723003664,3749935,7759
722975715,3749935,7760
722471086,3749935,3280
720615267,3749935,7761
719557451,3749935,4541
719531836,3749935,7762
719406219,3749935,7763
717628297,3749935,7764
714385350,3749935,7765
714384993,3749935,7766
714384888,3749935,7767
713649686,3749935,7768
711608976,3749935,7769
711564729,3749935,7770
710137781,3749935,7771
709533209,3749935,7772
708007825,3749935,7773
705559758,3749935,7774
704851181,3749935,7775
704476469,3749935,7776
702718537,3749935,7777
702009706,3749935,7778
697431742,3749935,7779
696967107,3749935,7780
696439113,3749935,7781
695718738,3749935,7782
695408093,3749935,7783
695116047,3749935,7784
707245280,3749935,7785
692885874,3749935,7786
689747342,3749935,7787
689375446,3749935,7788
688853520,3749935,7789
687695962,3749935,7790
683556888,3749935,7791
683443850,3749935,7792
683389792,3749935,7793
682826281,3749935,7794
682140950,3749935,7795
682138648,3749935,7796
682137774,3749935,7797
681847369,3749935,7798
681160953,3749935,7799
680358994,3749935,7800
677761533,3749935,7801
677738010,3749935,7802
676486941,3749935,7803
676323193,3749935,7804
675163397,3749935,7805
674952039,3749935,7806
674785873,3749935,7807
674099589,3749935,7808
674099503,3749935,7809
674099155,3749935,7810
674099052,3749935,7811
672494762,3749935,7812
671310645,3749935,3655
670610720,3749935,7813
670437325,3749935,7814
669857129,3749935,7815
669849241,3749935,7816
669834726,3749935,7817
669812958,3749935,7818
669554375,3749935,7819
668798291,3749935,7820
668264351,3749935,7821
667998402,3749935,7822
667997551,3749935,7823
667355936,3749935,7824
667120262,3749935,7825
667094684,3749935,7826
667094631,3749935,7827
666902353,3749935,7828
666672088,3749935,7829
666671858,3749935,7830
665886323,3749935,7831
614086061,3749935,7832
613712173,3749935,7833
612808914,3749935,7834
612808265,3749935,7835
612808010,3749935,7836
612295295,3749935,7837
610464631,3749935,7838
609532962,3749935,7839
609115523,3749935,7840
607854409,3749935,7841
427615185,3749935,7842
375520693,3749935,7843
1066524961,15592702,7844
1065280845,15592702,7845
1064915802,15592702,6608
1064800175,15592702,7846
1061446283,15592702,7847
1055788268,15592702,7848
1053594045,15592702,7849
1052767679,15592702,7850
1051747991,15592702,7851
1049371879,15592702,7852
1049154798,15592702,7853
1049044543,15592702,7854
1048475119,15592702,6608
1045359952,15592702,7855
1044085830,15592702,7856
1043077111,15592702,7857
1042784511,15592702,7858
1042209958,15592702,6601
1039586482,15592702,7859
1038559354,15592702,7860
1034769155,15592702,7861
1033900097,15592702,7862
1033435892,15592702,7863
1033079663,15592702,7864
1026587789,15592702,7865
1015310700,15592702,7866
1012542402,15592702,7867
1010737301,15592702,7868
995054620,15592702,7869
990459712,15592702,7870
990015376,15592702,7871
989782257,15592702,7872
989779370,15592702,7873
989540121,15592702,7874
987605668,15592702,7875
986654507,15592702,7876
985316098,15592702,7877
980965981,15592702,7878
979588821,15592702,6587
978866605,15592702,7879
974105560,15592702,7880
972885436,15592702,7881
972355682,15592702,7882
972110684,15592702,7883
971280874,15592702,7884
969989333,15592702,7885
966952563,15592702,7886
961526297,15592702,7887
958826475,15592702,7888
958225163,15592702,7889
956165819,15592702,7890
952547471,15592702,7891
949271477,15592702,7892
948459562,15592702,7893
946503012,15592702,7894
946496621,15592702,7895
943887422,15592702,7896
943147315,15592702,7897
942713545,15592702,7898
941634458,15592702,7899
936589220,15592702,7900
936148400,15592702,7901
935665752,15592702,6631
935088472,15592702,7902
930875763,15592702,6625
930235136,15592702,6651
927298356,15592702,7903
915620896,15592702,6625
914414648,15592702,7904
913657216,15592702,7905
913650849,15592702,7906
909009643,15592702,7907
908546607,15592702,7908
908244073,15592702,6611
908213277,15592702,7909
905213699,15592702,7910
892929879,15592702,6545
891563865,15592702,6671
891271461,15592702,7911
891083357,15592702,7912
888158322,15592702,7913
888036294,15592702,7914
887489284,15592702,7915
887348820,15592702,7854
887076821,15592702,7916
886009592,15592702,6608
885412296,15592702,7917
885116214,15592702,6745
878006779,15592702,7918
877362440,15592702,7919
876570369,15592702,7920
876380603,15592702,7921
876359140,15592702,7922
875698473,15592702,7923
875371230,15592702,7924
875137076,15592702,7854
874937917,15592702,7925
874364901,15592702,7926
874087904,15592702,7927
874008947,15592702,7928
873980866,15592702,7929
872650677,15592702,7930
872463878,15592702,7931
871787549,15592702,7932
868217907,15592702,7894
866790798,15592702,7933
863644668,15592702,7934
863633797,15592702,7935
863633618,15592702,7936
860509566,15592702,7937
858716473,15592702,7938
856847752,15592702,7939
856678239,15592702,7940
853987012,15592702,7941
850760175,15592702,7942
848136639,15592702,7943
847833915,15592702,7944
846956895,15592702,7945
846949262,15592702,7946
846812490,15592702,7947
846135621,15592702,7948
842937462,15592702,7949
842499465,15592702,7950
842490825,15592702,7951
842383801,15592702,7952
841384783,15592702,7953
840904924,15592702,7954
840041608,15592702,7921
838915122,15592702,7955
838672337,15592702,7956
838402048,15592702,7957
836766691,15592702,7958
836764783,15592702,7959
836762382,15592702,7960
836754558,15592702,7961
836478536,15592702,7962
836358126,15592702,7963
836215713,15592702,7964
835793580,15592702,7965
834977965,15592702,7966
834737971,15592702,7967
834735491,15592702,7968
834703115,15592702,7969
834587906,15592702,7970
834136567,15592702,7971
834128807,15592702,7972
834013885,15592702,7973
833911688,15592702,7974
833904906,15592702,7975
833258031,15592702,7976
833056332,15592702,7977
832704713,15592702,7978
832470311,15592702,7979
832387904,15592702,7980
832308416,15592702,7981
832288071,15592702,7982
832287528,15592702,7983
831869924,15592702,7984
831618118,15592702,7985
831325172,15592702,6651
830892977,15592702,7986
829908352,15592702,7987
829422474,15592702,7988
829216375,15592702,7989
828305375,15592702,7990
827951012,15592702,7991
827015631,15592702,7992
826906456,15592702,7993
826197127,15592702,7994
826186857,15592702,7995
826184981,15592702,7996
825842434,15592702,7997
825821477,15592702,7998
825649802,15592702,7999
825549025,15592702,8000
825480763,15592702,8001
825318334,15592702,8002
825049849,15592702,6737
824972674,15592702,8003
824701310,15592702,8004
823598221,15592702,8005
823527345,15592702,7940
822905669,15592702,8006
822823560,15592702,8007
822726967,15592702,8008
822633704,15592702,8009
822330663,15592702,8010
822063947,15592702,8011
821666887,15592702,8012
821633673,15592702,8013
821569551,15592702,8014
819771258,15592702,8015
819499634,15592702,8016
819057571,15592702,8017
818774296,15592702,8018
818638740,15592702,8019
818381636,15592702,8020
818255277,15592702,8021
817898743,15592702,8022
817751584,15592702,8023
817621804,15592702,7957
817302350,15592702,7985
813683744,15592702,8024
813538857,15592702,8025
788323243,15592702,8026
787612178,15592702,8027
787606042,15592702,8028
787544831,15592702,8029
787471749,15592702,8030
787227379,15592702,6701
786223950,15592702,8003
786187120,15592702,8031
786161535,15592702,8032
785850279,15592702,8033
785850036,15592702,8034
785793681,15592702,6691
785783202,15592702,6625
785578116,15592702,8035
785442515,15592702,8016
785329329,15592702,8036
785207898,15592702,8037
785009553,15592702,8038
784947934,15592702,8039
784114483,15592702,8040
783709439,15592702,8041
782675269,15592702,8042
782291055,15592702,8043
782286342,15592702,8044
782167214,15592702,8045
782065768,15592702,8046
782008314,15592702,8047
782000955,15592702,8048
781789380,15592702,8049
781665230,15592702,8050
781289545,15592702,8051
781004866,15592702,8052
780004947,15592702,8053
779038268,15592702,8054
747678052,15592702,8055
734849326,15592702,8056
734552289,15592702,8057
733673787,15592702,8058
723667116,15592702,8059
713044905,15592702,8060
700243141,15592702,8061
692200853,15592702,8062
690766447,15592702,8063
690530402,15592702,8064
679056424,15592702,8065
741926122,8602875,8066
732561361,8602875,8067
685603149,8602875,8068
681796649,8602875,8069
681575538,8602875,8070
669764402,8602875,8071
620116278,8602875,8072
618066136,8602875,8073
617662175,8602875,8074
617551338,8602875,8075
615335448,8602875,8076
614290955,8602875,8077
611342927,8602875,8078
608691840,8602875,8079
606568686,8602875,8080
604121881,8602875,8081
603432125,8602875,8082
602885300,8602875,8083
601328287,8602875,8084
601328179,8602875,8085
600951212,8602875,8086
600590546,8602875,3153
600327711,8602875,8087
590153311,8602875,8088
584898537,8602875,8089
584279058,8602875,8090
1058554303,17543751,8091
1058481269,17543751,8092
1057943825,17543751,8093
1057929037,17543751,8094
1057011813,17543751,8095
1056874287,17543751,8096
1055390754,17543751,8097
1055104115,17543751,8098
1054706192,17543751,8099
1054650733,17543751,8100
1053975151,17543751,8101
1052551829,17543751,8102
1052550730,17543751,8103
1051878371,17543751,8104
1046934465,17543751,8105
1046839857,17543751,8106
1037714685,17543751,8107
1037564473,17543751,8108
1032840139,17543751,8109
1032638862,17543751,8110
1032617760,17543751,8111
1032288978,17543751,8112
1030597180,17543751,8113
1030264808,17543751,8114
1030042397,17543751,8115
1028996129,17543751,8116
1027120071,17543751,8117
1026282255,17543751,8118
1026155443,17543751,8119
1023521328,17543751,8120
1020394309,17543751,8121
1019560074,17543751,8122
1017572108,17543751,8123
1017137710,17543751,8124
1015989712,17543751,8125
1015714995,17543751,8126
1015527883,17543751,8109
1013544398,17543751,8127
1011908842,17543751,8128
1011456702,17543751,8129
1008766915,17543751,8130
1006958178,17543751,8131
1004631972,17543751,8132
1004087821,17543751,8133
1003752118,17543751,8134
1003156594,17543751,8135
999142122,17543751,8136
999015995,17543751,8137
998479392,17543751,8138
994467764,17543751,8139
992848656,17543751,8140
987130592,17543751,8141
969558796,17543751,8142
965746432,17543751,8143
965428163,17543751,8144
963318871,17543751,8145
961034231,17543751,8146
958331948,17543751,8147
937258795,17543751,8148
917995102,17543751,8149
903813028,17543751,8150
896698048,17543751,8151
893354119,17543751,8152
891528447,17543751,8153
879516919,17543751,8154
879366095,17543751,8155
878877405,17543751,8156
878780102,17543751,8157
877355585,17543751,8158
876590106,17543751,8159
869449119,17543751,8160
868021644,17543751,8161
729745694,17543751,8162
733643068,7141990,8163
733466218,7141990,8164
723387948,7141990,7610
722563967,7141990,8165
722563490,7141990,8166
716966323,7141990,8167
716621740,7141990,8168
711623927,7141990,8169
600923550,7141990,8170
596355758,7141990,2887
589431821,7141990,8171
585669051,7141990,8172
578245892,7141990,8173
573366372,7141990,8174
571862880,7141990,8175
562648386,7141990,8176
546966934,7141990,8177
941768746,6994939,8178
941473514,6994939,8179
748274179,6994939,8180
747879504,6994939,8181
745356279,6994939,8182
745152453,6994939,8183
745151042,6994939,8184
744290838,6994939,8185
740540440,6994939,8186
740161830,6994939,8187
740160199,6994939,8188
740155371,6994939,8189
734386738,6994939,8190
734032059,6994939,8191
733600142,6994939,8192
732383125,6994939,8193
731959323,6994939,8194
731735452,6994939,8195
731116532,6994939,8196
730740912,6994939,8197
730740417,6994939,8198
729934890,6994939,8199
729755823,6994939,8200
729567939,6994939,8201
723166445,6994939,8202
723165547,6994939,8203
706352600,6994939,8204
705208963,6994939,8205
685620480,6994939,8194
685593525,6994939,8206
679611757,6994939,8207
678210596,6994939,8208
660271356,6994939,8209
655329598,6994939,8210
655324845,6994939,8211
643460438,6994939,8212
629625815,6994939,8213
626857694,6994939,8214
621639766,6994939,8215
613985064,6994939,8216
613369997,6994939,8217
612860108,6994939,8218
612746017,6994939,8219
569841945,6994939,8220
559337077,6994939,8221
556776482,6994939,8214
556774548,6994939,8222
554111635,6994939,8223
554108916,6994939,8224
1064747022,32843138,8225
1040163835,32843138,8226
1040003339,32843138,218
1039648183,32843138,8227
996709424,32843138,8228
996708850,32843138,8229
996706781,32843138,8230
743129985,9467065,8231
741271807,9467065,8232
739041508,9467065,8233
732007475,9467065,8234
731324774,9467065,8235
729159515,9467065,1166
728693555,9467065,8236
721655248,9467065,8237
720390599,9467065,8238
704271056,9467065,647
703081909,9467065,8239
598053701,9467065,8240
554154590,9467065,8241
553304807,9467065,8242
486182801,9467065,8243
751065452,14776389,8244
743622654,14776389,8245
733886940,14776389,8246
733541883,14776389,8247
733234667,14776389,8248
731989467,14776389,8249
731751711,14776389,8250
731507004,14776389,8251
730802362,14776389,8252
717310883,14776389,8253
705283729,14776389,8254
704660935,14776389,8255
702967803,14776389,8256
696116716,14776389,8257
695762828,14776389,8258
695753440,14776389,8259
693765437,14776389,8260
693623618,14776389,8261
690078091,14776389,8262
685919842,14776389,8263
685019043,14776389,8264
684134078,14776389,8265
683476939,14776389,8266
678239928,14776389,8267
672350533,14776389,8268
605878469,14776389,8269
604906024,14776389,8270
603735366,14776389,8271
603696500,14776389,8272
603684737,14776389,8273
603118484,14776389,8063
602841633,14776389,8274
602544044,14776389,8275
602537866,14776389,8276
602244901,14776389,8277
1068651860,33222223,8278
1066798566,33222223,8279
1066798276,33222223,8280
1059675733,33222223,8281
1059311103,33222223,8282
1058761887,33222223,8283
1058761707,33222223,8284
1056897683,33222223,8285
1056894013,33222223,8286
751527870,1546696,8287
726899050,1546696,938
721254219,1546696,8288
721055481,1546696,8289
719301324,1546696,8290
695053534,1546696,8291
688698476,1546696,8292
687395368,1546696,7310
667935043,1546696,8293
606919647,1546696,8294
599325090,1546696,8295
588645095,1546696,8296
570266144,1546696,8297
569571399,1546696,8298
567795980,1546696,8299
564162163,1546696,8300
561342509,1546696,8301
546575726,1546696,8302
533913816,1546696,8303
751458624,6961416,8304
749368846,6961416,8305
738199181,6961416,8306
729911343,6961416,8307
729740302,6961416,8308
729247384,6961416,8309
728187711,6961416,1168
725926809,6961416,8310
725040158,6961416,8311
711840082,6961416,8312
706761455,6961416,8313
706157411,6961416,8314
700527247,6961416,8315
697352171,6961416,8316
681126464,6961416,8317
677008030,6961416,8318
671793255,6961416,8319
637927263,6961416,8320
612792592,6961416,8321
611529274,6961416,8322
608260969,6961416,8323
607016673,6961416,8324
606209202,6961416,8325
606207725,6961416,8326
602821825,6961416,5515
598890376,6961416,8327
597608911,6961416,8328
595774301,6961416,8329
1060696515,8775058,8330
1043712936,8775058,8331
1036299001,8775058,8332
1021232443,8775058,8333
1008421238,8775058,8334
1003154613,8775058,8335
996258798,8775058,8336
983857349,8775058,8337
976334488,8775058,8338
966964004,8775058,8339
949189346,8775058,8340
948639669,8775058,8341
948036455,8775058,8342
936918001,8775058,8343
927906498,8775058,8344
920945497,8775058,8345
918334128,8775058,8346
888763219,8775058,8347
881662327,8775058,8348
877635391,8775058,8349
751121112,8775058,8350
751061044,8775058,8351
743853369,8775058,8352
743705949,8775058,8353
741695996,8775058,8354
741303390,8775058,8355
740913853,8775058,8356
740372218,8775058,8357
738850254,8775058,8358
738339011,8775058,8359
737280347,8775058,8360
736775561,8775058,8361
736526495,8775058,8362
734577852,8775058,8363
733361983,8775058,8364
732199451,8775058,8365
731686388,8775058,8366
730877907,8775058,8367
729909716,8775058,8368
729040267,8775058,8369
725943182,8775058,8370
725418104,8775058,8371
725348585,8775058,8372
722179153,8775058,8373
721439205,8775058,8374
721042566,8775058,8375
718446565,8775058,8376
718206105,8775058,8377
718128147,8775058,8378
716254887,8775058,8379
714620269,8775058,8380
714505264,8775058,8381
713330915,8775058,8382
710251078,8775058,8383
703123624,8775058,8384
702097711,8775058,8385
701814659,8775058,8386
701714978,8775058,8387
701401302,8775058,8388
700955107,8775058,8389
699509997,8775058,8390
699457778,8775058,8391
698763906,8775058,8392
689220838,8775058,8393
687367169,8775058,8394
687161415,8775058,8395
687161202,8775058,8396
686965563,8775058,8397
685570899,8775058,8398
684633681,8775058,8399
684535248,8775058,8400
683960182,8775058,8401
683577065,8775058,8402
683560524,8775058,8403
683441161,8775058,8404
683419575,8775058,8405
683371496,8775058,8406
682298469,8775058,8407
681647166,8775058,8408
681463974,8775058,8409
681382163,8775058,8410
680748758,8775058,8411
680738011,8775058,8412
680348305,8775058,8413
680100049,8775058,8414
679878402,8775058,8415
679626298,8775058,8416
679452300,8775058,8417
677977868,8775058,5018
677707079,8775058,8418
677610611,8775058,8419
676839244,8775058,8420
675919112,8775058,8421
675811591,8775058,8422
674970493,8775058,8423
672494173,8775058,8424
671997374,8775058,8425
671755467,8775058,8426
671596167,8775058,8427
671371563,8775058,8428
670960524,8775058,8429
669847133,8775058,8430
669742601,8775058,8431
669301367,8775058,8432
669061090,8775058,8433
668623831,8775058,8434
668604861,8775058,8435
668330157,8775058,8436
668270474,8775058,8437
667856566,8775058,8438
667795837,8775058,8439
667773899,8775058,6456
667563411,8775058,8440
667322765,8775058,8441
666909237,8775058,8442
666603467,8775058,1034
666322538,8775058,8443
665637082,8775058,8444
614125338,8775058,8445
613744130,8775058,8446
613718711,8775058,8447
613359319,8775058,8448
613202428,8775058,8449
612845446,8775058,8450
612706217,8775058,8451
612521540,8775058,8452
611234855,8775058,8453
610047241,8775058,8454
753153955,10068595,647
743679697,10068595,8455
725397311,10068595,8456
722746978,10068595,8457
572989572,10068595,8458
553754109,10068595,8459
546945217,10068595,8460
493547227,10068595,8461
471025945,10068595,8462
727919797,17379155,8463
688060012,17379155,8464
686686853,17379155,8465
686338938,17379155,3517
685931532,17379155,8466
685133464,17379155,8467
684885732,17379155,8468
684701194,17379155,8469
684673320,17379155,8470
761137760,8071230,8471
697107332,8071230,2772
566679642,8071230,8472
548065710,8071230,8473
538984496,8071230,3576
516902361,8071230,2280
501536605,8071230,8474
499792258,8071230,8475
472803102,8071230,8476
472298216,8071230,8477
739444568,4170589,8478
734103553,4170589,8479
705915613,4170589,8480
589922146,4170589,8481
583162443,4170589,2825
578163093,4170589,8482
576929208,4170589,2827
554904143,4170589,8483
539301936,4170589,8484
491910044,4170589,8485
1012783283,28120938,8486
970264194,28120938,8487
746638185,455410,1901
743483675,455410,1391
739588685,455410,8488
737733560,455410,8489
736883064,455410,1909
736551530,455410,8490
728802292,455410,8491
727274573,455410,8492
725763389,455410,1848
718494519,455410,4048
716504891,455410,8493
714903401,455410,8494
694013706,455410,8495
687450866,455410,8496
687366118,455410,8497
687170100,455410,8498
685126848,455410,1626
679818079,455410,8499
676788056,455410,1633
675959759,455410,3139
668879563,455410,8500
668865828,455410,8501
613913155,455410,120
608609091,455410,8502
605239202,455410,8503
605149034,455410,8504
598867832,455410,8505
598458354,455410,2997
597547562,455410,8506
597203482,455410,8507
595856190,455410,8508
1058773265,17604603,8509
1049287702,17604603,8510
1049286794,17604603,8511
1039906838,17604603,8512
1032504210,17604603,8513
860173814,17604603,8514
750700598,17604603,1308
681388103,17604603,8515
681373399,17604603,8516
1018870444,28285527,8517
722871137,8517570,8518
695639253,8517570,8519
613760774,8517570,8520
611359877,8517570,8521
610963368,8517570,8522
591106638,8517570,8523
585877701,8517570,8524
568069159,8517570,8525
567653638,8517570,8526
556828861,8517570,8527
471283262,8517570,8528
471084065,8517570,8529
461871284,8517570,8530
461864676,8517570,8531
454407573,8517570,8532
435200121,8517570,8533
429031759,8517570,8534
390854388,8517570,8535
372729193,8517570,8536
359662972,8517570,8537
1068747311,27130109,8538
1066210664,27130109,8539
1063852497,27130109,8540
1063688826,27130109,8541
1062909223,27130109,8542
1062906972,27130109,8543
1061343472,27130109,8544
1060527756,27130109,8545
1057823770,27130109,8546
1057722531,27130109,8547
1052207223,27130109,8548
1051977011,27130109,8549
1050641052,27130109,8550
1048807833,27130109,8551
1042478198,27130109,8552
1035335145,27130109,8553
1027760880,27130109,8554
1027651917,27130109,8555
1017638366,27130109,8556
990163812,27130109,8557
974093878,27130109,8558
972638750,27130109,8559
953726998,27130109,8560
953726354,27130109,8561
953585765,27130109,8562
953584835,27130109,8563
953423419,27130109,8564
953422719,27130109,8565
953241463,27130109,8566
953240976,27130109,8567
953011284,27130109,8568
953009913,27130109,8569
952880419,27130109,8570
952879154,27130109,8571
952726660,27130109,8572
939619646,27130109,8573
939445662,27130109,8574
939444888,27130109,8572
939442552,27130109,8575
939438293,27130109,8576
925557403,6601902,8577
908456309,6601902,8578
905873534,6601902,8579
739203949,6601902,8580
734522695,6601902,8581
733691251,6601902,8582
732361670,6601902,8583
724703616,6601902,8584
722944689,6601902,8585
722494072,6601902,8586
718174237,6601902,8587
716235151,6601902,8588
700241471,6601902,8589
699821386,6601902,8590
699500181,6601902,8591
699456554,6601902,8592
695332850,6601902,8593
693976016,6601902,8594
691645163,6601902,8595
689678168,6601902,8596
689175505,6601902,8597
686610496,6601902,8598
684234396,6601902,8599
684232586,6601902,8600
682581109,6601902,8601
682042744,6601902,8602
679631292,6601902,8603
677274985,6601902,5305
676033452,6601902,8604
674727911,6601902,8605
674535215,6601902,2876
674336763,6601902,8606
671526893,6601902,8607
671266510,6601902,8608
669097172,6601902,8609
667827426,6601902,8610
667129484,6601902,8611
665874287,6601902,8612
605534061,6601902,8613
596007727,6601902,8614
560197058,6601902,8615
546757672,6601902,8616
543465098,6601902,8617
539984184,6601902,8618
535087167,6601902,8619
533381630,6601902,8620
524848854,6601902,8621
522199105,6601902,8622
1051690926,19259802,8623
1051682436,19259802,8624
1051678747,19259802,8625
1049158144,19259802,8626
1046514028,19259802,8627
1046112931,19259802,8628
1046053508,19259802,8629
1045928066,19259802,8630
1044680672,19259802,8631
1044549792,19259802,8632
1043297922,19259802,8633
1041608961,19259802,8634
1041491595,19259802,8635
1041170695,19259802,8636
1040382638,19259802,8637
1040189374,19259802,8638
1039550830,19259802,8639
1039352885,19259802,8640
1038564773,19259802,8641
1038543223,19259802,8642
1038322885,19259802,8643
1037956923,19259802,8644
1037951167,19259802,8645
1036929406,19259802,8646
1036638051,19259802,8647
1036312374,19259802,8648
1036214011,19259802,8649
1036204392,19259802,8650
1035781923,19259802,8651
1030908917,19259802,8652
1014134009,19259802,8653
751662975,19259802,1383
746639947,19259802,8654
744983392,19259802,8655
739297900,19259802,8656
733569193,19259802,8657
732824674,19259802,8658
730513976,19259802,8659
728093378,19259802,929
724877182,19259802,8660
724180165,19259802,8661
721888357,19259802,8662
721714382,19259802,8663
711121674,12295934,8664
707211793,12295934,8665
706764099,12295934,8666
694588222,12295934,8667
693637303,12295934,8668
691294856,12295934,8669
677966891,12295934,8670
606212046,12295934,8671
591006517,12295934,8672
589662879,12295934,8673
584926398,12295934,8674
574273608,12295934,8675
569406309,12295934,8676
566980936,12295934,8677
566465829,12295934,8678
563473467,12295934,8679
562624027,12295934,8680
1043826826,4881460,8681
751373198,4881460,8682
750973401,4881460,8683
750878672,4881460,8684
750378489,4881460,8685
750221243,4881460,8686
750187672,4881460,8687
750108163,4881460,8688
749876591,4881460,5317
749801422,4881460,8689
749619506,4881460,8690
749617711,4881460,8691
749414314,4881460,8692
749413768,4881460,8693
749404377,4881460,5249
749404164,4881460,5248
747482831,4881460,8694
743869875,4881460,8695
735588675,4881460,8696
728109647,4881460,8697
724290488,4881460,8698
720907985,4881460,8699
720907773,4881460,8700
705880645,4881460,8701
702073722,4881460,8702
697043931,4881460,8703
692272085,4881460,8704
691926690,4881460,8705
690279198,4881460,8706
689172142,4881460,8707
688565964,4881460,8708
688102932,4881460,8709
684693584,4881460,8710
681170631,4881460,8711
676144304,4881460,8712
675485686,4881460,8713
672703682,4881460,5451
671879457,4881460,8714
668798582,4881460,8715
667785307,4881460,8716
667731846,4881460,8717
666840107,4881460,8718
665865606,4881460,8719
614268150,4881460,8720
608976886,4881460,8721
587840981,4881460,8722
587004111,4881460,8723
572335123,4881460,8724
569799521,4881460,8725
556209105,4881460,8726
554685192,4881460,8727
553470688,4881460,8728
549773452,4881460,8729
1059507756,8599407,8730
1052004307,8599407,8731
1035035231,8599407,8732
1031212228,8599407,8733
1017409772,8599407,8734
994463235,8599407,8735
953239642,8599407,8736
953236573,8599407,8737
953235159,8599407,8738
953232756,8599407,8739
953229051,8599407,8740
953228173,8599407,8741
953226767,8599407,8742
888540639,8599407,8743
870069954,8599407,8744
864423672,8599407,8745
750597512,8599407,8746
750569389,8599407,8747
749696669,8599407,8748
747512312,8599407,8749
740959040,8599407,8750
740802406,8599407,8751
739952573,8599407,8752
739025106,8599407,8753
738216549,8599407,8754
738067374,8599407,8755
737205386,8599407,8756
736785001,8599407,8757
736733242,8599407,8758
734633862,8599407,8759
734031781,8599407,8760
733964789,8599407,708
733178489,8599407,8761
731107569,8599407,8762
730079567,8599407,8763
729578029,8599407,8764
729233395,8599407,8765
729232375,8599407,8766
728715702,8599407,8767
728566896,8599407,8768
728509245,8599407,8769
728047800,8599407,8770
725892936,8599407,8771
725380673,8599407,8772
725206090,8599407,8773
724725872,8599407,8774
724693884,8599407,8775
721733092,8599407,8776
720805793,8599407,8777
720689674,8599407,8778
720435142,8599407,8779
718590330,8599407,8780
717798674,8599407,8781
716171034,8599407,8782
716160011,8599407,8783
716039791,8599407,8784
714954337,8599407,8785
714609761,8599407,8786
714609151,8599407,8787
713577334,8599407,8788
713370590,8599407,8789
713027432,8599407,8790
712482515,8599407,8791
712133011,8599407,8792
712114045,8599407,8793
711562405,8599407,8794
709265614,8599407,8795
708451779,8599407,8796
707100806,8599407,8797
704083951,8599407,3313
703390773,8599407,8798
703239495,8599407,8799
700519952,8599407,8800
700141825,8599407,8801
698809258,8599407,8802
695968391,8599407,8803
695334679,8599407,8804
694876732,8599407,8805
693924363,8599407,8806
691980332,8599407,8807
688164236,8599407,8808
687800772,8599407,8809
687705339,8599407,8810
687699950,8599407,8811
685516301,8599407,8812
685361235,8599407,8813
684982146,8599407,8814
684906935,8599407,8815
684262043,8599407,8816
683732146,8599407,8817
681087415,8599407,8818
679401454,8599407,8819
677823503,8599407,8820
677479080,8599407,8821
676596788,8599407,8822
674186167,8599407,8823
674098066,8599407,8824
672902879,8599407,8825
672411260,8599407,8826
671063361,8599407,8827
670620841,8599407,8828
670581197,8599407,8829
670442837,8599407,8830
670351293,8599407,8831
670350237,8599407,8832
670340395,8599407,8833
670310578,8599407,8834
669763437,8599407,8835
669726484,8599407,8836
669409094,8599407,8837
669325052,8599407,8838
669300039,8599407,8839
669176423,8599407,8840
669060946,8599407,8841
668653180,8599407,5927
668508672,8599407,8842
668471140,8599407,8843
667868240,8599407,8844
666749503,8599407,8845
666673361,8599407,8846
666213480,8599407,8847
665621954,8599407,8848
621573188,8599407,8849
621257100,8599407,8850
620892783,8599407,8851
620351392,8599407,8852
620054627,8599407,8853
619979467,8599407,8854
619579297,8599407,8855
619256869,8599407,8856
618872002,8599407,8857
617927542,8599407,8858
617668796,8599407,8859
617559216,8599407,8860
616824363,8599407,8861
615644656,8599407,8862
615604771,8599407,8863
615565528,8599407,8864
615460359,8599407,8865
615356593,8599407,8866
615343469,8599407,8867
615325718,8599407,8868
614577926,8599407,8869
614511490,8599407,8870
614175815,8599407,8871
613740827,8599407,8872
613734517,8599407,8873
613631205,8599407,8874
613402965,8599407,8875
613139276,8599407,8876
613072558,8599407,8877
613022728,8599407,8878
613014719,8599407,8879
612607483,8599407,8880
612471983,8599407,8881
612468848,8599407,8882
612459463,8599407,8883
611859500,8599407,8884
610279223,8599407,8885
608714482,8599407,8886
608334974,8599407,8887
607256587,8599407,8888
605510988,8599407,8889
601130151,8599407,8890
600938689,8599407,8891
598055310,8599407,8892
597503969,8599407,8893
596384710,8599407,8894
595430445,8599407,8895
592625910,8599407,8896
590091953,8599407,8897
588023136,8599407,8898
587278457,8599407,8899
587070038,8599407,8900
572883307,8599407,8901
554167992,8599407,8902
905688484,8602484,8903
749367368,8602484,8305
733722241,8602484,8904
729788157,8602484,2637
728625284,8602484,8905
727624039,8602484,8906
726453561,8602484,8907
712796919,8602484,8908
712444990,8602484,8909
702026472,8602484,8910
701104263,8602484,1210
686280395,8602484,6848
682283074,8602484,8911
682016692,8602484,8912
670322010,8602484,8913
666185847,8602484,8914
609737713,8602484,8915
599407634,8602484,8916
594927084,8602484,7675
590762913,8602484,8917
585944637,8602484,8918
581427037,8602484,8919
578091363,8602484,8920
576151578,8602484,8921
574280270,8602484,8922
573257995,8602484,8923
1009058852,27686907,8924
1001410730,27686907,8925
1001410133,27686907,8926
1001410079,27686907,8927
997082410,27686907,8928
997082377,27686907,8929
997082287,27686907,8930
997082187,27686907,8931
996015215,27686907,8932
996015188,27686907,8933
996014982,27686907,8934
996014968,27686907,8935
992382379,27686907,8936
991576238,27686907,8937
990463122,27686907,8938
990463019,27686907,8939
990463008,27686907,8940
990462943,27686907,8941
990462940,27686907,8942
990358050,27686907,8943
990357957,27686907,8944
990257533,27686907,8945
990251467,27686907,8946
989639965,27686907,8947
988603427,27686907,8948
988602755,27686907,8949
988600833,27686907,8950
988600547,27686907,8951
988600444,27686907,8952
988391713,27686907,8953
988151525,27686907,8954
988139463,27686907,8955
988136579,27686907,8956
988135961,27686907,8957
988135908,27686907,8958
988031184,27686907,8959
987215537,27686907,8960
986790639,27686907,8961
986787953,27686907,8962
985643210,27686907,8963
985643076,27686907,8964
985009079,27686907,8965
985008717,27686907,8966
984850618,27686907,8967
984799122,27686907,8968
984794740,27686907,8969
983865018,27686907,8970
983455035,27686907,8971
959407107,27686907,8972
947535576,27686907,8973
746893367,7273452,8974
702467933,7273452,8975
672998089,7273452,8976
667976691,7273452,8977
606884799,7273452,8978
602543631,7273452,8979
594902786,7273452,8980
584013728,7273452,8981
547282082,7273452,8982
547275119,7273452,8983
546518068,7273452,8984
544436301,7273452,8985
539922307,7273452,8986
539575861,7273452,8987
1044739306,34002993,8988
1044730882,34002993,8989
1044688759,34002993,8990
1044365655,34002993,8991
1043925007,34002993,8992
1043917358,34002993,8993
1043915476,34002993,8994
1043525258,34002993,8995
1043086045,34002993,8996
1042788207,34002993,8997
1042424171,34002993,8998
934303800,20171721,8999
927488288,20171721,9000
926743879,20171721,9001
926726336,20171721,9002
751799508,7596221,9003
736506446,7596221,9004
728050120,7596221,1166
718489310,7596221,4048
716233391,7596221,9005
714518695,7596221,1038
687047799,7596221,9006
676660943,7596221,9007
609049246,7596221,1166
606905943,7596221,9008
604854083,7596221,9009
593486335,7596221,9010
579573827,7596221,9011
574856079,7596221,9012
570387836,7596221,9013
558026523,7596221,9014
557554556,7596221,9015
968207429,7057020,9016
556976964,7057020,9017
525936504,7057020,9018
523286356,7057020,8715
494254063,7057020,9019
748044400,15212886,1736
747868772,15212886,9020
747866186,15212886,9021
747866018,15212886,9022
733603477,15212886,6013
731997768,15212886,1859
731986149,15212886,9023
1020603070,27478200,9024
1009127969,27478200,9025
1009119973,27478200,9026
1009075247,27478200,9027
979620348,27478200,9028
948945187,27478200,9029
948944326,27478200,9030
944154055,27478200,6795
944151758,27478200,6796
943563626,27478200,9031
978952966,1371527,9032
887705538,1371527,9033
747234796,1371527,9034
740142539,1371527,9035
706164455,1371527,9036
637378593,1371527,9037
606665188,1371527,9038
521649302,1371527,9039
492114726,1371527,9040
467853491,1371527,9041
466380784,1371527,9042
465166915,1371527,9043
942716516,19408793,914
922995871,19408793,9044
901081190,19408793,9045
750828434,19408793,9046
750020025,19408793,9047
749442283,19408793,9048
749230175,19408793,9049
747467450,19408793,9050
746985592,19408793,9051
746857974,19408793,9052
745191836,19408793,9053
745174722,19408793,9054
745174360,19408793,9055
744967710,19408793,9056
744543777,19408793,9057
739978491,19408793,9058
739784580,19408793,9059
739777662,19408793,9060
739643420,19408793,9061
739589260,19408793,9062
739072227,19408793,9063
738835575,19408793,9064
737930451,19408793,9065
737268302,19408793,9066
737261217,19408793,9067
737048055,19408793,9068
734530031,19408793,9069
734416030,19408793,9070
733956111,19408793,9071
733750862,19408793,9072
733713244,19408793,9073
733548881,19408793,9074
732629504,19408793,9075
732195847,19408793,9076
732019955,19408793,9077
730960760,19408793,9078
730195185,19408793,9079
729945325,19408793,9080
729810913,19408793,9081
729741570,19408793,9082
729570188,19408793,9083
729570147,19408793,9084
728348878,19408793,9085
728149605,19408793,9086
727920300,19408793,9087
727907384,19408793,9088
727045577,19408793,9089
726559109,19408793,9090
726530036,19408793,9091
726343073,19408793,9092
748239135,3567267,9093
748137980,3567267,9094
748097190,3567267,9095
739749633,3567267,9096
738408233,3567267,9097
711352888,3567267,9098
710544016,3567267,9099
709856859,3567267,9100
703145526,3567267,9101
677283234,3567267,9102
676433551,3567267,9103
672683663,3567267,9104
670831321,3567267,9105
668259400,3567267,9106
668022054,3567267,9107
602264408,3567267,9108
588370407,3567267,9109
584968909,3567267,9110
582934449,3567267,9111
570316421,3567267,9112
540099460,3567267,9113
530754673,3567267,9114
525628357,3567267,9115
517602172,3567267,9116
483140864,3567267,9117
1013536322,11741717,9118
993847450,11741717,9119
962651781,11741717,9120
959866975,11741717,9121
957636009,11741717,9122
957310796,11741717,9123
956447301,11741717,9124
954774792,11741717,9125
954751318,11741717,9126
954508502,11741717,9127
953791155,11741717,9128
952109118,11741717,9129
951700391,11741717,2271
951643928,11741717,9130
949820712,11741717,9131
946905623,11741717,1104
946881809,11741717,9132
946644122,11741717,1111
946514716,11741717,9133
946437245,11741717,9134
945818073,11741717,9135
854574505,11741717,9136
853975786,11741717,9137
847803562,11741717,358
840364925,11741717,9138
839608026,11741717,9139
838921356,11741717,9140
831446693,11741717,9141
831100241,11741717,9142
828755579,11741717,9143
827493010,11741717,560
822146688,11741717,9144
820909920,11741717,9145
819051621,11741717,1713
789168500,11741717,9146
788979449,11741717,9147
788729998,11741717,9148
788626657,11741717,9149
787087137,11741717,1111
785128283,11741717,9150
784124675,11741717,9151
784044115,11741717,43
761065590,11741717,9152
750947013,11741717,9153
749072248,11741717,9154
736250548,11741717,9155
734050413,11741717,9156
731993079,11741717,9157
716896441,11741717,9158
713128404,11741717,9159
712191388,11741717,9160
710377593,11741717,9161
710126557,11741717,9162
708819207,11741717,9163
708418964,11741717,9164
703856833,11741717,9165
700534388,11741717,9166
699132907,11741717,9167
698028830,11741717,9168
696569094,11741717,9169
695208733,11741717,9170
693445642,11741717,9171
689986150,11741717,9172
688330988,11741717,9173
685595248,11741717,9174
685191169,11741717,9175
684896000,11741717,9176
682803879,11741717,9177
682060632,11741717,9178
602247522,11741717,9179
554298217,11741717,9180
509514434,11741717,9181
477034759,11741717,9182
471040026,11741717,9183
737577961,4771094,9184
733468133,4771094,8164
728374175,4771094,9185
727039896,4771094,9186
725645447,4771094,9187
721195956,4771094,9188
708160472,4771094,9189
702026683,4771094,8910
696910700,4771094,9190
687823350,4771094,9191
687414499,4771094,9192
686989873,4771094,9193
611239134,4771094,9194
607931413,4771094,9195
603346853,4771094,9196
602267147,4771094,9197
587130997,4771094,9198
582949632,4771094,9199
579140680,4771094,9200
574493859,4771094,9201
568593141,4771094,9202
567010334,4771094,9203
1022027246,14116019,9204
749392127,14116019,9205
744858754,14116019,9206
744345916,14116019,9207
737822541,14116019,9208
734038732,14116019,9209
733815273,14116019,3607
727946931,14116019,9210
725336616,14116019,9211
725320056,14116019,9212
724272529,14116019,9213
723980200,14116019,9214
713840427,14116019,9215
713079593,14116019,9216
711931935,14116019,9217
711399320,14116019,9218
704949884,14116019,9219
692600672,14116019,9220
691699200,14116019,9221
687167376,14116019,9222
685906102,14116019,9223
683190201,14116019,9224
680183193,14116019,9225
679346053,14116019,9226
677299837,14116019,9227
677066259,14116019,9228
670036641,14116019,9229
669299324,14116019,9230
667587791,14116019,9231
667083307,14116019,9232
666251172,14116019,9233
650638439,14116019,1467
614230800,14116019,9234
613727760,14116019,9235
613328096,14116019,9236
611587436,14116019,9213
610682465,14116019,9237
609062034,14116019,9238
608871410,14116019,9239
608769695,14116019,9240
607871642,14116019,9241
1035025891,20295587,9242
1009232434,20295587,9243
987870664,20295587,9244
987619268,20295587,9245
987596272,20295587,9246
987115381,20295587,9247
954618209,20295587,9248
914980052,20295587,9249
870349443,20295587,9250
750722398,14054034,9251
750677327,14054034,9252
749078723,14054034,9253
747634411,14054034,9254
746130153,14054034,9255
744823599,14054034,9256
737302657,14054034,9257
736727123,14054034,9258
733819987,14054034,9259
733348950,14054034,9260
733338150,14054034,9261
731490478,14054034,9262
730809232,14054034,2862
730538562,14054034,9263
730312099,14054034,9264
729879466,14054034,9265
728768916,14054034,9266
727443414,14054034,9267
727130760,14054034,9268
726335721,14054034,9269
716710709,14054034,9270
716449690,14054034,9271
713140332,14054034,9272
703472294,14054034,9273
694138926,14054034,9274
679682971,14054034,9275
674982575,14054034,9276
669030598,14054034,9277
611323321,14054034,9278
609926424,14054034,9279
607374011,14054034,9280
607282069,14054034,9281
602340157,14054034,9282
600078746,14054034,9283
598314096,14054034,9284
597916133,14054034,9285
597909448,14054034,9286
594231336,14054034,9287
960846930,8317497,9288
760774241,8317497,9289
758992226,8317497,9290
749852625,8317497,9291
737785985,8317497,9292
736505616,8317497,9293
733517317,8317497,9294
733516890,8317497,9295
729859163,8317497,9296
729714854,8317497,9297
729711205,8317497,9298
729609324,8317497,9299
729360389,8317497,9300
729011076,8317497,9301
728526023,8317497,9302
728336437,8317497,9303
728291504,8317497,9304
728285526,8317497,9305
727927304,8317497,9306
727704322,8317497,9307
727606686,8317497,9308
726976388,8317497,9309
726761565,8317497,9310
726139327,8317497,9311
725628489,8317497,9312
725564407,8317497,9313
725145891,8317497,9314
724874317,8317497,9315
723672044,8317497,9316
722459341,8317497,9317
722449225,8317497,9318
721903798,8317497,9319
721477327,8317497,9320
720887049,8317497,9321
720860557,8317497,9322
720697142,8317497,9323
720105203,8317497,9324
719582074,8317497,9325
711109626,8317497,9326
695640365,8317497,8519
693352511,8317497,9327
684145183,8317497,9328
681829328,8317497,9329
677757946,8317497,7621
676788895,8317497,9330
676134188,8317497,9331
673642653,8317497,7622
673163251,8317497,9332
670859066,8317497,9333
670070775,8317497,9334
669811609,8317497,9335
669376402,8317497,9336
654226155,8317497,9337
648947899,8317497,9338
642750551,8317497,9339
605219681,8317497,9340
574330147,8317497,9341
573963180,8317497,9342
571382747,8317497,9343
565000763,8317497,9344
564774514,8317497,9345
563632117,8317497,9346
559538426,8317497,9347
558757148,8317497,9348
744258307,10926187,9349
741728859,10926187,9350
732273734,10926187,9351
731276531,10926187,9352
731141298,10926187,9353
730250313,10926187,1682
723668923,10926187,9354
722447932,10926187,9355
714902367,10926187,9356
714694141,10926187,9357
707388859,10926187,9358
700344888,10926187,9359
700234512,10926187,9360
699155039,10926187,9361
697800284,10926187,9362
694564769,10926187,9363
694316862,10926187,9364
693345596,10926187,9365
690918316,10926187,9366
690842555,10926187,9367
689772280,10926187,9368
688008818,10926187,9369
685187272,10926187,9370
684947320,10926187,9371
684732513,10926187,9372
684547589,10926187,9373
683811338,10926187,9374
682624528,10926187,9375
680386705,10926187,9376
679628187,10926187,9377
673667003,10926187,9378
613832823,10926187,9379
613690045,10926187,9380
605549856,10926187,9381
605141437,10926187,9382
603274871,10926187,9383
601666210,10926187,9384
600365083,10926187,9385
597934735,10926187,9386
597244907,10926187,9387
595995602,10926187,9388
727693226,12365770,1166
715645064,12365770,9389
704408533,12365770,9390
699173334,12365770,9391
676464922,12365770,9392
669600527,12365770,9393
614224273,12365770,2620
614087787,12365770,9394
611504100,12365770,9395
606609010,12365770,9396
606569295,12365770,9397
604977982,12365770,9398
604496801,12365770,9399
604032908,12365770,9400
601947407,12365770,9401
600170634,12365770,9402
597510240,12365770,9403
596360234,12365770,9404
1059918666,8610811,9405
1053931684,8610811,9406
1046015792,8610811,9407
1045345854,8610811,9408
1045253475,8610811,9409
1043191848,8610811,9410
1035908243,8610811,9411
1034296614,8610811,9412
1027802256,8610811,9413
980387388,8610811,9414
745356568,8610811,9415
739348018,8610811,9416
737416373,8610811,9417
730930348,8610811,9418
730380362,8610811,9419
727341534,8610811,9420
724629376,8610811,9421
716261899,8610811,9422
713825757,8610811,9423
713059142,8610811,9424
711668481,8610811,9425
700925302,8610811,9426
686963273,8610811,9427
685346563,8610811,9428
677622447,8610811,9429
669006966,8610811,9430
619893840,8610811,9431
619316636,8610811,9432
612124484,8610811,9433
610133727,8610811,9434
607878402,8610811,9435
598342572,8610811,9436
597845233,8610811,9437
595523413,8610811,9438
593146863,8610811,9439
590154034,8610811,9440
590097805,8610811,9441
589816638,8610811,2326
588697815,8610811,9442
588693775,8610811,9443
587949852,8610811,9444
587092699,8610811,9445
585786628,8610811,9446
583510829,8610811,9447
583504534,8610811,9448
399426279,8610811,9449
1045549976,12374411,9450
927806838,12374411,9451
708090170,12374411,9452
1009231945,25073674,9243
986653925,25073674,9453
985334234,25073674,9454
985322098,25073674,9455
1059773131,13934245,9456
1032283332,13934245,9457
1027083965,13934245,9458
1002020020,13934245,9459
998631844,13934245,9460
998522045,13934245,9461
995467484,13934245,9462
995350823,13934245,9463
986778334,13934245,9464
986778135,13934245,9465
986560108,13934245,9466
985895142,13934245,9467
985129734,13934245,9468
985128994,13934245,9469
983562978,13934245,9470
980811961,13934245,9471
945412564,13934245,9472
919117498,13934245,9473
898570706,13934245,9474
882137684,13934245,9475
882137026,13934245,9476
880804340,13934245,9477
778961622,13934245,9478
734027696,13934245,9479
674917592,13934245,9480
673377032,13934245,9481
670156536,13934245,9163
665670631,13934245,9482
664901991,13934245,9483
634534828,13934245,9484
1042423707,6351606,9485
1039820904,6351606,9486
1036328710,6351606,9487
1022145054,6351606,9488
1021959477,6351606,9489
1005992468,6351606,9490
1000401610,6351606,9491
996491026,6351606,9492
996490419,6351606,9493
940874934,6351606,9494
929632237,6351606,9495
924789625,6351606,9496
869629535,6351606,9497
836243321,6351606,9498
750084678,6351606,9499
749164341,6351606,9500
748256555,6351606,9501
748073253,6351606,9502
747723306,6351606,9503
746618939,6351606,9504
746618374,6351606,9505
746055728,6351606,9506
745841389,6351606,9507
744960404,6351606,9508
744800810,6351606,9509
744533510,6351606,9510
743838004,6351606,9511
743513684,6351606,9512
743501227,6351606,9513
742528083,6351606,9514
742527427,6351606,9515
742526792,6351606,9516
742383406,6351606,7193
742349246,6351606,9517
741685459,6351606,9518
741267602,6351606,9519
740750124,6351606,9520
740742114,6351606,9521
740369136,6351606,9522
740168722,6351606,9523
740154244,6351606,9524
739591792,6351606,9525
739583563,6351606,9526
739407655,6351606,9527
739204668,6351606,9528
738199456,6351606,9529
737969047,6351606,9530
737729292,6351606,9531
737491015,6351606,9532
737218752,6351606,9533
737205356,6351606,9534
736981942,6351606,9535
736191842,6351606,9536
735282370,6351606,9537
735242207,6351606,9538
734537940,6351606,9539
734419233,6351606,9540
734406794,6351606,9541
734406521,6351606,9542
734403620,6351606,9543
734403530,6351606,9544
734359543,6351606,9545
734217066,6351606,9546
733194034,6351606,9547
733149006,6351606,9548
732772410,6351606,9549
732575553,6351606,9550
732419272,6351606,9551
732385545,6351606,9552
731993972,6351606,9553
731993899,6351606,9554
731971523,6351606,9555
730753377,6351606,9556
730546175,6351606,9557
729541232,6351606,9558
728517080,6351606,9559
727908195,6351606,9560
727437628,6351606,9561
727436989,6351606,9562
727187862,6351606,9563
726508433,6351606,9564
726093926,6351606,949
725700460,6351606,9565
725580095,6351606,9566
725572861,6351606,9567
725346666,6351606,9568
725346625,6351606,9569
725344955,6351606,9570
725317671,6351606,9571
725146745,6351606,9572
725103649,6351606,9573
724619329,6351606,9574
724613815,6351606,9575
724613360,6351606,9576
724337321,6351606,9577
723990448,6351606,9578
723946706,6351606,9579
723643428,6351606,9580
723224955,6351606,9581
723204488,6351606,3126
723203318,6351606,9582
722713956,6351606,9583
721899045,6351606,9584
721654369,6351606,9585
721424257,6351606,9586
721422912,6351606,9587
720873454,6351606,9588
720642198,6351606,9589
720620295,6351606,9590
720351340,6351606,9591
720118247,6351606,9592
720100704,6351606,9593
719774217,6351606,9594
719567864,6351606,9595
719064212,6351606,9596
718736788,6351606,9597
718275385,6351606,9598
718193246,6351606,9599
717883316,6351606,9600
717481315,6351606,9601
717223000,6351606,9602
715450452,6351606,9603
714998307,6351606,9604
714700390,6351606,9605
714433390,6351606,9606
714091944,6351606,9607
712784394,6351606,9608
711576646,6351606,9609
711317301,6351606,9610
711316460,6351606,9611
711102221,6351606,393
711044201,6351606,9612
709853336,6351606,9613
709333728,6351606,9614
708040415,6351606,9615
706666609,6351606,9616
703432892,6351606,9617
700925285,6351606,9618
700921895,6351606,9619
700534112,6351606,9620
700476772,6351606,9621
700302935,6351606,9622
699474357,6351606,9623
698803117,6351606,9624
698051627,6351606,9625
697427667,6351606,9626
696788915,6351606,9627
696385514,6351606,9628
695977784,6351606,9629
695376215,6351606,9630
695337085,6351606,9631
694846864,6351606,9632
694603474,6351606,9633
694590978,6351606,9634
694300779,6351606,9635
694300468,6351606,9636
694297345,6351606,9637
693351724,6351606,9638
693325339,6351606,9639
691984288,6351606,9640
691949683,6351606,9641
691723781,6351606,9642
691345497,6351606,9643
690804812,6351606,9644
690557052,6351606,9645
690516507,6351606,9646
690000337,6351606,9647
689971290,6351606,9648
689678678,6351606,9649
689426901,6351606,9650
688865599,6351606,9651
688330732,6351606,9652
687977491,6351606,9653
687398418,6351606,9654
686340946,6351606,9655
685640992,6351606,9656
685430262,6351606,9657
685333349,6351606,9658
684665802,6351606,9659
684500048,6351606,9660
684173974,6351606,9661
683588108,6351606,9662
683583823,6351606,9663
683583682,6351606,9664
683350536,6351606,9665
683068564,6351606,9666
682589234,6351606,9667
682372252,6351606,9668
682080954,6351606,9669
680915009,6351606,9670
680671493,6351606,9671
680627025,6351606,9672
680371866,6351606,9673
680365198,6351606,9674
680175093,6351606,1256
680074024,6351606,9675
680072770,6351606,9676
679879207,6351606,9677
679402089,6351606,9678
679401901,6351606,9679
679401478,6351606,9680
679359137,6351606,9681
678184595,6351606,9682
678184500,6351606,9683
677531140,6351606,9684
677287617,6351606,9685
676711733,6351606,9686
676261183,6351606,9687
676260585,6351606,9688
675375695,6351606,9689
674318807,6351606,9690
674102336,6351606,9691
673717093,6351606,9692
673157741,6351606,9693
672927614,6351606,9694
671781482,6351606,9695
671273566,6351606,9696
671064407,6351606,9697
670374717,6351606,9698
670362486,6351606,9699
670361549,6351606,9700
669491450,6351606,9701
669318959,6351606,9702
669076798,6351606,9703
668524499,6351606,9704
667973887,6351606,9705
667783962,6351606,9706
667304002,6351606,9707
667100171,6351606,9708
666289022,6351606,9709
665855790,6351606,9710
650313476,6351606,9711
638512252,6351606,9712
622136810,6351606,9713
621727631,6351606,9714
621712543,6351606,9715
621697209,6351606,9716
621680790,6351606,9717
621669060,6351606,9718
621211226,6351606,9719
621197358,6351606,9720
620942973,6351606,9721
620868875,6351606,9722
620621566,6351606,9723
620614477,6351606,9724
620614053,6351606,9725
620593008,6351606,9726
620439535,6351606,9727
619938513,6351606,9728
619649245,6351606,9729
619648804,6351606,9730
619022352,6351606,9731
618836012,6351606,9732
618806309,6351606,9733
618780975,6351606,9734
618567162,6351606,9735
618564779,6351606,9736
618145310,6351606,9737
616362564,6351606,9738
615906952,6351606,9739
615589079,6351606,9740
615275808,6351606,9741
614348361,6351606,9742
614294348,6351606,9743
614288932,6351606,9744
614267928,6351606,9745
614267840,6351606,9746
614245848,6351606,9747
614085813,6351606,9748
614030255,6351606,9749
614023691,6351606,9750
613993840,6351606,9751
613709045,6351606,9752
613695800,6351606,9753
613340368,6351606,9754
610129425,6351606,9755
607580158,6351606,9756
605541197,6351606,9757
604866440,6351606,9758
604852813,6351606,9759
604518853,6351606,9760
603676503,6351606,9761
602863058,6351606,8495
602841830,6351606,9762
602549815,6351606,9763
601308658,6351606,9764
600947860,6351606,9765
600668996,6351606,9766
600364143,6351606,9767
598067756,6351606,9768
597839507,6351606,9769
596692553,6351606,9770
596094345,6351606,9771
588006425,6351606,9772
739797471,3763209,9773
737544406,3763209,9774
709023808,3763209,1791
689651996,3763209,9775
613116736,3763209,9776
607251050,3763209,7629
600882704,3763209,9777
580086599,3763209,9778
577298933,3763209,9779
571604028,3763209,9780
565606027,3763209,9781
555963660,3763209,9782
554882680,3763209,9783
550317788,3763209,9784
710041022,4411306,9785
702357367,4411306,579
695823599,4411306,1736
675593946,4411306,1260
603505390,4411306,9786
596322953,4411306,9787
596078805,4411306,9788
589628049,4411306,2925
586334153,4411306,9789
579757902,4411306,9790
575882189,4411306,9791
570459662,4411306,9792
568764039,4411306,9793
475453189,4411306,2459
749545840,10092053,9794
740154599,10092053,9795
732803734,10092053,9796
720838484,10092053,9797
679856156,10092053,9798
669348057,10092053,9799
668227439,10092053,9800
610129047,10092053,9801
579471105,10092053,9802
577840625,10092053,9803
577763386,10092053,9804
575985718,10092053,9805
575846627,10092053,9806
575838993,10092053,9807
568228662,10092053,9808
568086636,10092053,9809
751552105,2044621,9810
751397459,2044621,9811
751340582,2044621,9812
751133140,2044621,9813
751075619,2044621,9814
750688264,2044621,9815
750623123,2044621,9816
750505487,2044621,9817
750423980,2044621,9818
750302064,2044621,9819
750277089,2044621,9820
750263281,2044621,9821
750159321,2044621,9822
750102835,2044621,9823
749770293,2044621,9824
749430222,2044621,9825
748999897,2044621,9826
748984627,2044621,9827
748109874,2044621,9828
747948909,2044621,9829
747732882,2044621,9830
747541792,2044621,9831
747482063,2044621,9832
747340052,2044621,9833
746787032,2044621,9834
746432549,2044621,9835
746313047,2044621,9836
746117371,2044621,9837
746037817,2044621,9838
745819505,2044621,9839
745476276,2044621,9840
745134967,2044621,9841
744787464,2044621,9842
744612869,2044621,9843
744428357,2044621,9844
744231738,2044621,9845
744222272,2044621,9846
744040962,2044621,9847
743553732,2044621,9848
743004955,2044621,9849
742968894,2044621,9850
742549120,2044621,8695
741646161,2044621,9851
741616300,2044621,9852
741426637,2044621,9853
741259903,2044621,9854
741084499,2044621,691
741082277,2044621,9855
741044481,2044621,2753
740568492,2044621,9856
740176730,2044621,9857
740144662,2044621,9858
739517593,2044621,9859
739388964,2044621,9860
739234737,2044621,9861
739213572,2044621,9862
739079681,2044621,9863
738840123,2044621,9864
737934613,2044621,699
737893052,2044621,9865
737843234,2044621,9866
737571203,2044621,9867
737535838,2044621,9868
737535259,2044621,9869
737521108,2044621,9870
737509590,2044621,9871
737266349,2044621,9872
737036643,2044621,9873
736981174,2044621,9874
736966265,2044621,9875
736666855,2044621,9876
736449741,2044621,9877
734634394,2044621,9878
734403290,2044621,9879
734042772,2044621,9880
733922037,2044621,9881
733911456,2044621,9882
733468413,2044621,9883
732771883,2044621,9884
732693190,2044621,9885
732427398,2044621,9886
731564089,2044621,9887
731545509,2044621,9888
731409602,2044621,9889
731294963,2044621,720
731221367,2044621,9890
730757474,2044621,9891
730743229,2044621,9892
730734059,2044621,9893
730566626,2044621,9894
730537533,2044621,9895
730534264,2044621,9896
730248132,2044621,9897
729801091,2044621,9898
729673368,2044621,9899
729616773,2044621,9900
729562549,2044621,9901
729384928,2044621,9902
729216261,2044621,9903
728831390,2044621,9904
728826429,2044621,9905
728799840,2044621,1609
728754966,2044621,9906
728582248,2044621,9907
728455597,2044621,9908
728390101,2044621,9909
727609592,2044621,9910
727609143,2044621,9911
727480303,2044621,9912
727445487,2044621,9913
727176189,2044621,9914
726848802,2044621,9915
726269649,2044621,945
726267571,2044621,9916
726253538,2044621,737
726082316,2044621,9917
726076850,2044621,9918
725907802,2044621,9919
725823094,2044621,9920
725795336,2044621,9921
725782360,2044621,9922
725585154,2044621,9923
725186895,2044621,4452
725050837,2044621,9924
724790600,2044621,9925
724702331,2044621,9926
724669802,2044621,9927
724304804,2044621,722
724061102,2044621,9928
724026301,2044621,9929
723830622,2044621,9930
723809711,2044621,9931
723430777,2044621,9932
722643997,2044621,9933
722479382,2044621,9934
722064108,2044621,8905
721981384,2044621,9935
721966246,2044621,9936
721888298,2044621,9937
721745689,2044621,4512
721482778,2044621,9938
721155119,2044621,9939
721035537,2044621,9940
720875095,2044621,1736
720854948,2044621,9941
720648300,2044621,9942
720626866,2044621,9943
719586763,2044621,9944
719515084,2044621,9945
719305793,2044621,9946
719218387,2044621,9947
719060075,2044621,9948
718861699,2044621,9949
718778203,2044621,9950
718186764,2044621,9951
718156182,2044621,9952
717907912,2044621,9953
716716836,2044621,9954
716568211,2044621,9955
716513047,2044621,9956
716265453,2044621,9957
716080591,2044621,9958
715518965,2044621,9959
715383186,2044621,9960
715342403,2044621,9961
715233555,2044621,9962
715090769,2044621,9963
715068526,2044621,9964
714934890,2044621,9965
714860268,2044621,9966
714851930,2044621,9967
714840873,2044621,9968
714702032,2044621,9969
714675486,2044621,9970
714674558,2044621,9971
714149844,2044621,9972
713495042,2044621,9973
712977742,2044621,9974
712947644,2044621,4051
712856878,2044621,9975
712771595,2044621,9976
712442480,2044621,9977
711912611,2044621,9978
711807039,2044621,9979
711538909,2044621,9980
711411272,2044621,9981
711328751,2044621,9982
711311321,2044621,9983
711180239,2044621,9984
710688900,2044621,9985
710184308,2044621,9986
710088346,2044621,9987
710037906,2044621,9988
709856365,2044621,9989
709561529,2044621,9990
709109164,2044621,9991
709032895,2044621,9992
708943197,2044621,9993
708686906,2044621,9994
707761642,2044621,9995
705930413,2044621,9996
703962471,2044621,9997
703694401,2044621,9998
702967506,2044621,9999
702406309,2044621,10000
702405979,2044621,10001
701639480,2044621,10002
701415641,2044621,10003
701296310,2044621,10004
700878852,2044621,10005
700741600,2044621,10006
700726708,2044621,10007
700660067,2044621,10008
700580049,2044621,10009
699984479,2044621,10010
699109934,2044621,9625
698547594,2044621,10011
698064165,2044621,10012
697987311,2044621,10013
697101850,2044621,10014
696480699,2044621,10015
695934611,2044621,10016
695677572,2044621,4810
695668592,2044621,10017
694174696,2044621,10018
693923084,2044621,10019
693654981,2044621,10020
693272144,2044621,10021
692554134,2044621,10022
692506026,2044621,10023
692330354,2044621,10024
692222673,2044621,10025
691910129,2044621,10026
690889245,2044621,10027
690823681,2044621,10028
690625704,2044621,10029
690606967,2044621,10030
690570482,2044621,10031
690366246,2044621,10032
689997411,2044621,10033
689929532,2044621,10034
689401285,2044621,10035
689105729,2044621,10036
689076306,2044621,10037
688958492,2044621,10038
688609385,2044621,10039
687982992,2044621,1419
687656832,2044621,10040
687169568,2044621,8498
687028366,2044621,10041
686938640,2044621,10042
686234821,2044621,10043
686018705,2044621,10044
685888465,2044621,10045
685379298,2044621,10046
685363263,2044621,10047
685186675,2044621,10048
685126367,2044621,10049
684662953,2044621,10050
684403133,2044621,10051
684391463,2044621,10052
683887245,2044621,10053
683879177,2044621,10054
683542844,2044621,10055
683459855,2044621,10056
683202720,2044621,10057
683127269,2044621,10058
683070274,2044621,10059
683011451,2044621,10060
682220957,2044621,10061
682106955,2044621,10062
682050728,2044621,10063
682018849,2044621,10064
681356492,2044621,10065
681351817,2044621,10066
681350925,2044621,10067
681349600,2044621,10068
681247132,2044621,10069
680777339,2044621,10070
680736344,2044621,10071
680598266,2044621,10072
680498488,2044621,10073
680341869,2044621,10074
680305159,2044621,1247
679967748,2044621,10075
679853005,2044621,10076
679736420,2044621,10077
679599796,2044621,10078
678399081,2044621,10079
678398729,2044621,10080
678227155,2044621,10081
678186038,2044621,10082
678072834,2044621,10083
677755452,2044621,10084
677548521,2044621,10085
676778885,2044621,10086
676144003,2044621,10087
675844710,2044621,10088
675747578,2044621,10089
674777346,2044621,10090
674095383,2044621,10091
674078047,2044621,10092
674077496,2044621,10093
673061348,2044621,10094
672947893,2044621,10095
672939437,2044621,4060
672743190,2044621,10096
672565123,2044621,10097
672564562,2044621,10098
672530506,2044621,10099
672347937,2044621,10100
672308390,2044621,10101
672090812,2044621,10102
671734271,2044621,10103
671094705,2044621,10104
671089244,2044621,10105
670842132,2044621,10106
670796028,2044621,10107
670563435,2044621,10108
670418782,2044621,10109
670295073,2044621,10110
669746799,2044621,10111
669544883,2044621,10112
669342614,2044621,10113
668844679,2044621,10114
668838158,2044621,10115
668800734,2044621,10116
668787982,2044621,10117
668503009,2044621,10118
668495098,2044621,10119
668460878,2044621,9042
668149884,2044621,10120
668023449,2044621,10121
667947666,2044621,10122
667900294,2044621,10123
667846229,2044621,10124
667843625,2044621,10125
667794116,2044621,5929
667778848,2044621,10126
667614781,2044621,10127
667420589,2044621,3658
667206789,2044621,10128
667180746,2044621,10129
667059478,2044621,10130
667039838,2044621,10131
667031165,2044621,10132
665919882,2044621,10133
665885425,2044621,10134
665831649,2044621,10135
665804107,2044621,10136
614284751,2044621,10137
614242810,2044621,10138
613690090,2044621,10139
613686340,2044621,10140
613293395,2044621,8521
612848381,2044621,10141
612476853,2044621,10142
611887854,2044621,10143
611776146,2044621,10144
558473203,2044621,862
670627970,16811556,10145
668847737,16811556,10146
737978506,12969306,10147
737972944,12969306,10148
734565446,12969306,10149
734248595,12969306,10150
733377591,12969306,10151
733011714,12969306,10152
731975743,12969306,10153
730957691,12969306,10154
730761587,12969306,10155
730760317,12969306,10156
729755507,12969306,10157
719853983,12969306,7761
575613667,12969306,10158
1028793597,30703267,10159
1026064623,30703267,10160
1026064169,30703267,10161
1024742718,30703267,10162
1024707805,30703267,10163
1024645396,30703267,10164
1017344049,30703267,10165
993886940,30703267,10166
992645462,30703267,10167
1051370368,27173896,10168
988159255,27173896,10169
968815471,27173896,10170
996870833,12432519,10171
996239655,12432519,10172
996137467,12432519,10173
996079548,12432519,10174
996020945,12432519,10175
995981945,12432519,10176
881147294,12432519,10177
881147276,12432519,10178
743865663,12432519,10179
739421269,12432519,10180
736436871,12432519,10181
724342760,12432519,10182
720395296,12432519,10183
717196680,12432519,10184
716918374,12432519,10185
716864608,12432519,10186
716016172,12432519,10187
715689335,12432519,10188
715374144,12432519,10189
714724993,12432519,10190
709612662,12432519,10191
706749829,12432519,10192
702975469,12432519,10193
698783438,12432519,10194
695993329,12432519,10195
690791063,12432519,10196
689644540,12432519,10197
689110998,12432519,10198
682019772,12432519,10199
681827405,12432519,10200
681391363,12432519,10201
679893890,12432519,10202
679597800,12432519,10203
677756608,12432519,10204
676279196,12432519,10205
675191846,12432519,10206
674948382,12432519,10207
673170746,12432519,10208
672422960,12432519,10209
672410245,12432519,10210
670037243,12432519,10211
669087531,12432519,4062
614300938,12432519,10212
603284569,12432519,10213
601047963,12432519,10214
599544763,12432519,10215
599501109,12432519,10216
599059923,12432519,10217
598061961,12432519,10218
595988670,12432519,10219
595844801,12432519,10220
595713115,12432519,10221
837439585,2414201,10222
750582022,2414201,10223
744786070,2414201,10224
744543297,2414201,10225
732974448,2414201,10226
730143253,2414201,10227
723361665,2414201,10228
723039631,2414201,10229
722957941,2414201,10230
714848987,2414201,10231
707139077,2414201,10232
687727206,2414201,10233
611911121,2414201,10234
593793404,2414201,10235
577602724,2414201,10236
575066336,2414201,10237
568561227,2414201,10238
562721386,2414201,10239
559781598,2414201,10240
558249444,2414201,10241
480193242,2414201,10242
933962832,27128455,10243
932072802,12698370,10244
740507696,12698370,2305
606592745,12698370,10245
556759394,12698370,10246
552645027,12698370,10247
516295611,12698370,10248
503770911,12698370,10249
745185775,14134897,10250
745185594,14134897,10251
738835517,14134897,10252
732420483,14134897,10253
688589653,14134897,10254
593868475,14134897,10255
592039303,14134897,10256
591400499,14134897,10257
589666619,14134897,10258
751059155,7700073,10259
750822099,7700073,10260
750395727,7700073,2747
746883523,7700073,10261
744832039,7700073,10262
744235420,7700073,10263
741766223,7700073,10264
733022635,7700073,10265
726581366,7700073,736
726367234,7700073,10266
725581257,7700073,3126
725481161,7700073,742
710380777,7700073,10267
695209749,7700073,10268
694016075,7700073,2428
681918351,7700073,1244
679729508,7700073,1251
677648591,7700073,10269
671921909,7700073,10270
614037392,7700073,10271
612448846,7700073,3149
610770666,7700073,10272
610059354,7700073,10273
594817526,7700073,10274
580861763,7700073,10275
573183605,7700073,10276
564495654,7700073,10277
469850833,7700073,985
461082965,7700073,1488
318198674,7700073,1096
298597311,7700073,1450
838637524,4097768,10278
749648588,4097768,10279
746858873,4097768,10280
742653780,4097768,10281
742351047,4097768,10282
718202712,4097768,10283
717014734,4097768,10284
714948150,4097768,10285
705477763,4097768,10286
702422337,4097768,10287
700602190,4097768,10288
697699092,4097768,10289
695359802,4097768,10290
695082204,4097768,10291
692739344,4097768,10292
691943990,4097768,10293
685369259,4097768,10294
684886043,4097768,10295
682088229,4097768,10296
674894624,4097768,10297
674516178,4097768,10298
672921531,4097768,10299
672448268,4097768,10300
671085851,4097768,10301
670823058,4097768,10302
670447361,4097768,10303
669779979,4097768,10304
668598538,4097768,1951
667567613,4097768,8293
622162014,4097768,10305
622090692,4097768,10306
622014953,4097768,10307
621783585,4097768,10308
621758868,4097768,10309
620702798,4097768,10310
620587171,4097768,10311
620126731,4097768,10312
620038854,4097768,10313
619014124,4097768,10314
619006423,4097768,10315
618357086,4097768,10316
617209937,4097768,10317
616857407,4097768,10318
614290167,4097768,10319
614278487,4097768,10320
613364045,4097768,10321
613318528,4097768,10322
612826084,4097768,10323
612427938,4097768,1663
612204241,4097768,3149
611813945,4097768,10324
610708991,4097768,10325
609535516,4097768,10326
607906187,4097768,10327
599878558,4097768,10328
599714044,4097768,10329
243969709,4097768,10330
1045372744,33338784,10331
1034023372,33338784,10332
1029994001,33338784,10333
744091458,2559479,10334
734443036,2559479,10335
730578664,2559479,1396
723337025,2559479,10336
722855206,2559479,375
705572179,2559479,10337
702090833,2559479,10338
693666973,2559479,10339
689148737,2559479,10340
689143059,2559479,10341
687990708,2559479,10342
686208830,2559479,10343
679817485,2559479,8499
679671619,2559479,10344
676622554,2559479,10345
675166750,2559479,10346
674991577,2559479,10347
669849381,2559479,10348
669767131,2559479,10349
668213848,2559479,10350
668030566,2559479,10351
666809277,2559479,10352
665635912,2559479,10353
613063206,2559479,10354
611807068,2559479,10355
608902930,2559479,10356
606924116,2559479,10357
602294436,2559479,10358
601733990,2559479,10359
598787292,2559479,10360
585495955,2559479,10361
582161687,2559479,7692
576178253,2559479,10362
1049304016,25065842,10363
968789054,25065842,6630
1008937670,5957860,10364
909233121,5957860,10365
733472581,5957860,10366
733244240,5957860,10367
732347675,5957860,10368
704867672,5957860,10369
557700558,5957860,10370
552136062,5957860,10371
547611386,5957860,10372
539198016,5957860,3576
537547995,5957860,10373
535330010,5957860,10374
530718154,5957860,10375
513504147,5957860,10376
499798601,5957860,10377
498415967,5957860,10378
456311818,5957860,10379
447951965,5957860,10380
444010093,5957860,10381
442742110,5957860,10382
442503670,5957860,10383
439625450,5957860,10384
439397888,5957860,10385
439204183,5957860,10386
438498977,5957860,10387
437987273,5957860,7415
437958668,5957860,10388
437947504,5957860,10389
312933195,5957860,6021
268426090,5957860,10390
240477100,5957860,10391
218352275,5957860,10392
213423991,5957860,10393
213400786,5957860,10394
212992993,5957860,10395
212412073,5957860,7561
733757254,4108043,10396
671616874,4108043,1985
607441644,4108043,10397
571378262,4108043,10398
571061137,4108043,10399
518496181,4108043,10400
492348153,4108043,10401
487692565,4108043,10402
481109421,4108043,10403
1008664174,26720262,10404
925682436,26720262,10405
922540711,26720262,10406
728025639,1170827,10407
714071899,1170827,10408
710177611,1170827,10409
690735992,1170827,10410
679945602,1170827,10411
599483893,1170827,10412
588698317,1170827,10413
587856490,1170827,10414
587846336,1170827,10415
581694480,1170827,10416
579804154,1170827,10417
557813144,1170827,10418
557019286,1170827,10419
554916774,1170827,10158
997194750,26875853,10420
968103454,26875853,10421
946529293,26875853,10422
946400613,26875853,10423
943449729,26875853,10424
1053714982,26145540,10425
1052957595,26145540,10426
1052957367,26145540,10427
932701221,26145540,10428
904682500,26145540,10429
1051231247,25354953,10430
930462352,25354953,10431
910449007,25354953,10432
905867345,25354953,10433
905629877,25354953,10434
997521849,23736709,10435
932397960,23736709,10436
928836647,23736709,10437
928836640,23736709,10438
927734599,23736709,10439
925752402,23736709,10440
923298228,23736709,10441
923176776,23736709,10442
923157647,23736709,10443
904182980,23736709,10444
904181516,23736709,10445
904180159,23736709,10446
861167961,23736709,10447
858137306,23736709,10448
857133935,23736709,10449
849200746,23736709,10450
847271883,23736709,10451
845810689,23736709,10452
844048742,23736709,10453
843968237,23736709,10454
843967093,23736709,10454
835038020,23736709,10455
825840587,23736709,10456
1067454901,11872390,10457
1063185772,11872390,10458
1055292437,11872390,10459
1052193339,11872390,10460
1050768020,11872390,10461
1047135061,11872390,10462
1039304637,11872390,10463
1037918725,11872390,10464
1007927043,11872390,10465
967112946,11872390,10466
959261848,11872390,10467
950496997,11872390,10468
592887425,11872390,10469
581337464,11872390,10470
556401523,11872390,10471
489490918,11872390,10472
750657774,11899009,3191
749802658,11899009,10473
749473155,11899009,10474
748419452,11899009,10475
747148068,11899009,4040
744513171,11899009,10476
737257566,11899009,10477
736455307,11899009,10478
734530388,11899009,10479
734065437,11899009,10480
734026250,11899009,10481
732908590,11899009,10482
732759907,11899009,10483
731320033,11899009,10484
730597479,11899009,10485
729951517,11899009,10486
726391821,11899009,10487
722730873,11899009,10488
722705273,11899009,10489
716588027,11899009,10490
714691885,11899009,10491
713303309,11899009,10492
705240693,11899009,10493
704213282,11899009,10494
699105871,11899009,10495
694083506,11899009,10496
683041164,11899009,10497
681854455,11899009,10498
680048534,11899009,10499
676478972,11899009,10500
674523674,11899009,10501
673654169,11899009,10502
672741313,11899009,10503
670614539,11899009,10504
670328712,11899009,10505
668210618,11899009,10506
659778483,11899009,10507
610111780,11899009,10508
608884707,11899009,4065
605838991,11899009,10509
604872016,11899009,10510
604495510,11899009,10511
602065399,11899009,10512
600945546,11899009,10513
600101800,11899009,10514
599735779,11899009,10515
597786302,11899009,10516
1050732683,6982572,10517
1032308010,6982572,10518
831200427,6982572,10519
831196231,6982572,10520
739246626,4177826,10521
720589662,4177826,10522
715979085,4177826,10523
707663320,4177826,10524
702372446,4177826,10525
685362681,4177826,10526
681409330,4177826,10527
609416466,4177826,10528
606282875,4177826,10529
606229285,4177826,10530
605905781,4177826,10531
570433774,4177826,10532
562433764,4177826,10533
559950072,4177826,10534
556255835,4177826,10535
528403599,4177826,10536
520569722,4177826,10537
1039673854,28454178,10538
1038823153,28454178,10539
1038822744,28454178,10540
1038822338,28454178,10541
1038577757,28454178,10542
1038300835,28454178,10543
1038062353,28454178,10544
1038053386,28454178,10545
1038053357,28454178,10546
1037731315,28454178,10547
1037714990,28454178,10548
1037419789,28454178,10549
1037151593,28454178,10550
1037058479,28454178,10551
1037023919,28454178,10552
1037013444,28454178,10553
1032935053,28454178,10554
1002921798,28454178,10555
981079545,28454178,10556
980357103,28454178,10557
980355598,28454178,10558
973983442,28454178,10559
1038671017,8869748,10560
1013881933,8869748,10561
979373887,8869748,10562
978846001,8869748,10563
970394967,8869748,10564
960132037,8869748,10565
958475683,8869748,10566
952380216,8869748,10567
927010501,8869748,10568
926183628,8869748,10569
919750964,8869748,10570
916307673,8869748,10571
914100764,8869748,10572
892095751,8869748,10573
882242296,8869748,10574
880543082,8869748,10575
852461903,8869748,10576
848528395,8869748,10577
844914328,8869748,10578
826667505,8869748,10579
825036039,8869748,10580
747365633,8869748,10581
741964760,8869748,10582
741246732,8869748,10583
739762208,8869748,10584
739219288,8869748,10585
734413525,8869748,1565
729931835,8869748,10586
729650713,8869748,1398
728764591,8869748,10587
725857939,8869748,10588
722410069,8869748,10589
719986450,8869748,7761
717847926,8869748,10590
714155459,8869748,10591
713637468,8869748,10592
710127571,8869748,2648
709692607,8869748,402
705706951,8869748,10593
703647731,8869748,10594
702650663,8869748,576
698060567,8869748,10595
697962713,8869748,10596
697845827,8869748,10597
695535873,8869748,1221
691424892,8869748,10598
688287482,8869748,10599
685628244,8869748,10600
685332475,8869748,10601
683994719,8869748,10602
682688583,8869748,2840
682430805,8869748,10603
682208657,8869748,10604
682016112,8869748,10605
681537245,8869748,1759
680864673,8869748,10606
673945506,8869748,10607
672765569,8869748,1949
672739480,8869748,10608
671741564,8869748,1014
670888736,8869748,10609
669591770,8869748,10610
657941579,8869748,10611
642747251,8869748,10612
641406807,8869748,10613
638261607,8869748,10614
627624995,8869748,961
622781707,8869748,1075
613682780,8869748,10615
613662593,8869748,10616
612600939,8869748,10617
604814817,8869748,189
602912403,8869748,10618
588191775,8869748,10619
577829224,8869748,861
574468571,8869748,10620
466195654,8869748,181
430567741,8869748,1089
415221122,8869748,10621
744055551,4552856,10622
700444591,4552856,10623
685435755,4552856,2111
677991515,4552856,10624
603794359,4552856,1166
602269617,4552856,10625
591788378,4552856,10626
591731950,4552856,2188
587944987,4552856,2240
584981345,4552856,10627
572704855,4552856,10628
559935028,4552856,2973
1067605959,25973054,10629
1043555757,25973054,10630
995059282,25973054,10631
990713785,25973054,10632
987189812,25973054,10633
958193396,25973054,10634
953439113,25973054,10635
952259919,25973054,10636
951479941,25973054,10637
951427020,25973054,10638
944210030,25973054,10639
936126497,25973054,10638
936057388,25973054,10640
936052867,25973054,10641
936052477,25973054,10642
936036645,25973054,10636
935106127,25973054,10643
931130568,25973054,10644
931007231,25973054,10645
911375225,25973054,10646
957804399,26267736,10647
952236305,26267736,10648
936729304,26267736,10649
936503970,26267736,10650
935182409,26267736,10651
931141817,26267736,10652
930938642,26267736,10653
930672204,26267736,10654
930342465,26267736,10655
930136771,26267736,10656
929565359,26267736,10657
929524356,26267736,10658
928696336,26267736,10659
928532815,26267736,10660
926365033,26267736,10661
926135376,26267736,10662
925380979,26267736,10663
925141185,26267736,10664
923575027,26267736,2715
920928275,26267736,10665
920895488,26267736,10666
920620435,26267736,10667
919445848,26267736,10668
918970634,26267736,10669
917453398,26267736,10670
917101758,26267736,10671
916673191,26267736,10672
915440373,26267736,10673
915405477,26267736,10674
915134124,26267736,10675
915133527,26267736,10676
914557425,26267736,10677
914233071,26267736,10678
914016055,26267736,10679
914012302,26267736,10680
913649666,26267736,10681
912974276,26267736,10682
912337354,26267736,10683
911962776,26267736,10684
911853516,26267736,10685
911584919,26267736,10686
909680792,26267736,10687
909207878,26267736,10688
909007027,26267736,10689
908203958,26267736,7921
908177298,26267736,10690
907936211,26267736,10691
907896133,26267736,10692
785316258,12600679,10693
758050893,12600679,10694
750928979,12600679,10695
750825130,12600679,10696
750818916,12600679,10697
750803938,12600679,10698
750688089,12600679,10699
750677965,12600679,10700
750562620,12600679,10701
750239436,12600679,10702
750234398,12600679,10703
750189730,12600679,10704
749491708,12600679,10705
744346754,12600679,10706
740562643,12600679,10707
738217680,12600679,10708
734458648,12600679,10709
728543252,12600679,10710
726561634,12600679,10711
712817801,12600679,10712
711587624,12600679,10713
711499627,12600679,10714
711346463,12600679,10715
704988478,12600679,10716
704846351,12600679,10717
689083565,12600679,10718
686115052,12600679,10719
671130260,12600679,10720
670876649,12600679,10721
670845476,12600679,10722
670698498,12600679,10723
670664294,12600679,10724
606793361,12600679,5887
606235933,12600679,10725
606214424,12600679,10726
593368841,12600679,10727
593305572,12600679,10728
591610764,12600679,10729
588748968,12600679,10730
582326849,12600679,10731
573000521,12600679,10732
567596230,12600679,10733
728030499,5921457,10734
726967248,5921457,10735
725880156,5921457,10736
725595680,5921457,10737
724637073,5921457,10738
724636760,5921457,10739
724378048,5921457,10740
724281090,5921457,10741
724272303,5921457,10742
724271942,5921457,10743
724271445,5921457,10744
724271126,5921457,10745
723982923,5921457,10746
723280179,5921457,10747
723253956,5921457,10748
722960601,5921457,10749
722960386,5921457,10750
722960199,5921457,10751
722660443,5921457,10752
721953871,5921457,10753
721925655,5921457,10754
721668946,5921457,10755
720075132,5921457,10756
719836712,5921457,10757
719826153,5921457,10758
719825872,5921457,10759
718853845,5921457,10760
718664991,5921457,10761
718569044,5921457,10762
718137864,5921457,10763
718133101,5921457,10764
717565506,5921457,10765
717551541,5921457,10766
717219508,5921457,10767
716908581,5921457,10768
715773952,5921457,10769
715773854,5921457,10770
715437038,5921457,10771
715181691,5921457,10772
715081129,5921457,10773
713588526,5921457,10774
713336014,5921457,10775
713335719,5921457,10776
713331317,5921457,10777
712521590,5921457,10778
711578806,5921457,10779
711553914,5921457,10780
710804662,5921457,10781
710127249,5921457,2648
709642838,5921457,10782
709385087,5921457,10783
709113982,5921457,10784
709037443,5921457,10785
708850350,5921457,10786
708788075,5921457,10787
708699926,5921457,10788
708473877,5921457,10789
708186411,5921457,10790
707733289,5921457,10791
707417098,5921457,10792
707372611,5921457,10793
707372589,5921457,10794
706819357,5921457,10795
706819297,5921457,10796
706692011,5921457,10797
706401139,5921457,10798
706178077,5921457,10799
704946416,5921457,10800
703777421,5921457,10801
702489687,5921457,10802
701212217,5921457,10803
700756192,5921457,10804
699950527,5921457,10805
699596683,5921457,10806
699411648,5921457,10807
699220022,5921457,10808
698510782,5921457,10809
698383668,5921457,10810
697676331,5921457,10811
697398592,5921457,10812
695642225,5921457,2231
694106230,5921457,10813
693323427,5921457,10814
692247841,5921457,10815
690815381,5921457,10816
690518696,5921457,10817
686895103,5921457,1230
686649172,5921457,10818
682620655,5921457,10819
681817517,5921457,10820
678462719,5921457,10821
666503429,5921457,845
614306971,5921457,10822
605806137,5921457,10823
604149630,5921457,10824
597449660,5921457,10825
596867591,5921457,10826
595840652,5921457,10827
595488045,5921457,10828
587997061,5921457,10829
477356814,5921457,10830
679884985,13984791,10831
966001244,10455052,10832
753386772,10455052,10833
746124036,10455052,10834
740913399,10455052,10835
736780033,10455052,10836
733698425,10455052,500
731301147,10455052,10837
729969699,10455052,10838
729397933,10455052,10839
728735853,10455052,10840
728089320,10455052,1168
726104295,10455052,10841
725887603,10455052,10842
721154091,10455052,9939
720070337,10455052,10843
711543696,10455052,10844
705003757,10455052,10845
704459673,10455052,10846
703730728,10455052,2214
699903959,10455052,10847
695161535,10455052,10848
688900351,10455052,10849
688699253,10455052,10850
687164849,10455052,3366
685211511,10455052,1736
682900436,10455052,10851
681137825,10455052,10852
680104439,10455052,10853
678532228,10455052,10854
678509785,10455052,10855
678506742,10455052,10856
678297353,10455052,10857
678227018,10455052,10858
678001722,10455052,10859
678001493,10455052,10860
675422370,10455052,10861
670379147,10455052,10862
670061409,10455052,10863
668640146,10455052,10864
609239706,10455052,110
607580880,10455052,10865
599500996,10455052,10866
597262135,10455052,10867
594259519,10455052,10868
594257251,10455052,10869
592342291,10455052,10870
591646367,10455052,10871
572054110,10455052,10872
538490181,10455052,10873
1067895331,24001941,10874
1065943691,24001941,10875
1062800288,24001941,10876
1053088406,24001941,10877
1039673540,24001941,10878
1027289968,24001941,10879
981943397,24001941,10880
981795243,24001941,10881
971987247,24001941,10882
970264454,24001941,10883
964612849,24001941,10884
964573585,24001941,10885
964573557,24001941,10886
963878637,24001941,10887
963591146,24001941,10888
963432323,24001941,10889
962990750,24001941,10890
962171086,24001941,10891
961530116,24001941,10892
961528870,24001941,10893
960283988,24001941,10894
825827354,11690404,10895
743660124,11690404,3600
738189530,11690404,10896
669551133,11690404,10897
667358775,11690404,10898
588655587,11690404,10899
571527564,11690404,10900
568824939,11690404,10901
551097140,11690404,10902
550761692,11690404,10903
550183325,11690404,10904
548609703,11690404,10905
548137501,11690404,10906
485564054,11690404,10907
910925605,10117391,10908
838646844,10117391,10909
743896665,10117391,10910
742079172,10117391,10911
737943448,10117391,10912
736271006,10117391,10913
734578138,10117391,10914
733335362,10117391,10915
732994197,10117391,10916
732633038,10117391,10917
731343172,10117391,10918
731062421,10117391,10919
730482484,10117391,10920
730366727,10117391,10921
729249243,10117391,10922
728171614,10117391,10923
727123725,10117391,10924
727027298,10117391,10925
725573114,10117391,10926
725523558,10117391,10927
723995183,10117391,4499
723398897,10117391,10928
723357179,10117391,10929
720729162,10117391,10930
720171809,10117391,10931
720054832,10117391,10932
719884942,10117391,10933
719471598,10117391,10934
718955574,10117391,10935
717878995,10117391,10936
716321474,10117391,10937
714506447,10117391,10938
713844953,10117391,10939
713406374,10117391,10940
713347537,10117391,4623
711674562,10117391,10941
711497351,10117391,10942
711496066,10117391,10943
711371479,10117391,10944
710090608,10117391,10945
708836442,10117391,10946
707834902,10117391,10947
707684692,10117391,10948
704949716,10117391,10949
702837112,10117391,10950
702258383,10117391,10951
701776986,10117391,10952
700187819,10117391,10953
699959012,10117391,4789
699953469,10117391,10954
699455762,10117391,10955
699270936,10117391,10956
698162355,10117391,10957
697527372,10117391,10958
697433748,10117391,10959
696092286,10117391,10960
696070569,10117391,10961
695750094,10117391,10962
693586550,10117391,10963
690624950,10117391,10964
689345336,10117391,10965
686915727,10117391,10966
686615470,10117391,10967
685264001,10117391,10968
685080792,10117391,10969
684267191,10117391,10970
682687140,10117391,10971
681682918,10117391,10972
681463358,10117391,10973
681002481,10117391,10974
678156595,10117391,10975
677631879,10117391,10976
677556401,10117391,10977
676324828,10117391,10978
675815185,10117391,10979
675485550,10117391,10980
674388641,10117391,10981
674111016,10117391,10982
673860199,10117391,10983
673585335,10117391,10984
673468813,10117391,10985
671140557,10117391,10986
670034304,10117391,2243
669788652,10117391,10987
669765086,10117391,10988
669537332,10117391,10989
667859122,10117391,10990
667815196,10117391,10991
667342625,10117391,10992
667130532,10117391,10993
666686979,10117391,10994
666239372,10117391,10995
621092171,10117391,10996
620584112,10117391,10997
619978136,10117391,10998
619338160,10117391,6355
618739609,10117391,10999
618323698,10117391,11000
617981892,10117391,11001
615063403,10117391,11002
614242793,10117391,11003
613593263,10117391,11004
613155122,10117391,11005
613142136,10117391,11006
612300650,10117391,11007
611795429,10117391,11008
610832644,10117391,11009
610695498,10117391,11010
610463922,10117391,11011
609780033,10117391,11012
609224481,10117391,11013
608496286,10117391,11014
603158065,10117391,11015
602801457,10117391,11016
936065572,25030079,11017
1050933652,9754920,11018
741122752,9754920,3131
720227866,9754920,11019
701696809,9754920,4740
698764791,9754920,11020
695161522,9754920,11021
686007936,9754920,11022
677830670,9754920,11023
598778357,9754920,11024
576821010,9754920,11025
576364444,9754920,11026
565020205,9754920,11027
563269168,9754920,11028
558029655,9754920,11029
557298254,9754920,11030
554497351,9754920,11031
552165181,9754920,11032
776010886,3432676,11033
737973658,11710229,11034
720468243,11710229,11035
714655897,11710229,11036
714655737,11710229,11037
670662777,11710229,11038
670005533,11710229,11039
598339137,11710229,11040
592611326,11710229,11041
565746491,11710229,11042
565550378,11710229,11043
562348645,11710229,11044
559698127,11710229,11045
557895235,11710229,11046
552262043,11710229,11047
551884073,11710229,11048
545489107,11710229,11049
846430914,12838076,11050
740623695,12838076,11051
734542965,12838076,11052
673007549,12838076,11053
673007152,12838076,11054
672480906,12838076,11055
670625068,12838076,11056
670624857,12838076,11057
665208973,12838076,11058
616150998,12838076,11059
614146982,12838076,11060
611404521,12838076,11061
610452231,12838076,11062
607615092,12838076,11063
602612734,12838076,11064
601981714,12838076,11065
601714635,12838076,11066
601075501,12838076,11067
597486373,12838076,11068
945917866,1930367,11069
746268380,1930367,676
741506696,1930367,11070
728961099,1930367,1459
720699546,1930367,1617
705919861,1930367,1792
670435483,1930367,1807
666619169,1930367,11071
553111598,1930367,11072
542092126,1930367,11073
519699307,1930367,11074
508962102,1930367,11075
471246960,1930367,11076
464910166,1930367,11077
464180776,1930367,11078
1031069315,27525288,5981
949576810,27525288,11079
732676142,7241907,11080
732675217,7241907,11081
721094589,7241907,11082
720911193,7241907,11083
710800540,7241907,11084
693962111,7241907,11085
692515857,7241907,11086
684991939,7241907,11087
681569695,7241907,11088
677388898,7241907,11082
600613862,7241907,1869
596905260,7241907,11089
586297010,7241907,11090
574247863,7241907,11091
574179686,7241907,11092
569789033,7241907,11093
560449484,7241907,11094
560154291,7241907,11095
552401098,7241907,11096
751276381,17118070,11097
750407333,17118070,11098
749408880,17118070,11099
743480582,17118070,11100
729352591,17118070,11101
724750816,17118070,7609
717987055,17118070,11102
717877558,17118070,11103
715677685,17118070,11104
712773625,17118070,11105
712754229,17118070,11106
708409976,17118070,11107
703485583,17118070,11108
702220136,17118070,11109
701728416,17118070,11110
700542061,17118070,11111
694549179,17118070,11112
692779198,17118070,11113
687813940,17118070,11114
680995127,17118070,11115
676698530,17118070,11116
674969227,17118070,11117
674310363,17118070,11118
672117030,17118070,11119
672018812,17118070,11120
670354626,17118070,11121
670342049,17118070,11122
665616372,17118070,11123
863896241,16656422,11124
732750924,16656422,11125
660057498,16656422,11126
1057285066,28010412,11127
1057261137,28010412,11128
1057198275,28010412,11129
1056606874,28010412,11130
1003909674,28010412,11131
1002920386,28010412,11132
976544555,28010412,11133
976529746,28010412,11134
973976366,28010412,11135
973971621,28010412,11136
973959054,28010412,11137
973955647,28010412,11138
973848585,28010412,11139
973844363,28010412,11140
972730932,28010412,11141
972729397,28010412,11142
970222629,28010412,11143
968215929,28010412,11144
968215580,28010412,11145
967777964,28010412,11146
966987645,28010412,11147
966979617,28010412,11148
966977777,28010412,11149
966976205,28010412,11150
965742470,28010412,11151
965581257,28010412,11152
963406303,28010412,11153
962929975,28010412,11154
962812012,28010412,11155
960965998,28010412,11156
960959239,28010412,11157
733547346,18940966,500
712481089,18940966,11158
746729575,8432743,11159
746634819,8432743,672
730001844,8432743,11160
707683115,8432743,10409
701453999,8432743,11161
667407046,8432743,11162
659418199,8432743,1427
611606124,8432743,11163
610379177,8432743,262
598346321,8432743,11164
590228239,8432743,2127
587619896,8432743,11165
585808281,8432743,11166
571257787,8432743,11167
570285339,8432743,11168
568779995,8432743,11169
566984741,8432743,11170
717833569,3394479,1736
686733215,3394479,11171
670229073,3394479,11172
669641904,3394479,11173
669638835,3394479,11174
613067083,3394479,11175
593910194,3394479,11176
585461924,3394479,11177
576457532,3394479,11178
576410506,3394479,11179
573851003,3394479,11180
569705285,3394479,11181
569262840,3394479,11182
569208731,3394479,11183
535693644,3394479,11184
1022847995,25229877,11185
1021497748,25229877,11186
1015675201,25229877,11187
1012916957,25229877,11188
994531510,25229877,11189
984883630,25229877,11190
908679666,25229877,10433
908531577,25229877,11191
907223322,25229877,11192
905625623,25229877,11193
902340791,25229877,11194
747947219,2726268,11195
736915428,2726268,11196
728741508,2726268,11197
726321577,2726268,11198
726185651,2726268,11199
719487926,2726268,11200
714085387,2726268,11201
714084146,2726268,11202
695161959,2726268,11203
695130777,2726268,11204
693364057,2726268,11205
691873578,2726268,11206
688103213,2726268,11207
612801464,2726268,11208
607391556,2726268,11209
601374582,2726268,11210
600022779,2726268,11211
600019429,2726268,10515
594013752,2726268,11212
590542957,2726268,11213
580259788,2726268,11214
578208376,2726268,11215
750812516,9563623,11216
750384769,9563623,11217
750082888,9563623,11218
749351315,9563623,11219
749252186,9563623,11220
749062517,9563623,1648
744819540,9563623,11221
739224453,9563623,11222
739036603,9563623,11223
736733837,9563623,11224
736733653,9563623,11225
736440202,9563623,11226
735759246,9563623,11227
732236475,9563623,11228
731759110,9563623,11229
731513903,9563623,11230
731512737,9563623,11231
704577458,9563623,11232
700510013,9563623,11233
665636380,9563623,11234
665178065,9563623,11235
665165856,9563623,11236
664898433,9563623,11237
664897553,9563623,11238
664374382,9563623,11239
660076225,9563623,11240
657308558,9563623,11241
656900200,9563623,11242
655771875,9563623,11243
612163856,9563623,11244
604852811,9563623,11245
596563989,9563623,11246
596312005,9563623,11247
530112190,9563623,11248
488989634,9563623,11249
467700117,9563623,11250
466207402,9563623,11251
453807513,9563623,11252
453801219,9563623,11253
453508690,9563623,11254
453346636,9563623,11255
425480393,9563623,11256
413597994,9563623,11257
774629510,3397942,11258
574454166,3397942,11259
568900317,3397942,11260
1057388162,3815598,11261
743137828,3815598,1736
726678269,3815598,11262
717205186,3815598,647
699616781,3815598,11263
698346566,3815598,11264
684934034,3815598,11265
672422228,3815598,11266
669929438,3815598,11267
668365370,3815598,3938
598899041,3815598,11268
593904535,3815598,11269
577003510,3815598,11270
576649840,3815598,11271
571381726,3815598,11272
570665352,3815598,11273
569066215,3815598,11274
563268435,3815598,11028
557774283,3815598,11275
550348994,3815598,11276
428041650,3815598,11277
1006387395,25006681,11278
986338768,25006681,11279
982935304,25006681,11280
979083740,25006681,11281
977776166,25006681,11282
976798054,25006681,11283
975019952,25006681,11284
973977667,25006681,11285
973697460,25006681,11286
973437553,25006681,11287
973418636,25006681,11288
973171070,25006681,11289
957345192,25006681,11290
957342193,25006681,11291
954658521,25006681,11292
951458912,25006681,11293
951172561,25006681,11294
923811248,25006681,11295
922383586,25006681,11296
920430704,25006681,11297
920415419,25006681,11298
919975457,25006681,11299
916765034,25006681,11300
916764633,25006681,11301
916763460,25006681,11302
916761807,25006681,11303
916669465,25006681,11304
916556599,25006681,11305
916484608,25006681,11306
916322287,25006681,11307
916224532,25006681,11308
916167525,25006681,11309
915672463,25006681,11310
915493327,25006681,11311
915492364,25006681,11312
878775950,25006681,11313
928081425,6385014,11314
607233465,6385014,11315
526960964,6385014,11316
484245239,6385014,11317
465198217,6385014,11318
996991812,32786147,11319
996991036,32786147,11320
738205647,6956299,11321
703507927,6956299,11322
691328784,6956299,11323
568834931,6956299,11324
514073619,6956299,11325
478509085,6956299,11325
1062367427,33333014,11326
1061968177,33333014,11327
1028859220,33333014,11328
1021893442,33333014,11329
1021802757,33333014,11330
743664611,12584392,11331
741904313,12584392,11332
723689005,12584392,11333
711615846,12584392,7769
704983361,12584392,11334
691578838,12584392,11335
690568543,12584392,11336
670688705,12584392,11337
604198601,12584392,11338
586766893,12584392,11339
586387724,12584392,11340
579445548,12584392,11341
573684374,12584392,11342
573416728,12584392,11343
571585412,12584392,11344
568749211,12584392,11345
562608463,12584392,11346
557883982,12584392,11347
715342873,7310219,11348
684158779,7310219,11349
587750972,7310219,11350
577448463,7310219,11351
577275280,7310219,11352
576934263,7310219,11353
576878048,7310219,11354
576871151,7310219,11355
576867397,7310219,11356
576662873,7310219,11357
575745885,7310219,11358
514064706,7310219,11359
734409643,7205645,500
734037142,7205645,11360
699870242,7205645,4752
684937963,7205645,11361
571860574,7205645,11362
570917575,7205645,2842
554923181,7205645,11363
548439590,7205645,11364
517586056,7205645,11365
505130958,7205645,11366
505054376,7205645,11367
502718924,7205645,11368
502077573,7205645,11369
481123352,7205645,11370
744234559,2417715,11371
739583486,2417715,11372
737752125,2417715,11373
737255158,2417715,11374
737225661,2417715,11375
736443925,2417715,11376
733409718,2417715,11377
730000591,2417715,11378
719108584,2417715,11379
681352947,2417715,11380
681351329,2417715,11381
595192477,2417715,11382
576045642,2417715,11383
1026722079,26773215,11384
960489736,26773215,11385
946031399,26773215,11386
932670034,26773215,11387
922574218,26773215,11388
847434266,1746272,11389
751083537,1746272,11390
750809134,1746272,11391
750427727,1746272,11392
748237369,1746272,11393
748113358,1746272,9828
748030459,1746272,11394
747879169,1746272,11395
747457622,1746272,11396
747307767,1746272,5291
746851230,1746272,11397
746398755,1746272,11398
745890177,1746272,11399
743623919,1746272,11400
743574902,1746272,3117
742758047,1746272,11401
742568294,1746272,11402
742147036,1746272,11403
741292021,1746272,11404
740635816,1746272,11405
740377157,1746272,11406
740356937,1746272,11407
739960263,1746272,11408
739578525,1746272,11409
739439542,1746272,11410
739038669,1746272,11411
737801748,1746272,11412
737588485,1746272,11413
737499692,1746272,11414
736969505,1746272,11415
733532178,1746272,9880
733357049,1746272,11416
732243950,1746272,11417
732011751,1746272,11418
731562470,1746272,11419
731248718,1746272,11420
731059248,1746272,11421
730947171,1746272,1013
730454070,1746272,11422
729802818,1746272,11423
729108489,1746272,11424
728991459,1746272,11425
728980332,1746272,11426
728495097,1746272,11427
726726946,1746272,11428
724913865,1746272,11429
724913321,1746272,11430
724824411,1746272,11431
723760950,1746272,11432
721843166,1746272,11433
721686212,1746272,11434
720806198,1746272,11435
719592859,1746272,9944
719342969,1746272,11436
719044498,1746272,11437
717791834,1746272,11438
717234213,1746272,11439
716612766,1746272,11440
714407444,1746272,11441
713554910,1746272,11442
713369760,1746272,11443
713305311,1746272,11444
713024804,1746272,11445
712756453,1746272,11446
711855338,1746272,11447
711317505,1746272,11448
710745101,1746272,11449
710499916,1746272,11450
709008103,1746272,11451
707113804,1746272,11452
707046458,1746272,11453
706656654,1746272,11454
706172894,1746272,11455
705908136,1746272,11456
705226223,1746272,11457
704421413,1746272,11458
703659644,1746272,11459
703498969,1746272,11460
702366081,1746272,11461
700875663,1746272,11462
698609943,1746272,11463
698505960,1746272,11464
698375102,1746272,11465
698183134,1746272,11466
697962066,1746272,11467
697719038,1746272,11468
697240339,1746272,11469
695622425,1746272,11470
695004406,1746272,11471
694535915,1746272,11472
693613728,1746272,11473
693075281,1746272,11474
692799877,1746272,11475
691687666,1746272,11476
691114368,1746272,11477
690830090,1746272,11478
689471484,1746272,11479
689104041,1746272,11480
688633649,1746272,11481
688545974,1746272,11482
688332846,1746272,11483
686274077,1746272,11484
684446021,1746272,11485
684232106,1746272,10044
682902059,1746272,11486
681902203,1746272,11487
681454748,1746272,11488
680997989,1746272,11489
680935288,1746272,11490
679959016,1746272,11491
679124476,1746272,11492
676273209,1746272,11493
672296937,1746272,10101
671735072,1746272,11494
670118671,1746272,11495
669840871,1746272,11496
669764590,1746272,11497
669568739,1746272,11498
669423202,1746272,11499
669194255,1746272,11500
669087545,1746272,11501
668916956,1746272,11502
668890050,1746272,1661
668666140,1746272,11503
668025341,1746272,10121
667903489,1746272,10123
667566078,1746272,8293
667369931,1746272,11504
667315386,1746272,11505
666590278,1746272,11506
621742843,1746272,11507
621694023,1746272,11508
621176349,1746272,11509
620886937,1746272,11510
619944459,1746272,11511
619866649,1746272,11512
619559887,1746272,11513
619517025,1746272,11514
619324195,1746272,11515
618892820,1746272,11516
617879963,1746272,11517
617572636,1746272,11518
616105396,1746272,11519
615603214,1746272,11520
614828174,1746272,11521
614730784,1746272,11522
614306887,1746272,8874
614258855,1746272,11523
614162723,1746272,11524
614050145,1746272,11525
613448291,1746272,11526
612462471,1746272,11527
611967825,1746272,11528
611478731,1746272,11529
610551670,1746272,11530
610027473,1746272,11531
609384780,1746272,11532
608239693,1746272,11533
606959138,1746272,11534
606633193,1746272,11535
606582509,1746272,11536
599546652,1746272,11537
598312023,1746272,11538
582780812,1746272,11539
579316955,1746272,11540
578650264,1746272,11541
574492772,1746272,11542
574305309,1746272,11543
734301308,18453788,11544
726126958,18453788,11545
721456438,18453788,11546
721236439,18453788,11547
718307446,18453788,11548
717899778,18453788,11549
717889356,18453788,11550
717867674,18453788,11551
713669751,18453788,11552
710258611,18453788,11553
709359731,18453788,11554
709130684,18453788,11555
708935264,18453788,11556
705019630,18453788,11557
751055602,13123395,11558
743652728,13123395,11559
738006110,13123395,11560
737749019,13123395,11561
733298904,13123395,11562
727258206,13123395,11563
704626794,13123395,11564
699880564,13123395,11565
697102692,13123395,11566
692476783,13123395,11567
690259887,13123395,11568
688613017,13123395,11569
669551121,13123395,11570
667675672,13123395,11571
609727511,13123395,11572
607994024,13123395,11573
604146113,13123395,11574
602319402,13123395,11575
598089422,13123395,11576
597064124,13123395,11577
596293920,13123395,11578
584699608,13123395,11579
584101333,13123395,11580
580950756,13123395,11581
1039321529,33948567,11582
1055656164,29009530,11583
1050606615,29009530,11584
1009124056,29009530,11585
983810280,29009530,11586
981572788,29009530,11587
978455757,29009530,11588
1005478690,15528737,11589
1005463406,15528737,11590
1005462530,15528737,11591
1002992692,15528737,11592
999860530,15528737,11593
999848791,15528737,11594
999848720,15528737,11595
994916767,15528737,11596
981588161,15528737,11597
973418702,15528737,11598
969503250,15528737,11599
968244042,15528737,11600
963602741,15528737,11601
951157723,15528737,11602
909476149,15528737,11603
907348444,15528737,11604
899059558,15528737,11605
884481993,15528737,11606
883251256,15528737,11607
751428244,15528737,11608
749815486,15528737,11609
747497178,15528737,11610
746436050,15528737,11611
746423964,15528737,11612
746408748,15528737,11613
745404775,15528737,11614
745219108,15528737,11615
745006533,15528737,11616
744012141,15528737,11617
743664298,15528737,11618
743654626,15528737,11619
743488779,15528737,11620
743164588,15528737,11621
742570843,15528737,1717
742343172,15528737,11622
741652707,15528737,11623
740536915,15528737,11624
740393973,15528737,11625
739626980,15528737,11626
739590676,15528737,11627
739574472,15528737,11628
738806234,15528737,11629
738207419,15528737,11630
738200568,15528737,11631
737467217,15528737,11632
737229790,15528737,11633
736949059,15528737,11634
736751235,15528737,11635
735033666,15528737,11636
735023720,15528737,11637
728089554,15528737,11638
709501703,15528737,11639
709330451,15528737,408
708439919,15528737,11640
708384954,15528737,11641
708354755,15528737,11642
705215187,15528737,11643
703746607,15528737,11644
703089626,15528737,11645
702716091,15528737,11646
702063700,15528737,11647
701242594,15528737,11648
701004857,15528737,11649
700203195,15528737,11650
698096310,15528737,11651
697427334,15528737,11652
697415774,15528737,11653
696849330,15528737,11654
696826146,15528737,11655
695361831,15528737,11656
695344840,15528737,11657
694875738,15528737,11658
694872684,15528737,11659
693611201,15528737,11660
693067524,15528737,11661
692284469,15528737,11662
692284389,15528737,11663
692228386,15528737,11664
691606804,15528737,11665
691545790,15528737,11666
691423893,15528737,11667
691337485,15528737,11668
689648166,15528737,11669
689205857,15528737,11670
688844548,15528737,11671
688623440,15528737,11672
688591700,15528737,11673
688297732,15528737,11674
687139874,15528737,11675
687136962,15528737,11676
687117435,15528737,11677
686894464,15528737,11678
685611746,15528737,11679
685153762,15528737,11680
684165104,15528737,11681
683607261,15528737,11682
683597724,15528737,11683
683344414,15528737,11684
683116065,15528737,11685
682317193,15528737,11686
682077905,15528737,11687
681155085,15528737,11688
678196670,15528737,11689
678020077,15528737,11690
677962086,15528737,11691
677829945,15528737,11692
675774898,15528737,11693
674978132,15528737,11694
673328906,15528737,11695
1053276286,25171188,11696
1051485957,25171188,11697
950218715,25171188,11698
987599915,13162032,11699
884398796,13162032,11700
749801863,13162032,10473
745900452,13162032,11701
744337533,13162032,11702
705043872,13162032,3490
670327812,13162032,11703
598334283,13162032,11704
583784046,13162032,11705
580244750,13162032,11706
579134180,13162032,11707
570107804,13162032,11708
549920388,13162032,11709
1022675404,26959373,11710
1016591731,26959373,11711
1014040689,26959373,11712
1014019676,26959373,11713
1013986472,26959373,11714
1013984382,26959373,11715
1013091482,26959373,11716
1009961341,26959373,11717
1006555501,26959373,11718
929333638,26959373,11719
743534520,7154018,682
552634178,7154018,11720
749838175,8856586,11721
738030807,8856586,11722
725964802,8856586,11723
721649576,8856586,11200
720960275,8856586,11724
720395980,8856586,11725
712548536,8856586,10591
711633917,8856586,11726
698918212,8856586,2254
672941181,8856586,11727
594310102,8856586,11728
570391138,8856586,11729
536167069,8856586,11730
995236795,23718217,11731
958672382,23718217,11732
1067626752,32908268,11733
1039184843,32908268,11734
1024101869,32908268,11735
1016314548,32908268,11736
1015970596,32908268,11737
1015218385,32908268,11738
1012968848,32908268,11739
747297369,6498863,11740
713631224,6498863,1032
711767313,6498863,11741
692240656,6498863,11742
609480024,6498863,11743
595450635,6498863,10828
576177682,6498863,11744
572095700,6498863,11745
571421171,6498863,11746
555398835,6498863,11747
552345234,6498863,11748
551693579,6498863,11749
541898852,6498863,11750
464059538,6498863,11751
406996574,6498863,11752
340457185,6498863,11753
722248816,2187722,11754
716173146,2187722,11755
680146556,2187722,11756
668017052,2187722,11757
581223193,2187722,11758
568007255,2187722,11759
563799740,2187722,11760
563161699,2187722,11761
562204786,2187722,11044
562078537,2187722,11762
561786660,2187722,11763
825986237,23241279,11764
746207659,5038003,1386
743990980,5038003,1599
738301592,5038003,1937
734063833,5038003,1912
721828071,5038003,11765
717347385,5038003,11766
708287768,5038003,1825
697019755,5038003,11767
589028146,5038003,11768
576947878,5038003,11769
571852663,5038003,11770
571092015,5038003,11771
569221920,5038003,11772
568926883,5038003,11773
559956707,5038003,2973
534796757,5038003,11774
534457962,5038003,11775
504496513,5038003,11776
682577674,2099329,11777
468215014,2099329,11778
751663359,1837685,1383
750400333,1837685,11779
750186116,1837685,11780
749170269,1837685,11781
739741286,1837685,11782
739048503,1837685,11783
737202855,1837685,11784
736494644,1837685,11785
731978245,1837685,11786
731829669,1837685,11787
731517130,1837685,11788
727123948,1837685,11789
726602009,1837685,11790
726507132,1837685,11791
725427797,1837685,11792
725358930,1837685,11793
725357306,1837685,11794
723992924,1837685,11795
723217876,1837685,11796
716960700,1837685,11797
714920402,1837685,11798
713840320,1837685,11799
713524720,1837685,11800
712521017,1837685,10591
710431770,1837685,11801
710120923,1837685,4672
709315489,1837685,11802
708945843,1837685,11803
707427314,1837685,11804
706828587,1837685,11805
703262642,1837685,11806
695593856,1837685,11807
694598674,1837685,11808
691487330,1837685,11809
690274478,1837685,11810
686369074,1837685,11811
684946032,1837685,10295
684136731,1837685,11812
683856653,1837685,11813
683832788,1837685,11814
682665391,1837685,1238
682013480,1837685,11815
681880670,1837685,11816
681215151,1837685,11817
676585848,1837685,11818
676509718,1837685,11819
674134580,1837685,6282
672023008,1837685,11820
670586133,1837685,11821
667164062,1837685,11822
621432526,1837685,5703
618543120,1837685,11823
618092007,1837685,11824
616947543,1837685,11825
616832602,1837685,11826
616808570,1837685,11827
615895069,1837685,11828
615830599,1837685,11829
615616880,1837685,11830
615563886,1837685,11831
615521479,1837685,11832
614771500,1837685,11833
614577711,1837685,11834
614289431,1837685,11835
614028980,1837685,11836
613810234,1837685,11837
612766824,1837685,11838
612258419,1837685,11839
612096218,1837685,11840
610760485,1837685,11841
609477913,1837685,11842
609473502,1837685,11843
609040145,1837685,11844
608751381,1837685,11845
608419126,1837685,11846
607828842,1837685,11847
607539651,1837685,11848
601652195,1837685,11849
598080010,1837685,2019
593679697,1837685,11850
593456922,1837685,11851
589467795,1837685,11852
587975768,1837685,11853
575443527,1837685,11854
664990904,8262761,5997
659479640,8262761,11855
657285615,8262761,6008
656662002,8262761,5996
655718254,8262761,6003
655711470,8262761,6004
655710857,8262761,6010
655050372,8262761,11856
654901547,8262761,11857
654742348,8262761,6006
654734900,8262761,11858
654419953,8262761,11859
611834073,8262761,11860
611767898,8262761,11861
600371030,8262761,11862
594753541,8262761,11863
588028817,8262761,11864
571388824,8262761,11865
571171290,8262761,11866
570314019,8262761,11867
564535087,8262761,11868
564533252,8262761,11869
438193458,8262761,11870
926374116,25053984,11871
925701161,25053984,11872
744583082,1636752,11873
736741152,1636752,11874
722071492,1636752,8375
718744017,1636752,11875
716737552,1636752,11876
716276937,1636752,11877
713882784,1636752,11766
690136821,1636752,11878
684394135,1636752,792
607736091,1636752,2299
604835588,1636752,11879
600585760,1636752,11880
596338845,1636752,1668
587614482,1636752,8917
580267731,1636752,11881
578970315,1636752,11882
573094947,1636752,11883
572761181,1636752,11884
572574261,1636752,11885
728301252,13340286,11886
726076189,13340286,11887
677915211,13340286,11888
582970065,13340286,11889
747914829,4873291,11890
732757943,4873291,11891
727927322,4873291,11892
715587584,4873291,11893
713212000,4873291,11894
676462586,4873291,11895
600045712,4873291,11896
573174416,4873291,10276
569919185,4873291,11897
552130499,4873291,11898
546388865,4873291,11899
541694648,4873291,11900
537813822,4873291,11901
528945385,4873291,11902
930021200,26916395,11903
760915564,6774221,11904
748263184,6774221,11905
747510293,6774221,11906
745418420,6774221,9093
737138434,6774221,11907
734651848,6774221,11908
734529089,6774221,11909
734525676,6774221,11910
734521482,6774221,11911
733212661,6774221,11912
721926371,6774221,10896
612793558,6774221,11913
608499926,6774221,4065
608309506,6774221,11914
580544454,6774221,11915
575190856,6774221,11916
574492370,6774221,11917
572353044,6774221,11918
567994412,6774221,11919
563280349,6774221,11920
562864414,6774221,11921
751722560,14960488,11922
751614843,14960488,11923
751534919,14960488,11924
750899295,14960488,11925
750429789,14960488,11926
750070760,14960488,11927
749805211,14960488,11928
749249499,14960488,11929
747825053,14960488,11930
740748856,14960488,11931
739493378,14960488,5835
737747951,14960488,11932
736268337,14960488,11933
736238751,14960488,11934
734624244,14960488,11935
734460978,14960488,11936
734001354,14960488,11937
730927236,14960488,11938
730255829,14960488,11939
729116338,14960488,11940
728679526,14960488,503
728369660,14960488,11941
724827462,14960488,11942
722385748,14960488,11943
720535937,14960488,11944
718740985,14960488,11945
713215311,14960488,11946
705429734,14960488,11947
701637213,14960488,11948
697754619,14960488,11949
697072033,14960488,11950
696223789,14960488,11951
692767358,14960488,5860
690568439,14960488,11952
689019486,14960488,11953
687624025,14960488,11954
687457654,14960488,11955
687217438,14960488,11956
685561149,14960488,11957
680915201,14960488,11958
680272801,14960488,11959
679336116,14960488,11960
678765542,14960488,11961
678756467,14960488,11962
677576849,14960488,11963
676444050,14960488,11964
676394441,14960488,11965
673552820,14960488,5871
673440870,14960488,11966
672943308,14960488,11967
672835332,14960488,11968
672682547,14960488,11969
670890960,14960488,11970
670673549,14960488,11971
670565538,14960488,11972
669793587,14960488,11973
667041811,14960488,11974
613959502,14960488,11975
613656398,14960488,11976
611292954,14960488,11977
610499896,14960488,11978
610455206,14960488,11979
610340847,14960488,11980
608765083,14960488,11981
745143088,11437030,11982
705270585,11437030,11983
704780122,11437030,11984
704654867,11437030,11985
704487077,11437030,11986
704439057,11437030,11987
704204292,11437030,11988
704204109,11437030,11989
703076873,11437030,11990
700890315,11437030,11991
572630133,11437030,11992
554112253,11437030,11993
757267527,17212823,11994
757205231,17212823,11995
747442239,17212823,11996
737544214,17212823,11997
729609702,17212823,11998
729404767,17212823,11999
721707188,17212823,12000
721648367,17212823,12001
717888741,17212823,12002
716894969,17212823,12003
716038840,17212823,8784
711932257,17212823,12004
711121634,17212823,12005
710963002,17212823,12006
696792073,17212823,12007
696571727,17212823,12008
694400220,17212823,12009
679540399,17212823,12010
678265499,17212823,12011
676081748,17212823,12012
671917171,17212823,12013
668819640,17212823,12014
667338975,17212823,12015
747909938,12788024,12016
746430001,12788024,12017
739178482,12788024,12018
733732072,12788024,12019
733276059,12788024,12020
733179919,12788024,12021
732952854,12788024,12022
730182759,12788024,10227
729506649,12788024,12023
728352341,12788024,12024
727951244,12788024,12025
727026211,12788024,12026
726993519,12788024,12027
724866138,12788024,12028
723698759,12788024,12029
722506028,12788024,12030
721424987,12788024,7762
717857567,12788024,12031
716912227,12788024,12032
716911704,12788024,10765
715689816,12788024,12033
713078056,12788024,12034
712262141,12788024,12035
711916797,12788024,12036
711874353,12788024,12037
709862510,12788024,12038
707665841,12788024,10232
706448762,12788024,12039
702506160,12788024,12040
701255216,12788024,12041
701015462,12788024,12042
701015295,12788024,12043
698039933,12788024,12044
697739101,12788024,12045
695417331,12788024,12046
694907545,12788024,12047
693655271,12788024,4811
693641522,12788024,12048
693611411,12788024,12049
693363533,12788024,12050
692560945,12788024,12051
692273559,12788024,12052
692194625,12788024,12053
691960311,12788024,12054
690322308,12788024,12055
689723799,12788024,12056
686392340,12788024,12057
685255235,12788024,2111
684661224,12788024,12058
683029670,12788024,12059
681831000,12788024,12060
679874592,12788024,7801
679738316,12788024,12061
679728447,12788024,12062
679508970,12788024,12063
679461744,12788024,12064
679460516,12788024,12065
679389468,12788024,12066
678787247,12788024,12067
678787237,12788024,12068
678760093,12788024,12069
678756968,12788024,12070
678738565,12788024,12071
678256524,12788024,12072
677984176,12788024,12073
677860243,12788024,12074
674726283,12788024,12075
673846881,12788024,12076
671085322,12788024,12077
669776992,12788024,12078
668782132,12788024,12079
666234653,12788024,12080
666066743,12788024,12081
665996221,12788024,12082
665696274,12788024,12083
646252431,12788024,12084
613698718,12788024,12085
612779315,12788024,12086
612228379,12788024,12087
612208342,12788024,12088
612118784,12788024,12089
611552585,12788024,12090
610202398,12788024,12091
606618911,12788024,12092
600958132,12788024,12093
591062580,12788024,12094
748998351,6827604,12095
734450465,6827604,12096
713637090,6827604,12097
683161865,6827604,12098
662635116,6827604,12099
662443592,6827604,12100
662418338,6827604,12101
657078978,6827604,12102
656996238,6827604,12103
656677134,6827604,12104
656517099,6827604,12105
655437251,6827604,12106
655176535,6827604,12107
654999709,6827604,12108
654684800,6827604,12109
654269415,6827604,6007
654241712,6827604,11857
654042590,6827604,12110
653830798,6827604,6009
613668468,6827604,12111
613667969,6827604,12112
609823352,6827604,12113
609822261,6827604,12114
606644395,6827604,12115
595134087,6827604,12116
586122844,6827604,12117
583539080,6827604,5985
580169434,6827604,12118
579615381,6827604,12119
441060399,6827604,12120
441059870,6827604,12121
441056944,6827604,5985
313710981,6827604,12122
312580811,6827604,12123
311199067,6827604,12124
308997057,6827604,5985
305226726,6827604,12125
253813931,6827604,12126
253186513,6827604,12127
253113689,6827604,12128
252669580,6827604,10392
1038940951,17627334,12129
734314077,17627334,706
726183764,17627334,11199
721690017,17627334,12130
715380375,17627334,12131
715231907,17627334,12132
714885572,17627334,12133
714667737,17627334,12134
711580077,17627334,58
711114250,17627334,12135
682074871,17627334,12136
1039889505,24977107,12137
1020384326,24977107,12138
1019354519,24977107,12139
1008779632,24977107,12140
1008527751,24977107,12141
1008527370,24977107,12142
978493423,24977107,12143
972762380,24977107,12144
964232368,24977107,12145
953378826,24977107,12146
874815914,24977107,12147
938902481,10694795,12148
737921350,10694795,12149
733773642,10694795,12150
733575172,10694795,12151
730426355,10694795,12152
729126746,10694795,12153
723993437,10694795,7676
714354648,10694795,12154
711399418,10694795,12155
705929380,10694795,12156
689687857,10694795,12157
684619760,10694795,12158
684125491,10694795,12159
682349838,10694795,12160
682318108,10694795,12161
674053050,10694795,12162
671506624,10694795,12163
670810840,10694795,12164
620881203,10694795,12165
620865151,10694795,12166
618325378,10694795,12167
618252424,10694795,12168
617954713,10694795,12169
613702017,10694795,12170
613168814,10694795,12171
612904867,10694795,11208
612523848,10694795,12172
611577227,10694795,12173
611288074,10694795,12174
610783701,10694795,1922
610763170,10694795,12175
610730646,10694795,12176
610691225,10694795,12177
608868534,10694795,12178
600436536,10694795,12179
598090745,10694795,12180
581970546,10694795,12181
724257215,17838697,12182
716950889,17838697,12183
715453197,17838697,12184
715404371,17838697,12185
715220567,17838697,12186
714860219,17838697,12187
714445874,17838697,12188
714382058,17838697,12189
713036688,17838697,12190
712448638,17838697,12191
712105107,17838697,12192
711311584,17838697,12193
711304697,17838697,12194
710996097,17838697,12195
710193892,17838697,12196
709265010,17838697,12197
708877933,17838697,12198
707063329,17838697,12199
706315296,17838697,12200
706285132,17838697,12201
706169514,17838697,12202
705479312,17838697,12203
705315675,17838697,12204
705297383,17838697,12205
705168753,17838697,12206
705106822,17838697,12207
704545811,17838697,12208
704310834,17838697,12209
704163980,17838697,12210
704129730,17838697,12211
703755152,17838697,12212
703422736,17838697,12213
703221991,17838697,12214
703215198,17838697,12215
703205643,17838697,12216
702757249,17838697,12217
700113234,17838697,12218
591099877,2149556,12219
569701244,2149556,12220
569693315,2149556,12221
569660579,2149556,12222
569643626,2149556,12223
569423779,2149556,12224
569422189,2149556,12225
568998384,2149556,12226
563258268,2149556,12227
563070775,2149556,12228
750961338,10767864,12229
743867342,10767864,12230
742935849,10767864,1935
742360524,10767864,12231
737509425,10767864,12232
737468374,10767864,12233
736966757,10767864,12234
736794579,10767864,12235
736762506,10767864,12236
733748888,10767864,12237
728626350,10767864,8905
725620860,10767864,12238
724276671,10767864,12239
717954781,10767864,12240
713412670,10767864,7768
709049327,10767864,407
704597790,10767864,402
699244596,10767864,12241
688325637,10767864,12242
682428746,10767864,12243
673736507,10767864,10093
673602877,10767864,12244
671622149,10767864,3415
670883758,10767864,12245
668757473,10767864,12246
658169489,10767864,12247
646307637,10767864,12232
643934359,10767864,12248
627613247,10767864,12249
627401204,10767864,12250
611500773,10767864,12251
610370509,10767864,12252
608427828,10767864,12253
606636744,10767864,12254
600666033,10767864,12255
600631788,10767864,12256
580006437,10767864,12257
574742966,10767864,12258
574704665,10767864,12259
477660672,10767864,12260
440631766,10767864,12261
434103763,10767864,12262
425512131,10767864,12248
746495067,16882798,12263
743900835,16882798,12264
739962864,16882798,12265
738255606,16882798,1006
729957405,16882798,12266
721954012,16882798,12267
710185744,16882798,12268
704187986,16882798,12269
703867984,16882798,12270
693578468,16882798,12049
691080414,16882798,12271
679854874,16882798,12272
677597650,16882798,12273
674315731,16882798,12274
671518472,16882798,829
669895262,16882798,10988
669779298,16882798,12275
669539586,16882798,12276
666287617,16882798,12277
661767440,16882798,1467
729801631,7396352,12278
729801234,7396352,12279
729800882,7396352,12280
729795963,7396352,12281
726507962,7396352,12282
722820255,7396352,12283
719050718,7396352,12284
717311166,7396352,12285
710619339,7396352,12286
710482872,7396352,12287
695760826,7396352,12288
695130287,7396352,12289
694941896,7396352,10834
691343098,7396352,12290
688421747,7396352,12291
611367154,7396352,12292
609831418,7396352,12293
609763635,7396352,12294
606307728,7396352,12295
605822733,7396352,12296
600313660,7396352,12297
597505926,7396352,12298
579365430,7396352,12299
572156711,7396352,12300
571840392,7396352,12301
1065586796,10836066,12302
1046558148,10836066,12303
1042441507,10836066,12304
1019551774,10836066,12305
1005623178,10836066,12306
996635104,10836066,12307
990472548,10836066,12308
987332483,10836066,12309
973982723,10836066,12310
953674758,10836066,12311
926609938,10836066,12312
906928581,10836066,12313
751378048,10836066,12314
749592459,10836066,12315
730774792,10836066,12316
729165831,10836066,12317
721662989,10836066,12318
721485511,10836066,12319
721191935,10836066,12320
719259928,10836066,12321
716985036,10836066,12322
716264488,10836066,12323
715958759,10836066,12324
714094132,10836066,12325
714094027,10836066,12326
712507375,10836066,12327
711603217,10836066,12328
711587342,10836066,12329
711544956,10836066,12330
711073635,10836066,12331
710773509,10836066,12332
709285884,10836066,12333
706364116,10836066,12334
705210552,10836066,12335
703589416,10836066,12336
703503189,10836066,12337
702081082,10836066,12338
701295903,10836066,12339
700948686,10836066,12340
698024289,10836066,12341
697301895,10836066,12342
696845699,10836066,12343
695997041,10836066,12344
693330376,10836066,12345
686198547,10836066,12346
681651240,10836066,12347
673188624,10836066,12348
672981266,10836066,12349
672173205,10836066,12350
671541549,10836066,12351
670869434,10836066,12352
604826939,10836066,12353
837418185,11879452,12354
835702433,11879452,12355
835542972,11879452,12356
835542759,11879452,12357
835465888,11879452,12358
835320505,11879452,12359
782008691,11879452,12360
782007985,11879452,12361
746630797,11879452,12362
725533138,11879452,12363
695409187,11879452,12364
682152509,11879452,12365
682091044,11879452,12366
654902232,11879452,12367
622031692,11879452,12368
622012895,11879452,12369
612861283,11879452,12370
612747224,11879452,12371
609080927,11879452,12372
592989792,11879452,12373
587801154,11879452,12374
587311425,11879452,12375
586092342,11879452,12376
580970351,11879452,12377
565969517,11879452,12378
564986117,11879452,12379
449780730,11879452,12380
729776632,12212953,10507
601778743,12212953,12381
601763307,12212953,12382
594817343,12212953,12383
593825808,12212953,12384
579640734,12212953,12385
578313456,12212953,12386
575607975,12212953,12387
572855489,12212953,12388
572083656,12212953,12389
572070793,12212953,12390
749501935,12848297,12391
743658869,12848297,12392
741304580,12848297,12393
732607517,12848297,12394
728203659,12848297,12395
719587793,12848297,12396
711560199,12848297,12397
710629059,12848297,12398
700982110,12848297,12399
676238900,12848297,12400
674136202,12848297,12401
671102719,12848297,12402
669055157,12848297,12403
614026318,12848297,12404
599933089,12848297,12405
596555495,12848297,12406
595300767,12848297,12407
594254411,12848297,12408
591651764,12848297,12409
589102102,12848297,12410
585728492,12848297,12411
585189059,12848297,12412
584452243,12848297,12413
751480090,2004786,12414
751367389,2004786,12415
751219958,2004786,12416
750784043,2004786,12417
750779384,2004786,12418
750492544,2004786,12419
750436896,2004786,12420
750197178,2004786,12421
750086827,2004786,12422
750081232,2004786,12423
750042792,2004786,12424
749879688,2004786,12425
749822960,2004786,12426
749657044,2004786,2382
749451216,2004786,12427
749439327,2004786,12428
749417607,2004786,12429
749073130,2004786,12430
748045935,2004786,12431
748017489,2004786,12432
747914482,2004786,12433
747883607,2004786,12434
747644323,2004786,12435
747628116,2004786,12436
747517689,2004786,12437
747310763,2004786,12438
747266423,2004786,12439
747167754,2004786,12440
747098089,2004786,12441
746929945,2004786,12442
746901637,2004786,12443
746044760,2004786,12444
745988099,2004786,12445
745817925,2004786,12446
745220301,2004786,12447
744979449,2004786,12448
743842578,2004786,12449
743546618,2004786,12450
743483033,2004786,12451
742957419,2004786,12452
742953034,2004786,12453
742816945,2004786,12454
742248526,2004786,12455
741984775,2004786,12456
740900623,2004786,12457
740352825,2004786,12458
740096210,2004786,12459
739398879,2004786,12460
739326364,2004786,12461
739046114,2004786,12462
738893445,2004786,12463
737438532,2004786,12464
737270907,2004786,12465
737209790,2004786,12466
737017221,2004786,12467
737001297,2004786,12468
736906550,2004786,12469
733932731,2004786,12470
733889386,2004786,1326
733759816,2004786,10396
733011275,2004786,12471
732696304,2004786,12472
732490704,2004786,12473
732258207,2004786,12474
731613506,2004786,12475
731244792,2004786,12476
731088091,2004786,12477
730814955,2004786,12478
730394003,2004786,12479
729956661,2004786,12480
729578708,2004786,12481
729490503,2004786,12482
729390930,2004786,12483
729307253,2004786,12484
729285427,2004786,12485
729279196,2004786,12486
729273811,2004786,12487
729257396,2004786,12488
729257214,2004786,12489
729180699,2004786,12490
729118770,2004786,12491
729113466,2004786,12492
728762127,2004786,12493
728664542,2004786,12494
728462542,2004786,12495
728305269,2004786,12496
727918259,2004786,12497
727915974,2004786,12498
727876970,2004786,12499
727844712,2004786,12500
727844469,2004786,12501
727833140,2004786,12502
727830899,2004786,12503
727827229,2004786,12504
727818729,2004786,12505
727815365,2004786,12506
727789134,2004786,12507
727784523,2004786,12508
727782887,2004786,12509
727779056,2004786,12510
727769664,2004786,12511
727768999,2004786,12512
727763193,2004786,12513
727745872,2004786,12514
727738285,2004786,12515
727737938,2004786,12516
727736655,2004786,12517
727725818,2004786,12518
727720803,2004786,12519
727716142,2004786,12520
726707981,2004786,12521
726527082,2004786,12522
726182884,2004786,3272
725846714,2004786,12523
725357052,2004786,12524
724893108,2004786,12525
724739098,2004786,12526
722974026,2004786,12527
721587532,2004786,12528
721458717,2004786,12529
721448284,2004786,12530
721434948,2004786,12531
721408254,2004786,12532
719810607,2004786,12533
719541617,2004786,12534
717620231,2004786,12535
716257311,2004786,12536
716011596,2004786,12537
714405886,2004786,12538
713740321,2004786,12539
713271981,2004786,12540
713025226,2004786,12541
712399708,2004786,12542
710138036,2004786,12543
709806993,2004786,12544
709656699,2004786,12545
709290463,2004786,12546
709225814,2004786,4681
708902889,2004786,12547
708369717,2004786,12548
708211451,2004786,12549
708211372,2004786,12550
707715396,2004786,12551
707525232,2004786,2651
706610855,2004786,12552
706426330,2004786,12553
703892905,2004786,12554
703465148,2004786,12555
703167040,2004786,12556
703123750,2004786,12557
703045288,2004786,12558
702812252,2004786,12559
702451093,2004786,12560
702434950,2004786,12561
702380743,2004786,12562
702361868,2004786,12563
702334071,2004786,12564
702331680,2004786,12565
702317444,2004786,12566
702302048,2004786,12567
702298743,2004786,12568
702297608,2004786,12569
702294339,2004786,12570
702286884,2004786,12571
702266000,2004786,12572
702180448,2004786,12573
702174879,2004786,12574
702174051,2004786,12575
702162634,2004786,12576
699627278,2004786,12577
699257382,2004786,12578
698351324,2004786,12579
698181699,2004786,11466
698094869,2004786,12580
697750069,2004786,12581
697073178,2004786,12582
696370232,2004786,12583
696091788,2004786,12584
696078696,2004786,12585
695984908,2004786,12586
695817349,2004786,12587
695760709,2004786,12588
695587357,2004786,12589
695062305,2004786,12590
694586487,2004786,12591
694423314,2004786,12592
694332224,2004786,12593
694317735,2004786,12594
693740397,2004786,12595
693673380,2004786,12596
692295217,2004786,63
692275086,2004786,12597
692252178,2004786,12598
691892371,2004786,12599
691656046,2004786,12600
691628117,2004786,12601
691600932,2004786,12602
690542334,2004786,12603
690511005,2004786,12604
690033897,2004786,12605
689987387,2004786,12606
689650321,2004786,12607
689601564,2004786,12608
689432983,2004786,12609
689403288,2004786,12610
687489782,2004786,12611
687378277,2004786,12612
687239992,2004786,12613
686932139,2004786,12614
686773522,2004786,12615
686467059,2004786,12616
685418943,2004786,12617
685334344,2004786,12618
685193552,2004786,12619
684390759,2004786,12620
684122481,2004786,12621
684108546,2004786,12622
684094213,2004786,12623
684018939,2004786,12624
683913015,2004786,12625
682922351,2004786,12626
682811096,2004786,12627
682720769,2004786,12628
682433779,2004786,12629
682391532,2004786,12630
682379165,2004786,12631
682363744,2004786,12632
682349675,2004786,12633
682346644,2004786,4926
682346311,2004786,12634
682341429,2004786,12635
682335724,2004786,12636
682329899,2004786,12637
682326650,2004786,12638
682325442,2004786,12639
682324830,2004786,12640
682324732,2004786,12641
682321932,2004786,12642
682317432,2004786,12643
681826148,2004786,9014
681689081,2004786,12644
681395061,2004786,12645
681351583,2004786,12646
681172539,2004786,12647
680627211,2004786,2434
680084486,2004786,12648
679766538,2004786,12649
678704511,2004786,12650
678404992,2004786,2435
678085046,2004786,12651
677837806,2004786,12652
677046969,2004786,12653
677018222,2004786,12654
675483010,2004786,12655
675054274,2004786,12656
674840583,2004786,12657
674698163,2004786,12658
674344520,2004786,12659
673864874,2004786,12660
673093938,2004786,12661
672887323,2004786,12662
672745548,2004786,12663
672684826,2004786,12664
672544431,2004786,12665
672178565,2004786,12666
671780414,2004786,12667
671756782,2004786,12668
671352366,2004786,12669
671295925,2004786,12670
671279252,2004786,12671
671106701,2004786,5928
671085148,2004786,12672
671023987,2004786,12673
670666550,2004786,12674
670301733,2004786,12675
669897735,2004786,12676
669887686,2004786,12677
669555681,2004786,12678
669505891,2004786,12679
668920156,2004786,12680
668879516,2004786,12681
668823867,2004786,12682
668806717,2004786,12683
668800437,2004786,12684
668798989,2004786,12685
668785648,2004786,12686
668759648,2004786,12687
668756310,2004786,12688
668755041,2004786,12689
668745813,2004786,12690
668743958,2004786,12691
668741767,2004786,12692
668735740,2004786,12693
668706362,2004786,12694
668688921,2004786,12695
668670444,2004786,12696
668660681,2004786,12697
668652970,2004786,12698
668536705,2004786,12699
668352992,2004786,12700
668340789,2004786,12701
668332176,2004786,12702
668260220,2004786,12703
668202609,2004786,12704
668084724,2004786,12705
668052564,2004786,12706
667986272,2004786,12707
667908937,2004786,12708
667814395,2004786,12709
667709027,2004786,12710
667424266,2004786,12711
667313634,2004786,11505
667307681,2004786,12712
667285023,2004786,12713
667274893,2004786,12714
667264125,2004786,12715
667203467,2004786,12716
667199550,2004786,12717
667177978,2004786,12718
667160024,2004786,12719
667156220,2004786,12720
667130172,2004786,12721
667105175,2004786,12722
667094238,2004786,12723
667093476,2004786,12724
667084527,2004786,12725
667083253,2004786,12726
667069595,2004786,12727
667064124,2004786,12728
667041681,2004786,12729
667026565,2004786,12730
667020055,2004786,12731
667017188,2004786,12732
667009824,2004786,12733
667003905,2004786,12734
666992309,2004786,12735
666987858,2004786,12736
666970857,2004786,12737
666966374,2004786,12738
666956021,2004786,12739
666951777,2004786,12740
666951090,2004786,12741
666948633,2004786,12742
666945391,2004786,12743
666943989,2004786,12744
666941494,2004786,12745
666938612,2004786,12746
666938197,2004786,12747
666932809,2004786,12748
666921314,2004786,12749
666918352,2004786,12750
666917326,2004786,12751
666916617,2004786,12752
666913559,2004786,12753
666911079,2004786,12754
666909096,2004786,12755
666909072,2004786,12756
666905376,2004786,12757
666903564,2004786,12758
666902895,2004786,12759
666902433,2004786,12760
666902012,2004786,12761
666901710,2004786,12762
666899970,2004786,12763
666896375,2004786,12764
666895855,2004786,12765
666895735,2004786,12766
666894820,2004786,12767
666894740,2004786,12768
666894682,2004786,12769
666894247,2004786,12770
666894100,2004786,12771
666690066,2004786,12772
666272338,2004786,12773
665835132,2004786,12774
665664828,2004786,12775
655934201,2004786,1427
614374916,2004786,12776
614298807,2004786,12777
613738199,2004786,12778
613596659,2004786,11004
613515971,2004786,12779
613444050,2004786,12780
613315697,2004786,12781
613298010,2004786,1770
613171831,2004786,12782
302770892,2004786,12783
1067013825,10044301,12784
1065750523,10044301,12785
1064471798,10044301,12786
1062233813,10044301,12787
1062120127,10044301,12788
1061826766,10044301,12789
1060941535,10044301,12790
1059057358,10044301,12791
1058350890,10044301,12792
1057802003,10044301,12793
1057732767,10044301,12794
1056052350,10044301,12795
1055068227,10044301,12796
1053152803,10044301,12797
1052846103,10044301,12798
1052330546,10044301,12799
1051734125,10044301,12800
1050683502,10044301,12801
1050214743,10044301,12802
1049253472,10044301,12803
1049177667,10044301,12804
1048959268,10044301,12805
1044191945,10044301,12806
1043790788,10044301,12807
1041592189,10044301,12808
1041191826,10044301,12809
1040188289,10044301,12810
1038260034,10044301,12811
1037117977,10044301,12812
1030456637,10044301,12813
1030331325,10044301,12814
1027641938,10044301,12815
1025780949,10044301,12816
1024787018,10044301,12817
1024143117,10044301,12818
1023903131,10044301,12819
1023348937,10044301,12820
1022587422,10044301,12821
1022138515,10044301,12822
1021817950,10044301,12823
1019263699,10044301,12824
1013873994,10044301,12825
1012859942,10044301,12826
1010405612,10044301,12827
1009159449,10044301,12828
1008834708,10044301,12829
1007059344,10044301,12830
1006765760,10044301,12831
1004148006,10044301,12832
1004045581,10044301,12833
1003513243,10044301,12834
1003124184,10044301,12835
1001520863,10044301,12836
1001394185,10044301,12837
1001256958,10044301,12838
1000507897,10044301,12839
1000200968,10044301,12840
999853950,10044301,12841
998278442,10044301,12842
998213423,10044301,12843
995994770,10044301,12844
994333239,10044301,12845
992356396,10044301,12846
992162039,10044301,12847
990827031,10044301,12848
990464463,10044301,12849
990450923,10044301,12850
990343790,10044301,12851
988699493,10044301,12852
988258915,10044301,12853
987865241,10044301,12854
986669146,10044301,12855
986647785,10044301,12856
985776243,10044301,12857
985681463,10044301,12858
985622015,10044301,12859
984855346,10044301,12860
984832491,10044301,12861
983596894,10044301,12862
981376869,10044301,12863
981342202,10044301,12864
979288398,10044301,12865
979176739,10044301,12866
978596337,10044301,12867
976559294,10044301,12868
973381353,10044301,12869
973157508,10044301,12870
973155696,10044301,12871
972558713,10044301,12872
972547134,10044301,12873
971412997,10044301,12874
970941724,10044301,12875
970807293,10044301,12876
967938098,10044301,12877
967374774,10044301,12878
967334486,10044301,12879
966593434,10044301,12880
965748716,10044301,12881
965668935,10044301,12882
965572262,10044301,12883
963617595,10044301,12884
963106839,10044301,12885
962613473,10044301,12886
961950408,10044301,12887
961709504,10044301,12888
959955719,10044301,12889
959049582,10044301,12890
959000881,10044301,12891
957612202,10044301,12892
957333147,10044301,12893
956751148,10044301,12894
956467365,10044301,12895
955431466,10044301,12896
954129997,10044301,12897
953800412,10044301,12898
953503540,10044301,12899
953089937,10044301,12900
952982024,10044301,12901
952814387,10044301,12902
952498615,10044301,12903
951483815,10044301,12904
951274479,10044301,12905
949562617,10044301,12906
949042736,10044301,12907
948317597,10044301,12908
946987816,10044301,12909
945932697,10044301,12910
945817247,10044301,12911
943605706,10044301,12912
943333353,10044301,12913
942342988,10044301,12914
941708733,10044301,12915
940522928,10044301,12916
938482319,10044301,12917
938422741,10044301,12918
937076369,10044301,12919
936677829,10044301,12920
936673526,10044301,12921
935829727,10044301,12922
935797291,10044301,12923
934238957,10044301,12924
934233724,10044301,12925
933970663,10044301,12926
933649828,10044301,12927
930204906,10044301,12928
929533437,10044301,12929
928382893,10044301,12930
927728956,10044301,12931
927663519,10044301,12932
926539464,10044301,12933
925554352,10044301,12934
925009971,10044301,12935
924624755,10044301,12936
924559870,10044301,12937
924468548,10044301,12938
922491194,10044301,12939
920121264,10044301,12940
919971549,10044301,12941
919751191,10044301,12942
919684572,10044301,12943
918470781,10044301,12944
916509847,10044301,12945
914775565,10044301,12946
911899860,10044301,12947
911183940,10044301,12948
910633671,10044301,12949
909330686,10044301,12950
907889162,10044301,12951
904929601,10044301,12952
904444647,10044301,12953
904110314,10044301,12954
903433438,10044301,12955
902418880,10044301,12956
902305232,10044301,12957
902146547,10044301,12958
901592484,10044301,12959
901105310,10044301,12960
897264392,10044301,12961
895197592,10044301,12962
894101104,10044301,12963
893788686,10044301,12964
893250342,10044301,12965
893015917,10044301,12966
892008482,10044301,12967
890674288,10044301,12968
889369177,10044301,12969
888591929,10044301,12970
887961614,10044301,12971
886336418,10044301,12972
886066646,10044301,12973
885856708,10044301,12974
883124204,10044301,12975
882597235,10044301,12976
881861326,10044301,12977
881499446,10044301,12978
880653332,10044301,12979
878358988,10044301,12980
878222780,10044301,12981
876402555,10044301,12982
876385338,10044301,12983
875631807,10044301,12984
874912917,10044301,12985
873896666,10044301,12986
869542789,10044301,12987
867786261,10044301,12988
865603687,10044301,12989
864020432,10044301,12990
863291357,10044301,12991
861238017,10044301,12992
860474879,10044301,12993
860210553,10044301,12994
859646703,10044301,12995
857683075,10044301,12996
856072114,10044301,12997
854271454,10044301,12998
854234460,10044301,12999
853862221,10044301,13000
852244423,10044301,13001
850983476,10044301,13002
850553405,10044301,13003
849528169,10044301,13004
849227689,10044301,13005
848973639,10044301,13006
848889740,10044301,13007
847763556,10044301,13008
847667982,10044301,13009
847156544,10044301,13010
847122347,10044301,13011
846890785,10044301,13012
843266769,10044301,13013
842785292,10044301,13014
842778140,10044301,13015
841525293,10044301,13016
840584512,10044301,13017
839462071,10044301,13018
838319458,10044301,13019
837938694,10044301,13020
837422523,10044301,13021
837129834,10044301,13022
837004382,10044301,13023
836563550,10044301,13024
836456017,10044301,13025
836301916,10044301,13026
834723644,10044301,13027
834598305,10044301,13028
833839135,10044301,12872
831633194,10044301,13029
831516891,10044301,13030
831500881,10044301,13031
830440211,10044301,13032
827693908,10044301,13033
827109085,10044301,13034
827004842,10044301,13035
826763883,10044301,13036
824804337,10044301,13037
824422793,10044301,13038
820411626,10044301,13039
816203559,10044301,13040
811466737,10044301,13041
793575129,10044301,13042
789998154,10044301,13043
788594137,10044301,13044
787064092,10044301,13045
782507248,10044301,13046
782187475,10044301,13047
781793128,10044301,13048
781435024,10044301,13049
781128254,10044301,13050
778313259,10044301,13051
777717141,10044301,13052
776248222,10044301,13053
775521322,10044301,13054
773031223,10044301,13055
772630110,10044301,13056
761545049,10044301,13057
757564924,10044301,13058
753421158,10044301,13059
752098899,10044301,13060
744246442,10044301,13061
741610757,10044301,13062
738265920,10044301,13063
733881580,10044301,13064
730812849,10044301,13065
729424303,10044301,481
723065125,10044301,13066
716516489,10044301,13067
713051465,10044301,13068
707035541,10044301,1940
705117971,10044301,13069
700809638,10044301,13070
696067711,10044301,13071
692185410,10044301,13072
691911292,10044301,13073
685619429,10044301,13074
683802275,10044301,13075
682605071,10044301,13076
681391501,10044301,13077
681207571,10044301,13078
677733993,10044301,13079
675887641,10044301,13080
670208866,10044301,13081
659558539,10044301,13082
654752568,10044301,13083
651659705,10044301,13084
651411532,10044301,13085
647938176,10044301,13086
642997973,10044301,13087
642230406,10044301,13088
640245705,10044301,13089
628448579,10044301,13090
609126431,10044301,13091
606607763,10044301,13092
603922284,10044301,13093
602656387,10044301,13094
581131366,10044301,13095
563615187,10044301,606
562399107,10044301,13096
465802258,10044301,181
941607327,3948543,13097
744983583,3948543,13098
744907441,3948543,13099
744872509,3948543,13100
743151625,3948543,13101
742585190,3948543,13102
742382008,3948543,13103
741208671,3948543,13104
740725204,3948543,13105
740703382,3948543,13106
740398191,3948543,13107
740322749,3948543,13108
739742919,3948543,13109
739728048,3948543,13110
739215575,3948543,13111
739014639,3948543,13112
738974490,3948543,13113
738309389,3948543,13114
738244362,3948543,13115
738192688,3948543,13116
737983991,3948543,13117
737847766,3948543,13118
737385074,3948543,13119
736964720,3948543,13120
736476831,3948543,13121
734132948,3948543,13122
733989065,3948543,13123
733693912,3948543,13124
733581803,3948543,13125
732809289,3948543,13126
732743187,3948543,13127
732032999,3948543,13128
731701785,3948543,13129
731697745,3948543,13130
731507180,3948543,13131
730692267,3948543,4359
730395593,3948543,13132
730322001,3948543,13133
730236296,3948543,13134
730158254,3948543,13135
729758269,3948543,13136
729684310,3948543,8905
728580567,3948543,13137
728126322,3948543,13138
728088820,3948543,13139
727910884,3948543,13140
727904040,3948543,13141
727442088,3948543,13142
727023590,3948543,1172
725776296,3948543,13143
725604792,3948543,13144
723513873,3948543,13145
722784034,3948543,13146
722411719,3948543,738
722007278,3948543,13147
721260732,3948543,13148
718999223,3948543,13149
718202414,3948543,13150
718188059,3948543,13151
717636849,3948543,13152
716634164,3948543,13153
716269605,3948543,13154
716167536,3948543,13155
715953609,3948543,13156
715415108,3948543,13157
713277887,3948543,772
712776788,3948543,13158
712093304,3948543,13159
710104808,3948543,13160
709888311,3948543,13161
708929723,3948543,13162
708760402,3948543,13163
705929989,3948543,13164
704149157,3948543,13165
702840549,3948543,13166
702835298,3948543,13167
702466225,3948543,13168
701444677,3948543,13169
700880835,3948543,13170
700465211,3948543,13171
699768382,3948543,13172
698820570,3948543,13173
698018235,3948543,13174
697807518,3948543,13175
697120483,3948543,13176
696860814,3948543,13177
695671287,3948543,13178
695407595,3948543,13179
694856691,3948543,13180
693264613,3948543,13181
693047200,3948543,13182
693047067,3948543,13183
692847914,3948543,13184
692238081,3948543,11742
691576924,3948543,13185
689771917,3948543,13186
689665033,3948543,13187
689367825,3948543,13188
688290780,3948543,13189
687828404,3948543,13190
687438045,3948543,13191
687253308,3948543,13192
685299560,3948543,13193
684148606,3948543,13194
683450335,3948543,13195
683305199,3948543,13196
683076536,3948543,13197
682103274,3948543,13198
681465380,3948543,13199
681328724,3948543,13200
681179079,3948543,13201
680881442,3948543,5924
680866979,3948543,13202
679916460,3948543,13203
679391666,3948543,13204
679034459,3948543,13205
677964102,3948543,13206
677573204,3948543,13207
675832547,3948543,13208
673898114,3948543,13209
671741111,3948543,13210
671382296,3948543,13211
671373722,3948543,13212
671363682,3948543,13213
670548904,3948543,13214
670121450,3948543,13215
669426490,3948543,13216
668829812,3948543,13217
668792656,3948543,13218
668788757,3948543,13219
668394679,3948543,13220
668268838,3948543,13221
667760507,3948543,13222
666671886,3948543,13223
666362228,3948543,13224
609628954,3948543,13225
609554495,3948543,13226
607665355,3948543,13227
607527763,3948543,13228
604828595,3948543,13229
604293930,3948543,13230
602240203,3948543,13231
599907475,3948543,13232
596617952,3948543,13233
1044160672,28252124,13234
1044070981,28252124,13235
1043789666,28252124,13236
1043682509,28252124,13237
1043600997,28252124,13238
1043540272,28252124,13239
1043413707,28252124,13240
1041337081,28252124,13241
1041205965,28252124,3952
1040964095,28252124,13242
1040296938,28252124,13243
1040296575,28252124,13244
1038143967,28252124,13245
1037779913,28252124,13246
1037614813,28252124,13247
1037432368,28252124,13248
1037425170,28252124,13249
1035076500,28252124,13250
1034874168,28252124,13251
1034747218,28252124,13252
1034483332,28252124,13253
1034315849,28252124,13254
1034163751,28252124,13255
1034053343,28252124,13256
1033940550,28252124,3966
1031523367,28252124,13257
1031359766,28252124,13258
1031054544,28252124,13259
1030927088,28252124,13260
1027534186,28252124,13261
1025849461,28252124,13262
1024847009,28252124,13263
1024522328,28252124,13264
1024028056,28252124,13265
1023954555,28252124,13266
1048507475,19163793,13267
1043805771,19163793,13268
723836981,19163793,13269
719413424,19163793,13270
719360450,19163793,13271
746635460,17801726,1901
741261661,17801726,9854
734208653,17801726,12470
709793852,17801726,1743
1066283560,26223282,13272
1066283265,26223282,13273
1066135777,26223282,13274
1065612904,26223282,13275
1063813911,26223282,13276
1056783361,26223282,13277
1055352146,26223282,13278
1020585603,26223282,13279
1016281641,26223282,13280
1003477300,26223282,13281
996756109,26223282,13282
983599071,26223282,13283
982816575,26223282,13284
981584971,26223282,13285
973716530,26223282,13286
951029355,26223282,13287
929149846,26223282,13288
734563635,26223282,13289
733210535,26223282,13290
732488500,26223282,2367
731367893,26223282,953
729941692,26223282,13291
677662243,26223282,13292
670146086,26223282,727
610823966,26223282,13293
605287899,26223282,13294
602797554,26223282,13295
599398336,26223282,13296
596563711,26223282,13297
596087092,26223282,13298
591131391,26223282,13299
589981299,26223282,13300
582996250,26223282,13301
580319761,26223282,13302
1045782297,33301162,13303
1045653219,33301162,13304
1045566174,33301162,13305
1045430917,33301162,13306
1045163534,33301162,13307
1044113027,33301162,13308
1043181926,33301162,13309
1043035368,33301162,13237
1042973137,33301162,7102
1042870755,33301162,13310
1039308032,33301162,13311
1039024139,33301162,13312
1038667148,33301162,13313
1038429477,33301162,13314
1038283043,33301162,13315
1038179140,33301162,13316
1034654736,33301162,13317
1034425535,33301162,13318
1034348311,33301162,13319
1034188016,33301162,7100
1031538486,33301162,13320
1031537984,33301162,13321
1031375200,33301162,13322
1031212167,33301162,13323
1031118118,33301162,13324
1030987435,33301162,13325
1043619150,18830093,13326
1043618949,18830093,13327
954806132,18830093,13328
744306970,18830093,13329
744084133,18830093,13330
737821545,18830093,13331
736222836,18830093,13332
734156327,18830093,13333
733544869,18830093,13334
733357797,18830093,13335
730013140,18830093,13336
729793719,18830093,13337
728367690,18830093,13338
726627185,18830093,13339
723482800,18830093,13340
719867097,18830093,13341
717824563,18830093,13342
715937081,18830093,13343
715208150,18830093,13344
740696432,13073660,13345
710188368,13073660,13346
683665154,13073660,13347
676947852,13073660,13348
669744333,13073660,13349
667857822,13073660,13350
621903976,13073660,13351
620476983,13073660,13352
618745447,13073660,13353
618132541,13073660,13354
618067074,13073660,13355
618037427,13073660,13356
616721940,13073660,13357
614222825,13073660,13358
614023071,13073660,13359
613078712,13073660,13360
612612319,13073660,13361
612311728,13073660,13362
612221482,13073660,13363
611776929,13073660,13364
611517504,13073660,13365
607311793,13073660,13366
607058118,13073660,13367
606937681,13073660,13368
605574279,13073660,13369
602259693,13073660,13370
601789451,13073660,13371
596282123,13073660,13372
592004170,13073660,13373
1041999418,8647034,13374
1003266348,8647034,13375
988821611,8647034,13376
747280398,8647034,4039
746827997,8647034,13377
715443571,8647034,13378
700138550,8647034,13379
677967660,8647034,13380
677311227,8647034,13381
673846164,8647034,13382
671979977,8647034,13383
671864604,8647034,13384
668257105,8647034,13385
667346158,8647034,13386
666542067,8647034,13387
666266903,8647034,13388
621023466,8647034,13389
620989262,8647034,13390
620934961,8647034,5702
618630029,8647034,13391
617936171,8647034,13392
617574158,8647034,13393
613730949,8647034,13394
613720324,8647034,13395
613718926,8647034,13396
613391703,8647034,13397
613389326,8647034,13398
613123092,8647034,13399
612465804,8647034,13400
611305316,8647034,13401
610353030,8647034,13402
607188562,8647034,13403
605821994,8647034,13404
605162161,8647034,13405
604670636,8647034,13406
599869281,8647034,13407
593266135,8647034,13408
591428313,8647034,13409
588065130,8647034,13410
587186246,8647034,13411
574742005,8647034,13412
380758909,8647034,13413
380440587,8647034,13414
1045793533,19323919,13415
980877991,19323919,13416
1062236384,24131945,13417
1030288677,24131945,13418
1010386501,24131945,13419
1008651160,24131945,13420
999224410,24131945,13421
998365476,24131945,13422
993744259,24131945,13423
992289695,24131945,13424
991816619,24131945,13425
988147871,24131945,13426
986430086,24131945,13427
984738546,24131945,13428
984517677,24131945,13429
751373094,2264651,13430
750003978,2264651,13431
747694650,2264651,13432
746280597,2264651,13433
740488406,2264651,13434
739725229,2264651,13435
739574957,2264651,13436
739447384,2264651,13437
738890323,2264651,13438
737830601,2264651,13439
737366292,2264651,13440
736795098,2264651,13441
736438818,2264651,13442
736402122,2264651,13443
734553416,2264651,13444
734438693,2264651,13445
734201017,2264651,13446
733390834,2264651,13447
732364651,2264651,13448
732318632,2264651,13449
730372558,2264651,13450
728256734,2264651,13451
725020497,2264651,13452
724950840,2264651,13453
724067571,2264651,13454
723880322,2264651,13455
723647018,2264651,13456
723600560,2264651,13457
722225992,2264651,13458
722214843,2264651,13459
721965095,2264651,13460
721945503,2264651,13461
719224292,2264651,13462
717887917,2264651,13463
717073901,2264651,13464
716744042,2264651,13465
716742005,2264651,13466
715439803,2264651,13467
714347752,2264651,13468
714147417,2264651,13469
714085062,2264651,11201
713282155,2264651,13470
710737765,2264651,13471
708644393,2264651,13472
707343039,2264651,13473
707051436,2264651,13474
705342722,2264651,13475
703132707,2264651,13476
701644656,2264651,13477
697263951,2264651,13478
696659653,2264651,13479
695784402,2264651,13480
695353719,2264651,13481
694275492,2264651,13482
693689185,2264651,13483
693069738,2264651,13484
693001713,2264651,13485
691573478,2264651,13486
691285756,2264651,13487
691260764,2264651,13488
690862970,2264651,13489
690388052,2264651,13490
688867092,2264651,13491
688078531,2264651,13492
687491415,2264651,13493
687195652,2264651,13494
687166988,2264651,13495
686263849,2264651,13496
686020283,2264651,13497
685999841,2264651,13498
685933686,2264651,13499
685882752,2264651,13500
685867506,2264651,13501
685593530,2264651,13502
685427739,2264651,13503
685380260,2264651,13504
685238179,2264651,13505
685159018,2264651,13506
685150152,2264651,13507
684957410,2264651,13508
684901693,2264651,13509
684452042,2264651,13510
683384405,2264651,13511
682595155,2264651,13512
681905214,2264651,13513
681571846,2264651,13514
681539809,2264651,13515
681481621,2264651,13516
679222162,2264651,13517
679046236,2264651,13518
678486907,2264651,13519
677389011,2264651,13520
676752429,2264651,13521
676461999,2264651,13522
676124135,2264651,13523
675144443,2264651,13524
674970089,2264651,13525
674943010,2264651,13526
674930323,2264651,13527
674878392,2264651,13528
674302611,2264651,13529
674120826,2264651,13530
673872907,2264651,13531
673825581,2264651,13532
673699283,2264651,13533
673388173,2264651,13534
673166067,2264651,13535
673165904,2264651,13536
673161848,2264651,13537
673139243,2264651,13538
673104435,2264651,13539
672559536,2264651,13540
672123646,2264651,13541
672075304,2264651,13542
671819202,2264651,13543
671528023,2264651,13544
671337753,2264651,13545
671069614,2264651,13546
671069520,2264651,13547
670616922,2264651,13548
670513507,2264651,13549
670410169,2264651,13550
670351034,2264651,13551
669596270,2264651,13552
669582535,2264651,13553
669511746,2264651,13554
668845197,2264651,13555
668809799,2264651,3657
668792842,2264651,13556
668746321,2264651,13557
668664607,2264651,13558
668650715,2264651,13559
668569582,2264651,13560
668353226,2264651,13561
668322723,2264651,13562
668281477,2264651,13563
668248617,2264651,13564
668059163,2264651,13565
668014774,2264651,13566
667746453,2264651,13567
667744232,2264651,13568
667732929,2264651,13569
667675015,2264651,13570
667637282,2264651,13571
667397725,2264651,8293
667330550,2264651,13572
667307109,2264651,13573
667269146,2264651,13574
667112882,2264651,13575
666984556,2264651,13576
666933209,2264651,13577
666633273,2264651,13578
666540967,2264651,13579
666277059,2264651,13580
665690807,2264651,13581
613355988,2264651,13582
613097595,2264651,13583
613068762,2264651,13584
611421656,2264651,13585
610448270,2264651,13586
610350507,2264651,8915
610223892,2264651,13587
609904759,2264651,13588
609823131,2264651,13589
1064904802,8856664,13590
1064903535,8856664,13591
1038956144,8856664,13592
747660299,8856664,13593
741279386,8856664,13594
741266251,8856664,13595
741262787,8856664,13596
740395911,8856664,13597
737244078,8856664,13598
737008821,8856664,13599
736986061,8856664,13600
736978037,8856664,13601
736964607,8856664,13602
732801194,8856664,13603
731128641,8856664,13604
724076118,8856664,13605
720617011,8856664,13606
720596618,8856664,13607
718798942,8856664,13608
715697031,8856664,13609
711057346,8856664,13610
707657444,8856664,13611
704593442,8856664,13612
695182096,8856664,13613
694533024,8856664,13614
693299694,8856664,13615
692239140,8856664,13616
685724942,8856664,13617
683013634,8856664,13618
680398785,8856664,13619
680328335,8856664,13620
676726965,8856664,13621
676704713,8856664,1965
675416283,8856664,13622
671276017,8856664,13623
669078561,8856664,13624
668314173,8856664,13625
668283542,8856664,13626
668259201,8856664,13627
610449981,8856664,13628
610405240,8856664,13629
606563850,8856664,13630
604880082,8856664,13631
604335757,8856664,13632
603770991,8856664,13633
597036957,8856664,13634
596678611,8856664,13635
596643717,8856664,13636
588226461,8856664,13637
751598287,13441867,13638
750934899,13441867,13639
744104243,13441867,13640
743871183,13441867,13641
734222318,13441867,13642
732531324,13441867,13643
726112827,13441867,13644
698413251,13441867,13645
607337503,13441867,13646
605375771,13441867,13647
569390557,13441867,13648
569231022,13441867,13649
566000425,13441867,13650
560896032,13441867,13651
560659711,13441867,13652
751701223,5539395,13653
748202952,5539395,13654
745076764,5539395,13655
742955285,5539395,13656
737990286,5539395,13657
732280897,5539395,13658
731822528,5539395,13659
727869890,5539395,13660
727207725,5539395,13661
726591645,5539395,13662
722956870,5539395,13663
722954195,5539395,13664
722285544,5539395,13665
721967344,5539395,13666
721121042,5539395,13667
721117009,5539395,13668
720337897,5539395,13669
720129326,5539395,13670
719835880,5539395,13671
719785490,5539395,13672
718665715,5539395,13673
718133879,5539395,13674
718124666,5539395,13675
716933960,5539395,13676
716634948,5539395,13677
715191012,5539395,13678
715028887,5539395,13679
714718381,5539395,13680
714682865,5539395,13681
714682598,5539395,13682
714507621,5539395,13683
714405728,5539395,13684
714391898,5539395,13685
714216205,5539395,13686
714111713,5539395,13687
714085987,5539395,13688
714070112,5539395,13689
708820000,5539395,13690
708810136,5539395,13691
694861487,5539395,13692
683204530,5539395,13693
677722219,5539395,13694
677589830,5539395,13695
676058767,5539395,13696
671385783,5539395,1278
669725866,5539395,13697
586203610,5539395,13698
585004384,5539395,13699
582040231,5539395,13700
576197483,5539395,13701
572451092,5539395,13702
570404546,5539395,13703
568580021,5539395,13704
564509648,5539395,13705
562872339,5539395,13706
562210617,5539395,13707
502827319,5539395,13708
500679608,5539395,13709
500024911,5539395,13710
499904623,5539395,13711
498899673,5539395,13712
496392068,5539395,13713
495877465,5539395,13714
492897178,5539395,13715
492512219,5539395,13716
492477469,5539395,13717
751563912,15019919,13718
750082575,15019919,13719
750076634,15019919,13720
749468094,15019919,13721
749389625,15019919,13722
749025912,15019919,13723
748198390,15019919,13724
748108582,15019919,13725
746191664,15019919,13726
746151006,15019919,13727
745179711,15019919,13728
744705110,15019919,13729
744296404,15019919,13730
744203813,15019919,13731
743713960,15019919,13732
740212118,15019919,13733
739958542,15019919,13734
739940021,15019919,13735
739232988,15019919,13736
738350260,15019919,13737
738207732,15019919,13738
738062591,15019919,13739
737565444,15019919,13740
737519357,15019919,13741
737207028,15019919,13742
736928486,15019919,13743
736660398,15019919,13744
736460000,15019919,13745
733697635,15019919,13746
733697576,15019919,13747
732355383,15019919,13748
732351914,15019919,13749
731917422,15019919,13750
730941232,15019919,13751
730219650,15019919,13752
729920648,15019919,13753
729515596,15019919,13754
729275398,15019919,13755
728987814,15019919,13756
728774888,15019919,13757
728543869,15019919,13758
728303965,15019919,13759
727992477,15019919,13760
727323545,15019919,13761
727063636,15019919,13762
723860533,15019919,13763
723501568,15019919,13764
722830249,15019919,13765
722505834,15019919,13766
721686864,15019919,13767
720625470,15019919,13768
720038904,15019919,13769
719172731,15019919,13770
718904009,15019919,13771
715472755,15019919,13772
714672742,15019919,13773
712767053,15019919,13774
708932436,15019919,13775
708107573,15019919,13776
707671890,15019919,13777
707307172,15019919,13778
702454698,15019919,13779
702080584,15019919,13780
701817408,15019919,13781
699712992,15019919,13782
698772093,15019919,13783
698013139,15019919,13784
697357898,15019919,13785
694287555,15019919,13786
693029903,15019919,13787
692039342,15019919,13788
690819888,15019919,13789
684741307,15019919,13790
682748718,15019919,13791
679051102,15019919,13792
677947036,15019919,13793
676226314,15019919,13794
676225698,15019919,5431
673605330,15019919,13795
673118973,15019919,13796
672987596,15019919,13797
671635503,15019919,13798
670699620,15019919,13799
669350608,15019919,13800
669079916,15019919,13801
667263530,15019919,13802
666938374,15019919,13803
666097032,15019919,13804
665879528,15019919,13805
665815421,15019919,13806
611518011,15019919,13807
743902464,12226320,13808
740253832,12226320,13809
739805158,12226320,13810
721125707,12226320,13811
718670844,12226320,13812
703214162,12226320,13167
702786721,12226320,13813
698346073,12226320,13814
697738659,12226320,13815
696749070,12226320,13816
691930530,12226320,13817
687801752,12226320,13818
687242442,12226320,13819
684251439,12226320,13820
683178567,12226320,13821
681460171,12226320,13822
679361480,12226320,13823
670665717,12226320,13824
670045587,12226320,13825
668650617,12226320,13826
621864465,12226320,13827
621260484,12226320,13828
620701314,12226320,13829
618097421,12226320,13830
615605925,12226320,13831
614476201,12226320,13832
613065046,12226320,13833
609049898,12226320,13834
608471016,12226320,13835
607015620,12226320,13836
606260799,12226320,13837
600153257,12226320,13838
594700432,12226320,13839
593652325,12226320,13840
592995647,12226320,13841
592986006,12226320,13842
749727924,15296299,13843
1015058596,13421912,13844
750543746,13421912,13845
749527718,13421912,1823
747424933,13421912,13846
747137196,13421912,13847
745916632,13421912,13848
742392359,13421912,13849
740767929,13421912,13850
740565498,13421912,13851
740247320,13421912,13852
739639102,13421912,13853
737018175,13421912,13854
736554456,13421912,13855
736538940,13421912,13856
734507623,13421912,13857
734251218,13421912,13858
734021532,13421912,13859
733413842,13421912,13860
733402311,13421912,13861
732956186,13421912,13862
732279451,13421912,13863
731966960,13421912,13864
731701820,13421912,13865
731541958,13421912,13866
727232797,13421912,13867
725877312,13421912,13868
724734800,13421912,13869
723613096,13421912,13870
723269876,13421912,13871
723208914,13421912,13872
721914519,13421912,13873
721758490,13421912,13874
721448794,13421912,13875
721434505,13421912,13876
721065991,13421912,13877
720893795,13421912,13878
720848374,13421912,13879
720814036,13421912,13880
719763934,13421912,13881
719618916,13421912,13882
719480622,13421912,13883
719143300,13421912,13884
717959093,13421912,13885
717928894,13421912,13886
715176900,13421912,13887
713576939,13421912,13888
712047523,13421912,8791
711534827,13421912,13889
710563433,13421912,13890
710045449,13421912,13891
709344849,13421912,13892
708168910,13421912,13893
707515525,13421912,13894
706877705,13421912,13895
705885663,13421912,13896
703870349,13421912,13897
700888160,13421912,13898
697420382,13421912,13899
692901523,13421912,13900
692631347,13421912,13901
692227639,13421912,13902
691453316,13421912,13903
691022029,13421912,13904
690621377,13421912,13905
689662748,13421912,13906
689113552,13421912,13907
688576683,13421912,13908
687816795,13421912,13909
687377320,13421912,13910
687022037,13421912,13911
685927597,13421912,13912
683440468,13421912,13913
682839504,13421912,13914
682690433,13421912,13915
682589455,13421912,13916
680601383,13421912,13917
680391353,13421912,13918
678094366,13421912,13919
676846238,13421912,13920
676533130,13421912,13921
676259815,13421912,13922
676061767,13421912,13923
675458553,13421912,13924
671358564,13421912,13925
670898237,13421912,13926
670663136,13421912,5044
669790826,13421912,13927
669631017,13421912,13928
669022214,13421912,13929
667415889,13421912,13930
666539067,13421912,13931
621866022,13421912,13932
621838751,13421912,13933
621316633,13421912,13934
621195741,13421912,13935
620500602,13421912,13936
620467658,13421912,13937
619052384,13421912,13938
618653794,13421912,13939
618091623,13421912,13940
617250597,13421912,13941
616950338,13421912,13942
616740594,13421912,13943
616673345,13421912,13944
614338716,13421912,13945
613500209,13421912,13946
612416972,13421912,11976
611826834,13421912,13947
610787613,13421912,13948
610440656,13421912,13949
610258841,13421912,13950
609606996,13421912,13951
609573242,13421912,13952
608758990,13421912,13953
603704435,13421912,13954
598674215,13421912,13955
594941248,13421912,13956
590829587,13421912,13957
588633915,13421912,13958
931379040,15278678,13959
926497189,15278678,13960
856332231,15278678,13961
720597755,15278678,13962
660540311,15278678,13963
660532506,15278678,13964
660526555,15278678,13965
660500507,15278678,13966
660499088,15278678,13967
660497895,15278678,13968
657118887,15278678,13969
643897025,15278678,13970
637926949,15278678,13971
637386314,15278678,13972
637211205,15278678,13973
637146342,15278678,13974
637146318,15278678,13975
751289461,8263413,13976
751053347,8263413,13977
750676747,8263413,13978
750676662,8263413,13979
750676550,8263413,13980
750550033,8263413,13981
750541701,8263413,13982
750539708,8263413,13983
750539587,8263413,13984
750539444,8263413,13985
750376045,8263413,13986
750196390,8263413,13987
750002005,8263413,13988
750001413,8263413,13989
750001303,8263413,13990
750000860,8263413,13991
750000384,8263413,13992
749817379,8263413,13993
749798742,8263413,13994
749798515,8263413,13995
749798379,8263413,13996
749798263,8263413,13997
749798095,8263413,13998
749638208,8263413,13999
749037135,8263413,14000
749036744,8263413,14001
748251494,8263413,14002
748244097,8263413,14003
748076681,8263413,14004
748071834,8263413,14005
748059310,8263413,14006
748057673,8263413,14007
748023807,8263413,14008
747858598,8263413,14009
747858305,8263413,14010
747671094,8263413,14011
747668410,8263413,14012
747451927,8263413,14013
747451537,8263413,14014
747323856,8263413,14015
747241101,8263413,14016
747239839,8263413,14017
747239831,8263413,14018
747230365,8263413,14019
747229930,8263413,14020
747172117,8263413,14021
746892550,8263413,14022
746890371,8263413,14023
746884043,8263413,14024
746871829,8263413,14025
746871252,8263413,14026
746792872,8263413,14027
746792120,8263413,14028
746791467,8263413,14029
746790762,8263413,14030
746626246,8263413,14031
746625730,8263413,14032
746624212,8263413,14033
746448014,8263413,14034
746434286,8263413,14035
746434195,8263413,14036
746434069,8263413,14037
746429360,8263413,14038
746426597,8263413,14039
746426460,8263413,14040
746426100,8263413,14041
746311983,8263413,14042
746301890,8263413,14043
746244195,8263413,14044
746201904,8263413,14045
746088060,8263413,14046
746061621,8263413,14047
746056617,8263413,14048
746031775,8263413,14049
746021897,8263413,14050
745848020,8263413,14051
745847317,8263413,14052
745835944,8263413,14053
745829892,8263413,14054
745826661,8263413,14055
745825851,8263413,14056
745824018,8263413,14057
745823970,8263413,14058
745823940,8263413,14059
745823863,8263413,14060
745536514,8263413,14061
745391144,8263413,14062
745383369,8263413,14063
745381346,8263413,14064
745378789,8263413,14065
745361284,8263413,14066
745189317,8263413,14067
745169645,8263413,14068
745154206,8263413,14069
745150345,8263413,14070
745150252,8263413,14071
744977525,8263413,14072
744976069,8263413,14073
744975939,8263413,14074
744975146,8263413,14075
744965590,8263413,14076
744958919,8263413,14077
744958796,8263413,14078
744958733,8263413,14079
744833225,8263413,14080
744832800,8263413,14081
744829054,8263413,14082
744776300,8263413,14083
744773195,8263413,14084
744756170,8263413,14085
744755835,8263413,14086
744546394,8263413,14087
744535641,8263413,14088
744530254,8263413,14089
744508795,8263413,14090
744508475,8263413,14091
744500861,8263413,14092
744263696,8263413,14093
744262449,8263413,14094
744261357,8263413,14095
744260323,8263413,14096
744260322,8263413,14097
744260089,8263413,14098
744251622,8263413,14099
744250507,8263413,14100
744050689,8263413,14101
744047714,8263413,14102
744039731,8263413,14103
744039004,8263413,14104
743853015,8263413,14105
743852697,8263413,14106
743661092,8263413,14107
743661023,8263413,14108
743661022,8263413,14109
743661014,8263413,14110
743629011,8263413,14111
743511629,8263413,14112
743487276,8263413,14113
743486752,8263413,14114
743479984,8263413,14115
743479966,8263413,14116
743184955,8263413,14117
743145332,8263413,14118
743144156,8263413,14119
743133996,8263413,14120
743123661,8263413,14121
743123541,8263413,14122
743123388,8263413,14123
743123231,8263413,14124
743122998,8263413,14125
742929555,8263413,14126
742929467,8263413,14127
742741161,8263413,14128
742739922,8263413,14129
742519451,8263413,14130
742511596,8263413,14131
742357594,8263413,14132
742355419,8263413,14133
742341456,8263413,14134
742170187,8263413,14135
742167991,8263413,14136
741711765,8263413,14137
741710434,8263413,14138
741677404,8263413,14139
741491281,8263413,14140
741266651,8263413,14141
741085385,8263413,14142
740916366,8263413,14143
740900447,8263413,14144
740756110,8263413,14145
740754783,8263413,14146
740752771,8263413,14147
740752768,8263413,14148
740752007,8263413,14149
740736475,8263413,14150
740735328,8263413,14151
740735084,8263413,14152
740734793,8263413,14153
740734775,8263413,14154
740734690,8263413,14155
740734667,8263413,14156
740371993,8263413,14157
740353303,8263413,14158
740353264,8263413,14159
740352696,8263413,14160
740232994,8263413,14161
740165131,8263413,14162
740137633,8263413,14163
740137565,8263413,14164
740114666,8263413,14165
739957012,8263413,14166
739937825,8263413,14167
739937733,8263413,14168
739808808,8263413,14169
739794595,8263413,14170
739744990,8263413,14171
739744329,8263413,14172
739744212,8263413,14173
739743838,8263413,14174
739635060,8263413,14175
739616459,8263413,14176
739587486,8263413,14177
739586575,8263413,14178
739586515,8263413,14179
739586425,8263413,14180
739586168,8263413,14181
739585190,8263413,14182
739583861,8263413,14183
739582639,8263413,14184
739581737,8263413,14185
739580867,8263413,14186
739577282,8263413,14187
739569902,8263413,14188
739568779,8263413,14189
739566746,8263413,14190
739455472,8263413,14191
739443121,8263413,14192
739427023,8263413,14193
739403501,8263413,14194
739394163,8263413,14195
739393668,8263413,14196
739239774,8263413,14197
739237586,8263413,14198
739218968,8263413,14199
739218446,8263413,14200
739208935,8263413,14201
739077604,8263413,14202
739068288,8263413,14203
739055988,8263413,14204
739055884,8263413,14205
739032266,8263413,14206
739031395,8263413,14207
739030275,8263413,14208
739027532,8263413,14209
739025603,8263413,7603
739025464,8263413,14210
739020235,8263413,14211
738857903,8263413,14212
738839292,8263413,14213
738829977,8263413,14214
738816511,8263413,14215
738816342,8263413,14216
738816140,8263413,14217
738815907,8263413,14218
738815673,8263413,14219
738809988,8263413,14220
738797713,8263413,14221
738796806,8263413,14222
738795673,8263413,14223
738795662,8263413,14224
738795374,8263413,14225
738275836,8263413,14226
738256319,8263413,14227
738252103,8263413,14228
738248243,8263413,14229
738230202,8263413,14230
738210796,8263413,14231
738210786,8263413,14232
738209403,8263413,14233
738183115,8263413,14234
738183014,8263413,14235
738182894,8263413,14236
738182650,8263413,14237
738139037,8263413,14238
738026761,8263413,14239
738022122,8263413,14240
737973818,8263413,14241
737785490,8263413,14242
737731248,8263413,14243
737504947,8263413,14244
737479529,8263413,14245
737478280,8263413,14246
737478114,8263413,14247
737478069,8263413,14248
737477322,8263413,14249
737468220,8263413,14250
737466618,8263413,14251
737462379,8263413,14252
737462321,8263413,14253
737247314,8263413,14254
737246986,8263413,14255
737246653,8263413,14256
737217920,8263413,14257
737217854,8263413,14258
737217250,8263413,14259
737216800,8263413,14260
737216725,8263413,14261
737208693,8263413,14262
737183674,8263413,14263
736954754,8263413,14264
736953813,8263413,14265
736953589,8263413,14266
736952357,8263413,14267
736806652,8263413,14268
736745919,8263413,14269
736745163,8263413,14270
736744845,8263413,14271
736743793,8263413,14272
736737285,8263413,14273
736695984,8263413,14274
736490258,8263413,14275
736482330,8263413,14276
736470611,8263413,14277
736463863,8263413,14278
736450665,8263413,14279
736449213,8263413,14280
736449169,8263413,14281
736440455,8263413,14282
736440312,8263413,14283
736436963,8263413,14284
736436873,8263413,14285
736436708,8263413,14286
736250778,8263413,14287
736212538,8263413,14288
736203570,8263413,14289
736202855,8263413,14290
736197121,8263413,14291
736196979,8263413,14292
734628750,8263413,14293
734624778,8263413,14294
734537359,8263413,14295
734536466,8263413,14296
734531268,8263413,14297
734531242,8263413,14298
734527308,8263413,14299
734523265,8263413,14300
734410542,8263413,14301
734402535,8263413,14302
734395172,8263413,14303
734395153,8263413,14304
734395045,8263413,14305
734240431,8263413,14306
734240148,8263413,14307
734239955,8263413,14308
734238476,8263413,14309
734204247,8263413,14310
734030494,8263413,14311
733995578,8263413,14312
733883999,8263413,14313
733883920,8263413,14314
733880276,8263413,14315
733879365,8263413,14316
733866679,8263413,14317
733865711,8263413,14318
733822072,8263413,14319
733748410,8263413,14320
733724696,8263413,14321
733716409,8263413,14322
733692971,8263413,14323
733683117,8263413,14324
733547706,8263413,14325
733532145,8263413,14326
733531580,8263413,14327
733529813,8263413,14328
733516664,8263413,14329
733516509,8263413,14330
733516457,8263413,14331
733506860,8263413,14332
733392457,8263413,14333
733345713,8263413,14334
733212151,8263413,14335
733166854,8263413,14336
733165063,8263413,9259
733155122,8263413,14337
733154952,8263413,14338
733154701,8263413,14339
733153446,8263413,14340
733152991,8263413,14341
733152927,8263413,14342
733152902,8263413,14343
733152864,8263413,14344
733152734,8263413,14345
732968691,8263413,10151
732966925,8263413,14346
732954998,8263413,14347
732954893,8263413,14348
732954056,8263413,14349
732953831,8263413,14350
732950193,8263413,14351
732783849,8263413,14352
732586986,8263413,14353
732573002,8263413,14354
732549490,8263413,14355
732549400,8263413,14356
732549273,8263413,14357
732548596,8263413,14358
732548568,8263413,14359
732199662,8263413,14360
732199074,8263413,14361
732198833,8263413,14362
732181080,8263413,14363
732177066,8263413,14364
732175490,8263413,14365
732175102,8263413,14366
732167998,8263413,14367
732167428,8263413,14368
731996461,8263413,14369
731995702,8263413,14370
731992798,8263413,14371
731992596,8263413,14372
731970385,8263413,14373
731956458,8263413,14374
731956175,8263413,14375
731768235,8263413,14376
731767278,8263413,14377
731766997,8263413,14378
731761617,8263413,14379
731760218,8263413,14380
731760062,8263413,14381
731753013,8263413,14382
731570722,8263413,14383
731570446,8263413,14384
731524341,8263413,14385
731490550,8263413,14386
731490218,8263413,14387
731486380,8263413,14388
731485912,8263413,14389
731292091,8263413,14390
731288474,8263413,14391
731288428,8263413,14392
731288323,8263413,14393
731288227,8263413,14394
731133412,8263413,14395
731123182,8263413,14396
731122392,8263413,14397
731119601,8263413,14398
731119432,8263413,14399
731116672,8263413,14400
731091158,8263413,14401
731090824,8263413,14402
731000595,8263413,14403
730949914,8263413,14404
730949753,8263413,14405
730928674,8263413,14406
730927467,8263413,14407
730927135,8263413,14408
730926997,8263413,14409
730926971,8263413,14410
730926915,8263413,14411
730926745,8263413,14412
730795884,8263413,14413
730747776,8263413,14414
730747559,8263413,14415
730747539,8263413,14416
730739760,8263413,14417
730678246,8263413,14418
730602887,8263413,14419
730574693,8263413,14420
730573398,8263413,14421
730549948,8263413,14422
730549711,8263413,14423
730549647,8263413,14424
730533275,8263413,14425
730533056,8263413,14426
730383073,8263413,14427
730382801,8263413,14428
730371853,8263413,14429
730370295,8263413,14430
730367180,8263413,14431
730359669,8263413,14432
730355884,8263413,14433
730152238,8263413,14434
730151499,8263413,14435
730147285,8263413,14436
730147187,8263413,14437
730146711,8263413,14438
730141553,8263413,14439
730141170,8263413,14440
730140237,8263413,14441
730139835,8263413,14442
730132049,8263413,14443
730026690,8263413,14444
729981656,8263413,14445
729981146,8263413,14446
729981067,8263413,14447
729978614,8263413,14448
729940083,8263413,14449
729928675,8263413,14450
729926801,8263413,14451
729926415,8263413,14452
729799282,8263413,14453
729743624,8263413,14454
729742940,8263413,14455
729741758,8263413,14456
729714295,8263413,14457
729713823,8263413,14458
729600858,8263413,14459
729534178,8263413,14460
729534125,8263413,14461
729514289,8263413,14462
729449146,8263413,14463
729379435,8263413,14464
729361040,8263413,14465
729349956,8263413,14466
729275573,8263413,14467
729192053,8263413,14468
729170928,8263413,14469
729164824,8263413,14470
729163790,8263413,14471
729152470,8263413,14472
728974084,8263413,14473
728962097,8263413,14474
728957659,8263413,14475
728957475,8263413,14476
728957466,8263413,14477
728957416,8263413,14478
728828442,8263413,14479
728823564,8263413,14480
728765183,8263413,14481
728726158,8263413,14482
728726079,8263413,14483
728720890,8263413,14484
728718751,8263413,14485
728505492,8263413,14486
728492083,8263413,14487
728491906,8263413,14488
728491487,8263413,14489
728118775,8263413,14490
728093502,8263413,14491
728082773,8263413,14492
728082746,8263413,14493
727921995,8263413,14494
727908736,8263413,14495
727902632,8263413,14496
727881963,8263413,14497
727880658,8263413,14498
727876526,8263413,14499
727874110,8263413,14500
727684820,8263413,14501
727667518,8263413,14502
727660143,8263413,14503
727659900,8263413,14504
727433994,8263413,14505
727433427,8263413,14506
727428265,8263413,14507
727265402,8263413,14508
727229983,8263413,14509
727227737,8263413,3267
727216147,8263413,14510
727216097,8263413,14511
727215919,8263413,14512
727215666,8263413,14513
727215518,8263413,14514
727207454,8263413,14515
727207031,8263413,14516
727206898,8263413,14517
727206878,8263413,14518
727206413,8263413,14519
727205800,8263413,14520
726964668,8263413,14521
726962547,8263413,14522
726962198,8263413,14523
726940605,8263413,14524
726940496,8263413,14525
726940392,8263413,14526
726940059,8263413,14527
726936722,8263413,14528
726761095,8263413,14529
726755172,8263413,14530
726744019,8263413,14531
726743812,8263413,14532
726743620,8263413,14533
726743326,8263413,14534
726737199,8263413,14535
726716467,8263413,14536
726714283,8263413,14537
726556136,8263413,14538
726543112,8263413,14539
726542540,8263413,14540
726532727,8263413,14541
726530633,8263413,14542
726529620,8263413,14543
726526889,8263413,14544
726526300,8263413,14545
726331293,8263413,14546
726315008,8263413,14547
726314058,8263413,14548
726306148,8263413,14549
726096947,8263413,14550
726077716,8263413,14551
726076030,8263413,14552
725874552,8263413,14553
725851712,8263413,14554
725834136,8263413,14555
725833497,8263413,14556
725833205,8263413,14557
725832860,8263413,14558
725828179,8263413,14559
725828166,8263413,14560
725827646,8263413,14561
725658580,8263413,14562
725604079,8263413,14563
725602782,8263413,14564
725592650,8263413,14565
725339194,8263413,14566
725320446,8263413,14567
725158520,8263413,14568
725146388,8263413,14569
725138780,8263413,14570
725120752,8263413,14571
725120206,8263413,14572
724903644,8263413,14573
724902148,8263413,14574
724894388,8263413,14575
724893193,8263413,14576
724892948,8263413,14577
724885109,8263413,14578
724686585,8263413,14579
724657715,8263413,14580
724634691,8263413,14581
724634315,8263413,14582
724634148,8263413,14583
724627591,8263413,14584
724627514,8263413,14585
724374464,8263413,14586
724351994,8263413,14587
724318314,8263413,14588
724292011,8263413,14589
724291398,8263413,14590
724050390,8263413,14591
723965369,8263413,14592
723714947,8263413,14593
723681089,8263413,14594
723680538,8263413,14595
723677410,8263413,14596
723676514,8263413,14597
723675078,8263413,14598
723674502,8263413,14599
723658900,8263413,14600
723452802,8263413,14601
723206579,8263413,14602
723204854,8263413,14603
723203281,8263413,14604
722962081,8263413,14605
722954210,8263413,14606
722953527,8263413,14607
722953188,8263413,14608
722952985,8263413,14609
722952606,8263413,14610
722753242,8263413,14611
722752033,8263413,14612
722498373,8263413,14613
722457895,8263413,14614
722457360,8263413,14615
722456427,8263413,14616
721844270,8263413,14617
721661005,8263413,14618
721473327,8263413,14619
721431195,8263413,14620
721430941,8263413,14621
721430682,8263413,14622
721409854,8263413,14623
721401720,8263413,14624
721247801,8263413,14625
721189692,8263413,14626
721105970,8263413,14627
721067428,8263413,14628
720919751,8263413,14629
720910892,8263413,14630
720910531,8263413,14631
720909510,8263413,14632
720909345,8263413,14633
720860480,8263413,14634
720860420,8263413,3286
720621122,8263413,14635
720620246,8263413,14636
720603159,8263413,14637
720602253,8263413,14638
720597518,8263413,14639
720437309,8263413,14640
720379853,8263413,14641
720376515,8263413,14642
720374207,8263413,14643
720335627,8263413,14644
720331530,8263413,14645
720331379,8263413,14646
720183878,8263413,14647
720096717,8263413,14648
720083105,8263413,14649
720080242,8263413,14650
720049969,8263413,14651
719868553,8263413,14652
719780469,8263413,14653
719779734,8263413,14654
719559345,8263413,14655
719270683,8263413,14656
719270541,8263413,14657
719270420,8263413,14658
719061932,8263413,14659
719043540,8263413,14660
718780810,8263413,14661
718756246,8263413,14662
718755810,8263413,14663
718744619,8263413,14664
718744239,8263413,14665
718743948,8263413,14666
718506984,8263413,14667
718498937,8263413,14668
718487754,8263413,14669
718471274,8263413,14670
718471187,8263413,14671
718158629,8263413,8780
718158257,8263413,14672
717860230,8263413,14673
717507549,8263413,14674
717490558,8263413,14675
717254017,8263413,14676
717233827,8263413,14677
717232858,8263413,14678
717232479,8263413,14679
717232297,8263413,14680
716905791,8263413,14681
716905660,8263413,14682
716903309,8263413,14683
716683727,8263413,14684
716607397,8263413,14685
716567624,8263413,14686
716566993,8263413,14687
716565917,8263413,14688
716467466,8263413,14689
716271899,8263413,14690
716248598,8263413,14691
716248528,8263413,14692
716218177,8263413,14693
716217628,8263413,14694
716199530,8263413,14695
716005604,8263413,14696
715978694,8263413,14697
715931493,8263413,14698
715670560,8263413,14699
715670335,8263413,14700
715632402,8263413,14701
715468525,8263413,14702
715453076,8263413,14703
715451409,8263413,14704
715450201,8263413,14705
715428952,8263413,14706
715421832,8263413,14707
715401385,8263413,14708
715388478,8263413,14709
715388229,8263413,14710
715157174,8263413,14711
715143235,8263413,14712
714973878,8263413,14713
714969245,8263413,14714
714961960,8263413,14715
714727914,8263413,14716
714694166,8263413,14717
714694073,8263413,14718
714678822,8263413,14719
714445931,8263413,14720
714424049,8263413,14721
714423562,8263413,14722
714398531,8263413,14723
714395892,8263413,14724
714104023,8263413,14725
714101957,8263413,14726
713809302,8263413,14727
713526721,8263413,14728
713525388,8263413,14729
713298842,8263413,14730
713283325,8263413,14731
713283063,8263413,14732
713282053,8263413,14733
713029088,8263413,14734
712652947,8263413,14735
712531607,8263413,14736
712530871,8263413,14737
712530782,8263413,14738
712530234,8263413,14739
712485078,8263413,14740
712484410,8263413,14741
712217174,8263413,14742
712212311,8263413,14743
712210264,8263413,14744
712193869,8263413,14745
712163560,8263413,14746
712161092,8263413,4631
712159652,8263413,14747
712142996,8263413,14748
711879017,8263413,14749
711872698,8263413,14750
711870833,8263413,14751
711864219,8263413,14752
711862145,8263413,14753
711683826,8263413,14754
711589057,8263413,14755
711588765,8263413,14756
711551849,8263413,14757
711550966,8263413,10779
711395469,8263413,14758
711031725,8263413,14759
711030696,8263413,14760
710880296,8263413,777
710598432,8263413,14761
710500369,8263413,14762
710497752,8263413,14763
710497132,8263413,14764
710437358,8263413,14765
710137063,8263413,14766
710135756,8263413,14767
710134835,8263413,14768
710129007,8263413,14769
710120463,8263413,14770
710115176,8263413,14771
709852656,8263413,14772
709852022,8263413,6859
709792285,8263413,14773
709566633,8263413,14774
709561083,8263413,14775
709558063,8263413,14776
709329000,8263413,14777
709307547,8263413,14778
709275830,8263413,14779
708747151,8263413,14780
708698870,8263413,14781
708459971,8263413,14782
708403094,8263413,14783
707380368,8263413,14784
706863920,8263413,1622
705182298,8263413,14785
704576551,8263413,14786
703608557,8263413,14787
703060046,8263413,14788
702755257,8263413,14789
702421012,8263413,14790
702088255,8263413,14791
702043064,8263413,14792
702010705,8263413,14793
701790425,8263413,14794
701682530,8263413,14795
701395016,8263413,14796
701313739,8263413,14797
701282513,8263413,14798
701259934,8263413,14799
701255595,8263413,14800
701254795,8263413,14801
700950935,8263413,14802
700947119,8263413,14803
700544321,8263413,14804
700540947,8263413,14805
700540868,8263413,14806
700142020,8263413,14807
699917740,8263413,14808
699911506,8263413,14809
699832534,8263413,14810
699831602,8263413,14811
699831380,8263413,14812
699782081,8263413,14813
699562583,8263413,14814
699475074,8263413,14815
699149161,8263413,14816
699111066,8263413,14817
699110935,8263413,14818
699110570,8263413,14819
698802092,8263413,14820
698790371,8263413,14821
698377653,8263413,14822
698377261,8263413,14823
698377135,8263413,14824
698376846,8263413,14825
698026940,8263413,14826
698026711,8263413,14827
698026089,8263413,14828
697998677,8263413,14829
697706857,8263413,14830
697691169,8263413,14831
697677054,8263413,14832
697370751,8263413,14833
697137380,8263413,14834
697105889,8263413,14835
696858722,8263413,14836
696830415,8263413,14837
696827319,8263413,5369
696826104,8263413,14838
696444680,8263413,14839
696411555,8263413,14840
695963577,8263413,14841
695962541,8263413,14842
695962391,8263413,14843
695953475,8263413,14844
695942213,8263413,14845
695941794,8263413,14846
695937473,8263413,14847
695934052,8263413,14848
695359335,8263413,14849
695357262,8263413,14850
695301779,8263413,14851
695117098,8263413,14852
695109733,8263413,14853
694851358,8263413,14854
694850878,8263413,14855
694850523,8263413,14856
694823301,8263413,14857
694822942,8263413,14858
694802775,8263413,14859
694559067,8263413,14860
694558137,8263413,14861
694313360,8263413,14862
693614945,8263413,14863
693609893,8263413,14864
693609799,8263413,14865
693440835,8263413,14866
692497354,8263413,14867
692235874,8263413,14868
692006069,8263413,14869
691977215,8263413,14870
691976684,8263413,14871
691921552,8263413,14872
691918418,8263413,14873
691918291,8263413,14874
691604267,8263413,14875
691583413,8263413,14876
691332038,8263413,14877
691058350,8263413,14878
691058157,8263413,14879
690085699,8263413,14880
690083110,8263413,14881
689991089,8263413,14882
689990707,8263413,14883
689970688,8263413,14884
689766502,8263413,14885
689734487,8263413,14886
689388455,8263413,14887
689244490,8263413,14888
689115070,8263413,14889
688853903,8263413,14890
688847972,8263413,14891
688579665,8263413,14892
688312555,8263413,10036
687979170,8263413,8064
686621358,8263413,14893
685888612,8263413,14894
685886803,8263413,14895
685619165,8263413,14896
685594875,8263413,14897
685397007,8263413,14898
685159061,8263413,14899
685094141,8263413,14900
683414779,8263413,14901
683332468,8263413,14902
683328043,8263413,14903
683070697,8263413,14904
683070639,8263413,14905
682062114,8263413,14906
679831840,8263413,14907
676515310,8263413,14908
672921331,8263413,14909
672714898,8263413,14910
672423933,8263413,14911
671517532,8263413,14912
670891106,8263413,14913
670370122,8263413,14914
670045898,8263413,13825
669636424,8263413,14915
669311792,8263413,14916
669311323,8263413,14917
668866203,8263413,14918
667991178,8263413,14919
667775789,8263413,14920
667753020,8263413,14921
667534937,8263413,14922
667130864,8263413,14923
666719219,8263413,14924
665872107,8263413,14925
637934291,8263413,14926
622082201,8263413,14927
622043632,8263413,14928
622036267,8263413,14929
622028905,8263413,14930
621722058,8263413,14931
621406017,8263413,14932
621332015,8263413,14933
621276425,8263413,14934
621250578,8263413,14935
621214553,8263413,14936
621213856,8263413,14937
621197559,8263413,14938
620902519,8263413,14939
620893956,8263413,14940
620673030,8263413,14941
620604412,8263413,14942
620467466,8263413,14943
620131361,8263413,14944
620111850,8263413,14945
619642629,8263413,14946
619638489,8263413,6354
619318127,8263413,14947
618085023,8263413,14948
618065780,8263413,8073
616870498,8263413,14949
616858148,8263413,14950
615908186,8263413,14951
614736163,8263413,14952
614277174,8263413,14953
614263526,8263413,14954
614261976,8263413,14955
614261329,8263413,14956
614261242,8263413,14957
613974636,8263413,14958
613684446,8263413,14959
610080883,8263413,14960
607549526,8263413,14961
590192072,8263413,14962
588826951,8263413,14963
586605270,8263413,14964
582548489,8263413,14965
582210592,8263413,14966
580544140,8263413,14967
576830035,8263413,14968
575767159,8263413,14969
572794491,8263413,14970
571871543,8263413,14971
520654948,8263413,14972
520647993,8263413,14973
723697995,16872213,14974
722063085,16872213,14975
686382214,16872213,14976
683419277,16872213,14977
678014037,16872213,13297
1065165000,2273094,14978
1064214195,2273094,14979
1057331977,2273094,14980
1054500483,2273094,14981
1050117103,2273094,14982
1046354994,2273094,14983
1040290544,2273094,14984
1035036948,2273094,14985
1029527234,2273094,14986
1026430011,2273094,14987
1026194826,2273094,14988
1026194125,2273094,14989
1026194086,2273094,14990
1024140181,2273094,14991
1022325274,2273094,14992
1019898181,2273094,14993
1016784461,2273094,14994
1016780768,2273094,14995
1016463288,2273094,14996
1016461981,2273094,14997
1016164278,2273094,14998
1015460635,2273094,14999
1014174273,2273094,15000
1014150183,2273094,15001
1013424167,2273094,15002
1013421541,2273094,15003
1013100132,2273094,15004
1013099119,2273094,15005
1011463874,2273094,15006
1011463561,2273094,15007
1011463351,2273094,15008
1011463166,2273094,15009
1010413875,2273094,15010
1008114795,2273094,15011
1008058410,2273094,15012
1007800602,2273094,15013
1005348844,2273094,15014
1005082317,2273094,15015
1005082229,2273094,15016
1001675943,2273094,15017
1001675841,2273094,15018
1001675654,2273094,15019
1000764074,2273094,15020
1000762228,2273094,15021
1000760974,2273094,15022
1000521976,2273094,15023
996231279,2273094,15024
994157811,2273094,15025
993320447,2273094,15026
991913921,2273094,15027
980959953,2273094,15028
980951827,2273094,15029
974498998,2273094,15030
972628609,2273094,15031
968083846,2273094,15032
968082412,2273094,15033
967370321,2273094,14999
967320043,2273094,15034
959426220,2273094,15035
959425977,2273094,15036
957316314,2273094,15037
956487147,2273094,15038
947920257,2273094,15039
947531876,2273094,15040
944223669,2273094,15041
943860445,2273094,15042
943849476,2273094,15043
940408057,2273094,15044
939699192,2273094,15045
939691310,2273094,15046
939551829,2273094,15047
937823833,2273094,15048
933987584,2273094,15049
933858843,2273094,15050
932244141,2273094,15051
932235546,2273094,15052
932235473,2273094,15053
866362261,2273094,15054
727292260,2273094,15055
727142863,2273094,15056
669271651,2273094,15057
614712056,2273094,15058
608387329,2273094,15059
604867131,2273094,5752
584349120,2273094,15060
575545338,2273094,15061
572592505,2273094,15062
570279214,2273094,15063
570111414,2273094,15064
562897533,2273094,15065
559738108,2273094,15066
544505847,2273094,15067
533622519,2273094,15068
532744679,2273094,15069
967520825,7767149,15070
731058964,7767149,11421
619871306,7767149,15071
618485746,7767149,15072
610320804,7767149,1955
606212198,7767149,15073
600353628,7767149,2886
583744503,7767149,15074
579146039,7767149,15075
572126666,7767149,15076
566169383,7767149,15077
564764330,7767149,15078
553482905,7767149,15079
552341117,7767149,15080
540752518,7767149,15081
538370611,7767149,15082
534994061,7767149,15083
363527549,7767149,15084
329360711,7767149,15085
750767876,17379413,15086
750199553,17379413,15087
749121745,17379413,15088
747669138,17379413,15089
747491558,17379413,1001
747484229,17379413,15090
746787360,17379413,15091
746637439,17379413,9833
746450103,17379413,15092
746444026,17379413,15093
745022704,17379413,15094
745005053,17379413,15095
744720579,17379413,15096
744136742,17379413,15097
740199036,17379413,15098
740183430,17379413,15099
740151765,17379413,15100
737866242,17379413,15101
737856379,17379413,15102
737842338,17379413,15103
736949094,17379413,15104
736947090,17379413,15105
734223086,17379413,15106
733268707,17379413,15107
731538237,17379413,15108
730717940,17379413,15109
730577632,17379413,15110
729766462,17379413,15111
729730048,17379413,15112
729316854,17379413,15113
729071408,17379413,15114
727909753,17379413,15115
727809613,17379413,15116
727042775,17379413,15117
726819728,17379413,15118
726549542,17379413,15119
726540358,17379413,15120
726109401,17379413,15121
722504229,17379413,15122
719733302,17379413,15123
716964835,17379413,12500
716605605,17379413,15124
716510650,17379413,15125
715678278,17379413,15126
714703792,17379413,15127
713807748,17379413,15128
713080095,17379413,15129
712931696,17379413,15130
712427887,17379413,15131
710436505,17379413,1657
709432570,17379413,15132
709176130,17379413,15133
707053679,17379413,1745
705531331,17379413,15134
705380697,17379413,15135
703822517,17379413,15136
703225270,17379413,15137
703000259,17379413,15138
695992687,17379413,15139
692613708,17379413,15140
689644400,17379413,15141
688301195,17379413,4939
687315564,17379413,15142
686675744,17379413,15143
682826522,17379413,15144
682486916,17379413,1235
680114482,17379413,15145
679596064,17379413,15146
679094697,17379413,11817
675975448,17379413,15147
675719995,17379413,10300
673506790,17379413,15148
670825407,17379413,15149
670659066,17379413,15150
670324724,17379413,15151
670260165,17379413,15152
669772106,17379413,15153
668905289,17379413,15154
668299471,17379413,15155
667849631,17379413,15156
667304606,17379413,15157
666748960,17379413,15158
666293803,17379413,15159
665769158,17379413,15160
638320924,17379413,15161
612114954,17379413,1770
611637040,17379413,15162
611451149,17379413,15163
607390457,17379413,15164
606599360,17379413,15165
605851837,17379413,15166
605637083,17379413,15167
605276579,17379413,15168
603892513,17379413,15169
602313853,17379413,15170
600925921,17379413,15171
597541069,17379413,15172
592348435,17379413,15173
585426279,17379413,15174
584584629,17379413,15175
582132235,17379413,15176
576987343,17379413,15177
574848122,17379413,15178
570063125,17379413,15179
569435630,17379413,15180
569036051,17379413,15181
1068761283,11918882,15182
1068476478,11918882,15183
1068335231,11918882,15184
1068160427,11918882,15185
1067725058,11918882,15186
1067466387,11918882,15187
1067466372,11918882,15188
1067140546,11918882,15189
1066906449,11918882,15190
1066403993,11918882,15191
1066401405,11918882,15192
1066091479,11918882,15193
1065032993,11918882,15194
1063965922,11918882,15195
1063690656,11918882,15196
1063682839,11918882,15197
1062784092,11918882,15198
1062223502,11918882,15199
1062223330,11918882,15200
1061311323,11918882,15201
1060678055,11918882,15202
1060548456,11918882,15203
1060548094,11918882,15204
1060548046,11918882,15205
1060418691,11918882,15206
1060417116,11918882,15207
1060416089,11918882,15208
1060415766,11918882,15209
1060303855,11918882,15210
1060300142,11918882,15211
1059915490,11918882,15212
1059407599,11918882,15213
1059282852,11918882,15214
1058630116,11918882,15215
1058516681,11918882,15216
1058511314,11918882,15217
1058278097,11918882,15218
1058014650,11918882,15219
1058014323,11918882,15220
1058014226,11918882,15221
1057903522,11918882,15222
1057090085,11918882,15223
1055426947,11918882,15224
1053941821,11918882,15225
1052559336,11918882,15226
1051388169,11918882,15227
1042110454,11918882,15228
1041864176,11918882,15229
1041862924,11918882,15230
1041396479,11918882,15231
1041288008,11918882,15232
1040967211,11918882,15233
1039439151,11918882,15234
1029707391,11918882,15235
1027795798,11918882,15236
1025641820,11918882,15237
1025641558,11918882,15238
1017413817,11918882,15239
1009968555,11918882,15240
1009808479,11918882,15241
953651829,11918882,15242
953526994,11918882,15243
953220997,11918882,15244
953220984,11918882,15245
929127121,11918882,15246
753412417,11918882,15247
751406904,11918882,15248
720366416,11918882,15249
641247251,11918882,89
627373509,11918882,15250
627365000,11918882,15251
508572011,11918882,15252
1046136323,26730795,15253
1010410757,26730795,15254
1050467048,13447187,15255
776426581,13447187,1456
751657239,13447187,1591
747339695,13447187,15256
746061900,13447187,15257
738917270,13447187,15258
734546477,13447187,1651
727909308,13447187,2367
722501291,13447187,15259
701211282,13447187,15260
688299056,13447187,3585
672019000,13447187,15261
666792060,13447187,850
633534324,13447187,15262
633316277,13447187,15263
632967758,13447187,15264
609031969,13447187,2247
604153607,13447187,15265
598795218,13447187,15266
598709105,13447187,15267
591779001,13447187,15268
586517017,13447187,2458
581229763,13447187,181
579627126,13447187,15269
564495647,13447187,15270
562824369,13447187,2279
751553619,3617391,15271
746760469,3617391,15272
743802603,3617391,15273
738341057,3617391,15274
736970627,3617391,15275
736668853,3617391,15276
736556161,3617391,15277
734549841,3617391,15278
733815927,3617391,3607
733461157,3617391,15279
733294590,3617391,15280
729513782,3617391,15281
728043144,3617391,15282
727621385,3617391,933
727481496,3617391,15283
726655401,3617391,15284
726011502,3617391,15285
725349788,3617391,15286
725328484,3617391,15287
725054560,3617391,15288
723984322,3617391,15289
723778326,3617391,15290
722895781,3617391,15291
721580701,3617391,15292
717241420,3617391,15293
716218364,3617391,15294
715587714,3617391,15295
713237955,3617391,15296
712878506,3617391,15297
712416604,3617391,15298
711154912,3617391,4659
710248995,3617391,7770
708080749,3617391,15299
707755440,3617391,15300
700149807,3617391,15301
699419155,3617391,15302
696236664,3617391,15303
693033306,3617391,15304
693032350,3617391,15305
692894221,3617391,15306
692542014,3617391,15307
688546966,3617391,15308
688321422,3617391,15309
688117245,3617391,15310
685887405,3617391,15311
679733172,3617391,15312
678572175,3617391,11492
677353231,3617391,15313
673606838,3617391,15314
672949243,3617391,15315
669124259,3617391,15316
667998365,3617391,15317
667765818,3617391,15318
667757890,3617391,15319
667562004,3617391,15320
666837106,3617391,15321
607849917,3617391,15322
603723593,3617391,15323
602298729,3617391,15324
602115044,3617391,15325
601703321,3617391,15326
598321843,3617391,15327
597538794,3617391,15328
596521021,3617391,15329
595415962,3617391,15330
594715928,3617391,15331
747298661,13442216,1001
734025945,13442216,15332
733019098,13442216,15333
730531405,13442216,15334
729183849,13442216,9902
717222367,13442216,15335
715382654,13442216,15336
711500103,13442216,15337
710050755,13442216,9988
705204064,13442216,14786
702721776,13442216,15338
700613908,13442216,15339
691556826,13442216,15340
690791115,13442216,15341
688586733,13442216,15342
688544385,13442216,15343
685571402,13442216,8398
684423831,13442216,15344
673843420,13442216,15345
665633511,13442216,15346
621608124,13442216,15347
614260437,13442216,15348
613990564,13442216,15349
611419719,13442216,15350
611273003,13442216,5736
607278643,13442216,15351
604809022,13442216,15352
603325655,13442216,15353
601299132,13442216,15354
601290874,13442216,15355
599545079,13442216,13838
595419843,13442216,15356
592839834,13442216,15357
592282726,13442216,15358
591688400,13442216,15359
589655186,13442216,15360
588357066,13442216,15361
587062661,13442216,15362
582934886,13442216,15363
562419144,13442216,15364
1047865729,34036748,15365
1047795161,34036748,15366
1047645576,34036748,15367
1047449361,34036748,13241
1047247942,34036748,15368
1047125999,34036748,15369
1045651417,34036748,15370
1045436452,34036748,15371
1045341389,34036748,15372
1045125504,34036748,15373
1043317533,34036748,15374
1043199060,34036748,15375
1043067280,34036748,15376
1042865299,34036748,15377
1038869388,33212849,15378
1068660006,33678444,15379
1068522355,33678444,15380
1068516188,33678444,15381
1068073844,33678444,15382
1068073591,33678444,15383
1068073586,33678444,15384
1067926494,33678444,15385
1067790647,33678444,15386
1067784556,33678444,15387
1067784535,33678444,15388
1067784229,33678444,15389
1067783924,33678444,15390
1067783885,33678444,15391
1067783509,33678444,15392
1067773168,33678444,15393
1067650752,33678444,15394
1067650726,33678444,15395
1067650125,33678444,15396
1067642956,33678444,15397
1067641133,33678444,15398
1067634725,33678444,15399
1067633898,33678444,15400
1067512572,33678444,15401
1067505421,33678444,15402
1067505219,33678444,15403
1067505129,33678444,15404
1067501492,33678444,15405
1067499336,33678444,15406
1067498401,33678444,15407
1067497137,33678444,15408
1067142793,33678444,15409
1067064933,33678444,15410
1066822533,33678444,15411
1066699466,33678444,15412
1066699418,33678444,15413
1066699377,33678444,15414
1066684796,33678444,15415
1065863272,33678444,15416
1065863251,33678444,15417
1065863160,33678444,15418
1065863145,33678444,15419
1065857589,33678444,15420
1065857331,33678444,15421
1065857290,33678444,15422
1065856680,33678444,15419
1065856288,33678444,15423
1065727464,33678444,15424
1065472229,33678444,15425
1065358842,33678444,15426
1065334452,33678444,15427
1065290798,33678444,15428
1065286901,33678444,15429
1064797164,33678444,15430
1064665705,33678444,15431
1064540742,33678444,15432
1064540713,33678444,15433
1064262073,33678444,15434
1064003473,33678444,15435
1064003324,33678444,15436
1063996022,33678444,15437
1063989322,33678444,15438
1063756111,33678444,15439
1063755694,33678444,15440
1063755646,33678444,15441
1063753886,33678444,15442
1063753448,33678444,15443
1063753423,33678444,15444
1063752867,33678444,15445
1063752645,33678444,15446
1063747867,33678444,15447
1063740270,33678444,15448
1063739765,33678444,15449
1063738773,33678444,15450
1063339302,33678444,15451
1063338760,33678444,15452
1063338377,33678444,15453
1063205155,33678444,15454
1063164793,33678444,15455
1063077151,33678444,15456
1063077105,33678444,15457
1063076980,33678444,15458
1062824238,33678444,15459
1062823761,33678444,15460
1062406667,33678444,15461
1062406599,33678444,15462
1062406511,33678444,15463
1062406116,33678444,15464
1062405745,33678444,15465
1062400160,33678444,15466
1062400022,33678444,15467
1062399949,33678444,15468
1062395858,33678444,15469
1062395790,33678444,15470
1062395252,33678444,15471
1062279066,33678444,15472
1062143601,33678444,15473
1062143549,33678444,15474
1062143421,33678444,15475
1062143418,33678444,15476
1062143111,33678444,15477
1062142770,33678444,15478
1062135373,33678444,15479
1061987441,33678444,6894
1061467931,33678444,15480
1061467706,33678444,15481
1061215560,33678444,15482
1061215268,33678444,15483
1061214913,33678444,15484
1061214882,33678444,15485
1060983522,33678444,15486
1059972140,33678444,15487
1059434060,33678444,15488
1058131733,33678444,15489
1058131455,33678444,15490
1058043460,33678444,15491
1057912819,33678444,15492
1057897047,33678444,6897
1057888046,33678444,15493
1057858624,33678444,15494
1057813735,33678444,15495
1057810492,33678444,15496
1057787957,33678444,6899
1057721923,33678444,15497
1057721861,33678444,15492
1057721821,33678444,15498
1057721753,33678444,15499
1057716510,33678444,15500
1057580141,33678444,15501
1057579657,33678444,15502
1057500197,33678444,15503
1057125427,33678444,15504
1057125297,33678444,15505
1057119895,33678444,15506
1057119645,33678444,15507
1056910238,33678444,15508
1056909986,33678444,15509
1056889802,33678444,15510
1056889573,33678444,15511
1056841585,33678444,15512
1056782216,33678444,15513
1056782056,33678444,15514
1056667577,33678444,15515
1056665130,33678444,15516
1056568913,33678444,15517
1056568313,33678444,15518
1056561786,33678444,15519
1056297316,33678444,15520
1056297313,33678444,15521
1055956932,33678444,15522
1055955688,33678444,15523
1055722953,33678444,15524
1055718097,33678444,15525
1055448522,33678444,15526
1055331201,33678444,15527
1055331042,33678444,15528
1055074103,33678444,15529
1055069797,33678444,15530
1055069518,33678444,15531
1055068406,33678444,15532
1055067766,33678444,15533
1055067760,33678444,15534
1055067223,33678444,15535
1055067015,33678444,15536
1055066861,33678444,15537
1055066769,33678444,15538
1054884314,33678444,15539
1054884159,33678444,15540
1054883559,33678444,15541
1054883551,33678444,15542
1054883419,33678444,15543
1054882361,33678444,15544
1054877841,33678444,15545
1054877709,33678444,15546
1054877591,33678444,15547
1054877447,33678444,15548
1054877281,33678444,15549
1054876059,33678444,15550
1054627640,33678444,15551
1054411889,33678444,15552
1054411139,33678444,15553
1054411035,33678444,15554
1054410711,33678444,15555
1054410112,33678444,15556
1054407112,33678444,15557
1054405566,33678444,15558
1054405006,33678444,15559
1054404775,33678444,15560
1054298500,33678444,15561
1054296556,33678444,15562
1054296375,33678444,15563
1054296351,33678444,15564
1054296223,33678444,15565
1054296039,33678444,15566
1054295674,33678444,15567
1054295640,33678444,15568
1054188066,33678444,15569
1054188017,33678444,15570
1054188002,33678444,15571
1054186745,33678444,15572
1054088081,33678444,15573
1054087836,33678444,15574
1054087193,33678444,15575
1054087012,33678444,15576
1054086966,33678444,15577
1054086949,33678444,15578
1054086589,33678444,15579
1054086488,33678444,15580
1054086436,33678444,15581
1054086393,33678444,15582
1054086318,33678444,15583
1054086266,33678444,15584
1053844235,33678444,15419
1053840876,33678444,15585
1053838951,33678444,15586
1053838926,33678444,15587
1053838917,33678444,15588
1053838712,33678444,15589
1053838609,33678444,15590
1053838607,33678444,15591
1053837899,33678444,15592
1053726292,33678444,15593
1053726122,33678444,15594
1053725671,33678444,15595
1053629578,33678444,15596
1053621435,33678444,15597
1053526968,33678444,15598
1053526518,33678444,15599
1053524769,33678444,15600
1053519601,33678444,15601
1053317918,33678444,15602
1053317677,33678444,15603
1053090621,33678444,15604
1053089921,33678444,15605
1053089737,33678444,15606
1053089449,33678444,15607
1053084000,33678444,15608
1053083714,33678444,15609
1052980667,33678444,15610
1052978565,33678444,15611
1052975702,33678444,15612
1052971137,33678444,15613
1052877601,33678444,15614
1052877220,33678444,15615
1052781693,33678444,15616
1052781685,33678444,15617
1052781570,33678444,15618
1052781556,33678444,15619
1052781554,33678444,15620
1052781284,33678444,15621
1052781243,33678444,15622
1052781145,33678444,15623
1052781049,33678444,15624
1052779920,33678444,15625
1052775761,33678444,15626
1052775383,33678444,15627
1052774616,33678444,15628
1052679453,33678444,15629
1052679386,33678444,15630
1052679243,33678444,15631
1052679167,33678444,15632
1052678771,33678444,15633
1052674559,33678444,15634
1052674031,33678444,15635
1052674029,33678444,15636
1052674020,33678444,15637
1052572439,33678444,15638
1052569466,33678444,15639
1052392773,33678444,15640
1052217569,33678444,15641
1052109109,33678444,15642
1052108455,33678444,15643
1052010137,33678444,15644
1052009230,33678444,15645
1052008922,33678444,15646
1052008907,33678444,15647
1052008637,33678444,8731
1052004134,33678444,8731
1051998265,33678444,15648
1051998063,33678444,15649
1051790605,33678444,15650
1051788656,33678444,15651
1051788654,33678444,15652
1051787391,33678444,15653
1051787226,33678444,15654
1051787083,33678444,15655
1051785834,33678444,15656
1051783835,33678444,15657
1051783299,33678444,15658
1051782959,33678444,15659
1051539470,33678444,15660
1051533961,33678444,15661
1051533081,33678444,15662
1051532599,33678444,15663
1051530695,33678444,15664
1051526741,33678444,15665
1049415141,33678444,15632
1049415031,33678444,15434
1049414952,33678444,15632
1049413268,33678444,15666
1049196290,33678444,15667
1049193731,33678444,15668
1049192345,33678444,15669
1049192027,33678444,15670
1049191782,33678444,15671
1049191537,33678444,15672
1048954405,33678444,15254
1048954126,33678444,15673
1048953395,33678444,15674
1048953201,33678444,15675
1048952765,33678444,15676
1048716867,33678444,15677
1048716779,33678444,15678
1048716273,33678444,15679
1048716115,33678444,15680
1048713319,33678444,15681
1048711821,33678444,15682
1048706678,33678444,15683
1048706612,33678444,15684
1048157538,33678444,15685
1048157536,33678444,15686
1048157507,33678444,15687
1048033072,33678444,15688
1048033021,33678444,15689
1048033001,33678444,15690
1048028864,33678444,15691
1048028501,33678444,15692
1048027927,33678444,15693
1048027922,33678444,15694
1048027561,33678444,15695
1047920366,33678444,15696
1047920155,33678444,15697
1047919857,33678444,15698
1047915094,33678444,15699
1047914882,33678444,15700
1047914596,33678444,15701
1047914364,33678444,15702
1047914200,33678444,15703
1047581670,33678444,15704
1047581152,33678444,15401
1047580766,33678444,15705
1047060138,33678444,15706
1047059836,33678444,15707
1047059272,33678444,15708
1047059027,33678444,15709
1047054032,33678444,15710
1047053998,33678444,15711
1047053840,33678444,15712
1046841179,33678444,15713
1046841137,33678444,15714
1046840837,33678444,15715
1046837470,33678444,15716
1046832049,33678444,15717
1046832043,33678444,15718
1046492466,33678444,15719
1046492293,33678444,15720
1046492174,33678444,15721
1046487412,33678444,15722
1046486778,33678444,15723
1046482422,33678444,15724
1046480458,33678444,15725
1046480449,33678444,15726
1046260249,33678444,15727
1046260195,33678444,15728
1046259936,33678444,15729
1046259814,33678444,15730
1046259644,33678444,15731
1046259461,33678444,15732
1046259403,33678444,15733
1046258613,33678444,15734
1046258384,33678444,15735
1046256597,33678444,15736
1046156659,33678444,15737
1046156627,33678444,15738
1046155284,33678444,15739
1046151576,33678444,15740
1046151495,33678444,15741
1046151223,33678444,15742
1046048234,33678444,15743
1046047446,33678444,15744
1046046246,33678444,15745
1046045801,33678444,15746
1046045758,33678444,15747
1046045493,33678444,15748
1046044994,33678444,15749
1046044085,33678444,15750
1045702404,33678444,15751
1045700522,33678444,15752
1045699943,33678444,15753
1045482314,33678444,15754
1045481409,33678444,15755
1045255690,33678444,15756
1044593285,33678444,15757
1044248092,33678444,15758
1043970989,33678444,15759
1043970768,33678444,15760
1043642522,33678444,15761
1043564147,33678444,15762
1043558572,33678444,15763
1043228517,33678444,15764
1043227139,33678444,15765
1042913241,33678444,15766
1042912252,33678444,15767
1042909770,33678444,15768
1040730322,33678444,15769
1040730086,33678444,15770
1040476043,33678444,15771
1040476036,33678444,15772
1040475551,33678444,15773
1040475439,33678444,15774
1038978009,33678444,15775
1038955112,33678444,15776
1038947632,33678444,15777
1038535021,33678444,15778
1035173145,33678444,15779
1034617442,33678444,15780
1033888560,33678444,15781
1021960699,33678444,15782
1021521715,33678444,15783
1021269043,33678444,15784
1019525397,33678444,15785
1018837728,33678444,15786
1018362015,33678444,15787
1017801577,33678444,15788
1017521064,33678444,15789
1017259505,33678444,15790
1017172098,33678444,15791
1016880524,33678444,15792
1016613061,33678444,15793
1016420035,33678444,15794
1008817686,33678444,15795
1008686434,33678444,15796
1006936900,33678444,15797
1001899882,33678444,15798
743666533,4480894,15799
718137092,4480894,15800
619184820,4480894,15801
610100095,4480894,15802
610098257,4480894,15803
610097624,4480894,15804
609790401,4480894,15805
607629708,4480894,15806
606355544,4480894,15807
606274629,4480894,15808
606236070,4480894,15809
602319208,4480894,15810
601965384,4480894,15811
601952001,4480894,15812
601744624,4480894,15813
600929943,4480894,15814
598256104,4480894,15815
591406050,4480894,15816
589667555,4480894,15817
588798282,4480894,15818
582309571,4480894,15819
580974215,4480894,15820
751274414,5982006,15821
743663828,5982006,15822
595404251,5982006,15823
560820618,5982006,15824
555994901,5982006,15825
555989330,5982006,15826
551474660,5982006,15827
488487278,5982006,15828
472117116,5982006,15829
466461906,5982006,15830
466252214,5982006,15831
1015782835,1307686,15832
750427343,1307686,15833
750278441,1307686,15834
749665361,1307686,15835
743083016,1307686,15836
741809002,1307686,15837
741600760,1307686,15838
740258397,1307686,15839
739011239,1307686,15840
729180969,1307686,12490
726312879,1307686,15841
724304696,1307686,15842
722896372,1307686,15843
705494339,1307686,15844
696953342,1307686,15845
695668611,1307686,15846
686509078,1307686,15847
673844293,1307686,15848
673830956,1307686,15849
671779459,1307686,15850
671578455,1307686,15851
668822968,1307686,15852
666606952,1307686,15853
609905627,1307686,13588
605136359,1307686,2611
602298920,1307686,15854
602255418,1307686,15855
601962790,1307686,15856
601938308,1307686,15857
601936596,1307686,15858
598757188,1307686,15859
590489184,1307686,15860
581719323,1307686,15861
579159183,1307686,15862
574128508,1307686,15839
1013829238,13006978,15863
1013683391,13006978,15864
736252302,13006978,15865
724728333,13006978,15866
722299273,13006978,15867
721112633,13006978,15868
721059861,13006978,15869
713789963,13006978,15870
712713655,13006978,15871
711631749,13006978,15872
691772660,13006978,15873
688858763,13006978,15874
688689445,13006978,15875
687229461,13006978,15876
675800418,13006978,15877
671048162,13006978,15878
601319863,13006978,15879
594844130,13006978,15880
590102443,13006978,15881
582667691,13006978,15882
579138548,13006978,15883
578477053,13006978,15884
578319868,13006978,15885
577766439,13006978,15886
576915438,13006978,15887
576147116,13006978,15888
1054362833,5501655,15889
746622474,5501655,15890
725764425,5501655,1848
711830143,5501655,15891
711117866,5501655,15892
687160783,5501655,15893
614283975,5501655,10137
607900625,5501655,13403
606287662,5501655,15894
605299802,5501655,15895
592312108,5501655,15896
584933953,5501655,15897
584728728,5501655,15898
582096247,5501655,15899
581421519,5501655,15900
566972805,5501655,15901
554717274,5501655,15902
545172879,5501655,15903
539290933,5501655,15904
747950430,17733614,15905
737731082,17733614,8489
736556968,17733614,15906
728553843,17733614,15907
721749724,17733614,15908
711393209,17733614,15909
709618175,17733614,15910
709025993,17733614,409
697285972,17733614,15911
695433241,17733614,15912
695403549,17733614,15913
694976914,17733614,15914
737552644,7339857,15915
727376128,7339857,780
727243474,7339857,15916
723197648,7339857,15917
723020399,7339857,15918
720541633,7339857,15919
718743292,7339857,15920
718028636,7339857,12666
711309789,7339857,9983
711127402,7339857,15921
710156736,7339857,15922
699255283,7339857,15923
690832061,7339857,15924
685914763,7339857,15925
675192579,7339857,15926
674701085,7339857,15927
670477484,7339857,15928
667802965,7339857,15929
620334324,7339857,15930
619820045,7339857,15931
619302087,7339857,15932
618846930,7339857,15933
617877933,7339857,11517
617037516,7339857,15934
616192970,7339857,15935
615668984,7339857,15936
614606753,7339857,15937
614541056,7339857,10319
611172769,7339857,15938
610832192,7339857,15939
610361336,7339857,15940
610238449,7339857,15941
610030087,7339857,15942
609596103,7339857,15943
609549312,7339857,15944
606856257,7339857,15945
605274164,7339857,15946
603203149,7339857,15947
601960910,7339857,15948
599868376,7339857,15949
599411984,7339857,15950
598915847,7339857,15951
598712863,7339857,15952
597769045,7339857,15953
597333248,7339857,15954
597310480,7339857,15955
597169918,7339857,15956
596619731,7339857,15957
592985690,7339857,15958
578191788,7339857,15959
739092006,7194403,15960
734391119,7194403,15961
713618632,7194403,15962
705183815,7194403,15963
694017795,7194403,15964
689374973,7194403,9649
689192401,7194403,15965
678231381,7194403,10081
674913212,7194403,15966
669575059,7194403,15967
619863000,7194403,15930
619351149,7194403,15968
619024186,7194403,15969
618424060,7194403,15970
615842179,7194403,15971
615577552,7194403,15972
614252534,7194403,15973
614033402,7194403,15974
612889844,7194403,15975
612468906,7194403,15976
612461674,7194403,15977
612211967,7194403,15978
612154838,7194403,15979
611931453,7194403,15980
611482736,7194403,15981
611259293,7194403,15982
610807008,7194403,15983
610547009,7194403,15984
610373947,7194403,15985
610370504,7194403,15986
610369624,7194403,15987
608836209,7194403,15988
608649949,7194403,15989
608284424,7194403,15990
607864045,7194403,15991
605472693,7194403,15992
604543643,7194403,15993
603158748,7194403,15994
602247058,7194403,15995
601397643,7194403,15996
598081323,7194403,15997
596681465,7194403,15998
595719171,7194403,15999
583552793,7194403,16000
577267477,7194403,16001
576996226,7194403,15992
574352684,7194403,16002
573216927,7194403,16003
507645760,7194403,16004
750933518,15681266,16005
750820273,15681266,16006
747913787,15681266,16007
747880694,15681266,16008
747880269,15681266,16009
745145503,15681266,16010
744782240,15681266,16011
744717068,15681266,16012
733827401,15681266,16013
732321420,15681266,16014
730940064,15681266,16015
730530947,15681266,16016
730419424,15681266,16017
728993474,15681266,16018
728917372,15681266,16019
728882215,15681266,16020
727209214,15681266,16021
724935536,15681266,16022
720393362,15681266,16023
713745756,15681266,16024
711857193,15681266,16025
711566225,15681266,16026
711557081,15681266,16027
709055879,15681266,10783
703507142,15681266,16028
702199517,15681266,1943
701748315,15681266,1914
694575688,15681266,16029
693676774,15681266,16030
690045702,15681266,16031
689380655,15681266,16032
683895319,15681266,16033
679617249,15681266,16034
729870617,5461656,16035
727440496,5461656,16036
726807072,5461656,16037
724719912,5461656,16038
723263015,5461656,16039
715646189,5461656,16040
713924058,5461656,16041
711405787,5461656,16042
711144605,5461656,16043
704003540,5461656,16044
702786470,5461656,16045
702057386,5461656,16046
696326031,5461656,16047
694622639,5461656,16048
685838546,5461656,16049
673790095,5461656,2447
671716679,5461656,16050
668480837,5461656,16051
584386037,5461656,16052
480422386,5461656,16053
471301875,5461656,16054
465214794,5461656,16055
1068311732,34064312,16056
1067997467,34064312,16057
1067199691,34064312,16058
1067011725,34064312,16059
1066134559,34064312,16060
1065863322,34064312,16061
1065169729,34064312,16062
1064621380,34064312,16063
1064471477,34064312,16064
1063767381,34064312,16065
1063336951,34064312,16066
1063082877,34064312,16067
1061764103,34064312,16068
1060909891,34064312,16069
1060644943,34064312,16070
1060580411,34064312,16071
1059949383,34064312,16072
1059823916,34064312,16073
1057894861,34064312,16074
1057894656,34064312,16075
1057783515,34064312,16076
1057623899,34064312,16077
1057485629,34064312,16078
1057244028,34064312,16079
1057098301,34064312,16080
1057066580,34064312,16081
1057003901,34064312,16082
1056198659,34064312,16083
1056195533,34064312,16084
1055956334,34064312,16085
1055579587,34064312,16086
1055105288,34064312,16087
1054889237,34064312,16088
1054886538,34064312,16089
1054702821,34064312,16090
1054236511,34064312,16091
1054024731,34064312,16092
1053858054,34064312,16093
1053585850,34064312,16094
1053424420,34064312,16095
1052683485,34064312,16096
1049732475,34064312,16097
1049620238,34064312,16098
1049529733,34064312,16099
1049485687,34064312,16100
1049152735,34064312,16101
1048897512,34064312,16102
1048693802,34064312,16103
1048667458,34064312,16104
1048554685,34064312,16105
1048459606,34064312,16106
737470917,6387515,16107
729731136,6387515,16108
718169591,6387515,16109
701345270,6387515,16110
700728157,6387515,16111
695781074,6387515,16112
690513529,6387515,15341
683041143,6387515,16113
613505621,6387515,16114
613477084,6387515,16115
613123165,6387515,16116
611737380,6387515,16117
611266348,6387515,16118
609568679,6387515,16119
608437105,6387515,16120
606630927,6387515,11535
606559990,6387515,16121
605516957,6387515,16122
604211816,6387515,16123
603866551,6387515,16124
603125127,6387515,16125
602257516,6387515,16126
601904888,6387515,16127
601324490,6387515,16128
596623758,6387515,16129
593999623,6387515,16130
591993357,6387515,16131
587522821,6387515,16132
1068304769,25234074,16133
1022492870,25234074,16134
962304597,25234074,16135
960445935,25234074,16136
959763936,25234074,16137
925926732,25234074,16138
925372668,25234074,16139
910240150,25234074,16140
877258914,25234074,16141
874332430,25234074,16142
729119193,17548235,16143
729117007,17548235,16144
751063918,11544014,16145
746462222,11544014,16146
745818972,11544014,16147
745208355,11544014,16148
734577337,11544014,16149
729535390,11544014,16150
714887796,11544014,16151
689605060,11544014,16152
675160204,11544014,16153
674773011,11544014,16154
667323395,11544014,16155
597172828,11544014,16156
563818791,11544014,16157
555779633,11544014,16158
522872134,11544014,16159
499525931,11544014,16160
497150738,11544014,16161
492840362,11544014,16162
474360249,11544014,16163
471769985,11544014,16164
749062053,2487716,16165
748133722,2487716,16166
747251637,2487716,16167
746899476,2487716,16168
743665415,2487716,16169
743506966,2487716,16170
742777278,2487716,16171
742300276,2487716,16172
742180447,2487716,16173
741419491,2487716,16174
741268998,2487716,16175
741074685,2487716,16176
739822571,2487716,16177
739535656,2487716,16178
737932906,2487716,16179
734624295,2487716,16180
734585761,2487716,16181
734449108,2487716,16182
734416434,2487716,16183
734369428,2487716,16184
733909906,2487716,16185
729731462,2487716,16186
727133068,2487716,16187
726314749,2487716,16188
723467783,2487716,16189
721413153,2487716,16190
720051068,2487716,16191
720048127,2487716,16192
718984267,2487716,16193
714949053,2487716,16194
714071315,2487716,16195
701999311,2487716,16196
701895715,2487716,16197
699181130,2487716,16198
696777199,2487716,16199
694289617,2487716,16200
694089423,2487716,16201
693955095,2487716,16202
693885220,2487716,16203
688878405,2487716,1757
688675948,2487716,16204
681715380,2487716,16205
678465060,2487716,16206
676925207,2487716,16207
676872121,2487716,16208
671735001,2487716,845
669390463,2487716,16209
669337147,2487716,16210
669223408,2487716,16211
668251738,2487716,16212
667782656,2487716,16213
667750098,2487716,16214
667620176,2487716,16215
613744541,2487716,16216
610406360,2487716,16217
607866736,2487716,16218
605192314,2487716,16219
604410927,2487716,16220
600763536,2487716,16221
600596939,2487716,16222
600311420,2487716,16223
597757164,2487716,16224
596845228,2487716,16225
851676727,24122789,16226
733057879,6429729,16227
726303748,6429729,16228
723975750,6429729,16229
679588370,6429729,16230
601257268,6429729,16231
588703477,6429729,16232
587954344,6429729,16233
587838857,6429729,16234
587723382,6429729,16235
587141871,6429729,16236
587112612,6429729,16237
574472878,6429729,16238
574123888,6429729,16239
562202945,6429729,16240
748203223,6560716,16241
744640408,6560716,16242
742870233,6560716,16243
742720215,6560716,16244
742669508,6560716,16245
742553741,6560716,16246
742337549,6560716,16247
741806923,6560716,16248
741084241,6560716,16249
740687765,6560716,16250
740109636,6560716,16251
739167662,6560716,16252
738247912,6560716,16253
734229753,6560716,16254
733457407,6560716,16255
733414178,6560716,16256
732639978,6560716,16257
732202724,6560716,16258
731425590,6560716,16259
731344875,6560716,16260
730272994,6560716,16261
729920393,6560716,16262
729753577,6560716,16263
728412327,6560716,16264
726632936,6560716,16265
726433781,6560716,16266
725142066,6560716,16267
724736593,6560716,16268
724660067,6560716,16269
724144558,6560716,16270
723734846,6560716,16271
722981180,6560716,10336
722411372,6560716,16272
721265665,6560716,16273
721253699,6560716,16274
719106549,6560716,16275
718795995,6560716,16276
718590248,6560716,16277
716035236,6560716,16278
714108943,6560716,16279
709806874,6560716,16280
705683528,6560716,3309
703865260,6560716,16281
699406616,6560716,16282
699087788,6560716,16283
695623694,6560716,16284
693429410,6560716,16285
692724413,6560716,16286
692218095,6560716,16287
688789409,6560716,16288
687150301,6560716,16289
682533972,6560716,16290
681171950,6560716,16291
679123324,6560716,16292
679096167,6560716,16293
678475803,6560716,16294
677894430,6560716,16295
677260067,6560716,10086
676915415,6560716,16296
673968079,6560716,16297
673868449,6560716,16298
671468575,6560716,16299
671090703,6560716,16300
670477478,6560716,16301
670188922,6560716,16302
668327548,6560716,16303
668227611,6560716,16304
667774288,6560716,16305
665834010,6560716,16306
607844195,6560716,16307
605917642,6560716,16308
604102283,6560716,16309
602558833,6560716,16310
602135197,6560716,16311
601508152,6560716,16312
600178960,6560716,16313
599923239,6560716,16314
599188837,6560716,2408
595511501,6560716,16315
594171152,6560716,16316
593897453,6560716,16317
592020858,6560716,16318
588697722,6560716,16319
587815673,6560716,16320
743151227,2435196,13101
741152261,2435196,16321
737998007,2435196,16322
733769116,2435196,16323
732170870,2435196,16324
731515825,2435196,16325
730796586,2435196,16326
726376253,2435196,16327
720654174,2435196,11948
717862879,2435196,16328
714724471,2435196,16329
713300693,2435196,16330
706854206,2435196,1323
702779774,2435196,16331
685683351,2435196,16332
682940787,2435196,16333
676325647,2435196,10978
671774693,2435196,16334
670268178,2435196,16335
666664957,2435196,16336
619106766,2435196,16337
617813743,2435196,16338
614096577,2435196,16339
613109925,2435196,16340
610191417,2435196,16341
610104852,2435196,16342
603864285,2435196,16124
597175531,2435196,16343
596580140,2435196,16344
596377938,2435196,16345
596308559,2435196,16346
596251278,2435196,16347
595722485,2435196,16348
588050191,2435196,16349
585203018,2435196,16350
582970415,2435196,16351
581836110,2435196,16352
574566295,2435196,16353
750046953,13391755,16354
747678808,13391755,16355
747678650,13391755,16356
747677935,13391755,16357
747677736,13391755,16358
746259381,13391755,16359
745548379,13391755,16360
745188240,13391755,16361
745186985,13391755,16362
745161400,13391755,16363
745156924,13391755,16364
745156207,13391755,16365
742037178,13391755,16366
742032486,13391755,16367
739757419,13391755,16368
739360111,13391755,16369
739359571,13391755,16370
734524401,13391755,16371
731301449,13391755,16372
730138571,13391755,16373
730138454,13391755,16374
730138380,13391755,16375
730138377,13391755,16376
730138353,13391755,16377
730138334,13391755,16378
730138313,13391755,16379
730138221,13391755,16380
728494277,13391755,16381
728493955,13391755,16382
728493857,13391755,16383
728493674,13391755,16384
728493481,13391755,16385
728493183,13391755,16386
728492593,13391755,16387
728293453,13391755,16388
728292629,13391755,16389
726945743,13391755,16390
725861055,13391755,16391
725841200,13391755,16392
724897922,13391755,16393
724894790,13391755,16394
716525207,13391755,16395
716522513,13391755,16396
716521268,13391755,16397
716518112,13391755,16398
716509757,13391755,16399
716508242,13391755,16400
716507584,13391755,16401
716504697,13391755,16402
715170496,13391755,16403
713309080,13391755,16404
711392952,13391755,16405
711021340,13391755,16406
710130788,13391755,16407
710130116,13391755,16408
709584294,13391755,16409
709349433,13391755,16410
709348084,13391755,16411
709345839,13391755,16412
709342313,13391755,16413
707460820,13391755,16414
707460211,13391755,16415
707458773,13391755,16416
707440060,13391755,16417
707438343,13391755,16418
707436841,13391755,16419
707435609,13391755,16420
707385037,13391755,16421
707383276,13391755,16422
707055258,13391755,16423
705851173,13391755,16424
704842053,13391755,16425
704819606,13391755,16426
704238723,13391755,16427
704170290,13391755,16428
702761221,13391755,16429
702760288,13391755,16430
701715108,13391755,16431
701456239,13391755,16432
701348861,13391755,16433
699160774,13391755,16434
699160005,13391755,16435
699158739,13391755,16436
698373533,13391755,16437
697423778,13391755,16438
697421807,13391755,16439
697421007,13391755,16440
697420030,13391755,16441
695961795,13391755,16442
695132047,13391755,16443
695131492,13391755,16444
693377505,13391755,16445
693330937,13391755,16446
693330443,13391755,16447
692228170,13391755,16448
691617683,13391755,16449
691617254,13391755,16450
691087421,13391755,16451
691086006,13391755,16452
691083403,13391755,16453
691081544,13391755,16454
691072863,13391755,16455
691071240,13391755,16456
691069826,13391755,16457
691062048,13391755,16458
690774554,13391755,16459
690774253,13391755,16460
690752922,13391755,16461
690328397,13391755,16462
689681013,13391755,16463
689395454,13391755,16464
689168255,13391755,16465
689165285,13391755,16466
689150483,13391755,16467
689147359,13391755,16468
688882807,13391755,16469
688820113,13391755,16470
687999339,13391755,16471
687383949,13391755,16472
687382157,13391755,16473
686954303,13391755,16474
686909297,13391755,16475
686900676,13391755,16476
685596889,13391755,16477
684660937,13391755,16478
684660824,13391755,16479
683391822,13391755,16480
683391402,13391755,16481
683360576,13391755,16482
683356985,13391755,16483
680337882,13391755,16484
679886765,13391755,16485
679885821,13391755,16486
678429520,13391755,16487
678236997,13391755,16488
677934588,13391755,16489
676041709,13391755,16490
675827750,13391755,16491
673364254,13391755,16492
673363898,13391755,16493
672025715,13391755,16494
671542571,13391755,16495
670867701,13391755,16496
669795055,13391755,16497
669793139,13391755,16498
669779574,13391755,16499
669554534,13391755,16500
668801550,13391755,16501
668794096,13391755,16502
668543716,13391755,16503
668206676,13391755,16504
668206231,13391755,5058
667980309,13391755,16505
667979940,13391755,16506
667979851,13391755,16507
667979628,13391755,16508
667094824,13391755,16509
666946869,13391755,16510
666945549,13391755,16511
666218391,13391755,16512
665883920,13391755,16513
665883747,13391755,16514
665883338,13391755,16515
665880799,13391755,16516
665865949,13391755,16517
613740932,13391755,16518
613343192,13391755,16519
613337459,13391755,16520
613330611,13391755,16521
611338817,13391755,16522
610851441,13391755,16523
610105655,13391755,16524
609405574,13391755,16525
609405464,13391755,16526
609405017,13391755,16527
1062081462,15522949,16528
1006423220,15522949,16529
1006421320,15522949,16530
1006416192,15522949,16531
986426573,15522949,16532
986426561,15522949,16533
986426153,15522949,16534
986425626,15522949,16535
981352640,15522949,16536
955297166,15522949,16537
1044130072,17604040,16538
1043672954,17604040,16539
1043205250,17604040,16540
1039615458,17604040,16541
743025914,17604040,16542
742888650,17604040,16543
737162856,17604040,16544
719788488,17604040,16545
693121507,17604040,16546
686727614,17604040,16547
673830569,17604040,16548
672571244,17604040,16549
671214782,17604040,16550
667441714,17604040,16551
667413959,17604040,16552
597085592,17604040,16553
594656322,17604040,16554
574307578,17604040,16555
569589654,17604040,16556
562690778,17604040,16557
556241151,17604040,16558
555808556,17604040,16559
553733231,17604040,16560
553320180,17604040,16561
551963461,17604040,16562
551414823,17604040,16563
540322243,17604040,16564
488536648,17604040,16565
964562073,2266103,16566
964561688,2266103,16567
964561195,2266103,16568
961001777,2266103,16569
961000670,2266103,16570
960999155,2266103,16571
960606190,2266103,16572
960605914,2266103,16573
960605092,2266103,16574
959135650,2266103,16575
959134476,2266103,16576
956636044,2266103,16577
744620437,2266103,16578
744307208,2266103,13329
741147518,2266103,16579
726808276,2266103,736
725674710,2266103,5847
708458811,2266103,16580
694929497,2266103,16581
692720852,2266103,16582
668000987,2266103,2448
666071006,2266103,16583
611211177,2266103,16584
610318214,2266103,1955
607032493,2266103,16585
591089306,2266103,16586
581921963,2266103,16587
576369831,2266103,16588
568687626,2266103,9788
559953008,2266103,16589
557019860,2266103,16590
692266690,14790505,16591
678071708,14790505,16592
750817201,3959210,16593
744798461,3959210,16594
728997160,3959210,16595
728537461,3959210,16596
724681637,3959210,16597
724168425,3959210,16598
724049844,3959210,16599
721202558,3959210,16600
698781050,3959210,16601
696943644,3959210,16602
670620018,3959210,16603
670235057,3959210,16604
605823728,3959210,16605
594005489,3959210,16606
584523587,3959210,16607
573176737,3959210,16608
568183464,3959210,16609
566821022,3959210,16610
565180815,3959210,16611
563110499,3959210,16612
560161868,3959210,16613
558599882,3959210,16614
743698046,2424536,16615
737756089,2424536,16616
733575201,2424536,16617
701306606,2424536,16618
679790504,2424536,16619
676923419,2424536,16620
674983494,2424536,16621
673346098,2424536,16622
668200751,2424536,16623
610168013,2424536,16624
598087171,2424536,16625
597460521,2424536,16626
589147030,2424536,16627
581971489,2424536,16628
580630849,2424536,16629
577034280,2424536,16630
576142776,2424536,16631
573378956,2424536,16632
750458375,8291676,16633
750351857,8291676,16634
747509434,8291676,16635
745428881,8291676,16636
745391670,8291676,16637
745164461,8291676,16638
743856922,8291676,16639
743682737,8291676,16640
742067968,8291676,16641
739687685,8291676,16642
734142337,8291676,16643
729951382,8291676,16644
729776234,8291676,16645
723864981,8291676,16646
722497634,8291676,16647
721638002,8291676,16648
720426713,8291676,16649
719630110,8291676,16650
719571357,8291676,16651
719549652,8291676,16652
715657415,8291676,16653
707510760,8291676,16654
703695124,8291676,16655
699941376,8291676,16656
693913949,8291676,16657
693060813,8291676,16286
688335036,8291676,16658
684100759,8291676,16659
682570876,8291676,16660
681353083,8291676,10066
674986338,8291676,16661
669346546,8291676,16662
667845188,8291676,16663
610517359,8291676,16664
609461334,8291676,16665
606725562,8291676,16666
598746129,8291676,16667
596393579,8291676,16668
595764257,8291676,16669
593873776,8291676,16670
593209388,8291676,16671
593195299,8291676,16672
589507334,8291676,16673
751388504,2435402,16674
749832893,2435402,16675
747887379,2435402,16676
746745596,2435402,16677
745169515,2435402,16678
741263419,2435402,16679
739280740,2435402,16680
732411738,2435402,16681
731118446,2435402,16682
730079745,2435402,16683
727535050,2435402,16684
701577142,2435402,16685
683063428,2435402,16686
671232999,2435402,16687
666220499,2435402,16688
598483278,2435402,16689
568029867,2435402,16690
562808964,2435402,16691
562491185,2435402,16692
561827856,2435402,16693
558718160,2435402,16694
558168269,2435402,16695
558019963,2435402,16696
557993468,2435402,16697
555141050,2435402,16698
749930032,12124708,16699
749836578,12124708,16700
748165254,12124708,16701
748162114,12124708,16702
748150555,12124708,16703
747880429,12124708,16704
746646403,12124708,16705
746193364,12124708,16706
745524227,12124708,16707
744266943,12124708,16708
743794083,12124708,16709
741872496,12124708,16710
740657275,12124708,16711
739542930,12124708,16712
738795541,12124708,16713
738313940,12124708,16714
737894515,12124708,16715
733088970,12124708,16716
731691733,12124708,16717
729884725,12124708,16718
728498900,12124708,16719
728453124,12124708,16720
727610883,12124708,16721
726256865,12124708,737
724890058,12124708,16722
721422093,12124708,16723
720054409,12124708,16724
705896601,12124708,16725
693082980,12124708,15305
674767583,12124708,16726
672895621,12124708,16727
667088616,12124708,16728
603851635,12124708,16729
602053729,12124708,16730
598685057,12124708,16731
596342425,12124708,16732
567841357,12124708,16733
567828337,12124708,16734
564149330,12124708,16735
564149242,12124708,16736
563243647,12124708,16737
562768175,12124708,16738
745469824,8765849,16739
742067222,8765849,16641
739173216,8765849,16740
737178476,8765849,16741
734236132,8765849,16742
733392700,8765849,16743
731538306,8765849,16744
731295596,8765849,720
731281415,8765849,16745
730083340,8765849,16746
728817315,8765849,16747
727224365,8765849,16748
725832131,8765849,16749
725421757,8765849,16750
724350630,8765849,71
718683477,8765849,16751
718470725,8765849,16752
716199562,8765849,16753
715386675,8765849,9960
714987249,8765849,16754
711138230,8765849,7770
710250844,8765849,16755
708805004,8765849,411
708784436,8765849,16756
708205642,8765849,16757
707840514,8765849,13809
707520538,8765849,16758
706542458,8765849,16759
701680532,8765849,16760
700279352,8765849,16761
699612660,8765849,16762
698375596,8765849,16763
697388258,8765849,1050
696435761,8765849,16764
692978266,8765849,16765
692304749,8765849,16766
691960758,8765849,16767
691106338,8765849,588
690800994,8765849,16768
690483224,8765849,16769
684896265,8765849,16770
684880667,8765849,16771
682174773,8765849,16772
682049285,8765849,16773
678780827,8765849,16774
676318172,8765849,16775
676292007,8765849,16776
675615695,8765849,16777
675607582,8765849,1266
675148979,8765849,16778
673815105,8765849,16779
671793701,8765849,16780
671548696,8765849,16781
670442195,8765849,16782
670188555,8765849,16783
669869824,8765849,16784
669413405,8765849,16785
669404254,8765849,16786
668288366,8765849,16787
667583303,8765849,16788
667054477,8765849,16789
666719212,8765849,16790
666603776,8765849,16791
666025754,8765849,16792
622031775,8765849,16793
620088611,8765849,16794
618424300,8765849,16795
618215121,8765849,16796
618149957,8765849,16797
617961057,8765849,16798
617867362,8765849,11825
617867214,8765849,16799
617793872,8765849,16800
617665579,8765849,16801
617274397,8765849,16802
616929873,8765849,16803
616663375,8765849,16804
616505212,8765849,16805
615323704,8765849,16806
615255611,8765849,16807
614819384,8765849,16808
613969162,8765849,16809
613124251,8765849,16810
612504584,8765849,16811
612249647,8765849,16812
610564872,8765849,16813
610242320,8765849,8870
610164027,8765849,16814
609792384,8765849,16815
609606785,8765849,16816
609420906,8765849,16817
1013929498,13871488,16818
1013283630,13871488,16819
1011579637,13871488,16820
970560995,13871488,16821
958059714,13871488,16822
889191596,13871488,16823
743140577,13871488,457
739953865,13871488,16824
737800991,13871488,16825
737779374,13871488,16826
732593326,13871488,16827
729379130,13871488,16828
726583613,13871488,16829
675103203,13871488,6282
666876851,13871488,16830
666831178,13871488,16831
640921099,13871488,16832
730766231,2226088,16833
722534816,2226088,2677
696370520,2226088,16834
671753418,2226088,16835
671531220,2226088,13544
667767399,2226088,15318
665956977,2226088,16836
665752971,2226088,16837
614136942,2226088,16838
612861986,2226088,16839
612407604,2226088,16840
611334802,2226088,16841
611211267,2226088,16842
610353180,2226088,16843
608174735,2226088,2014
607795767,2226088,16844
607546498,2226088,16845
745428150,18207039,16846
745193842,18207039,16847
744291377,18207039,16848
743534242,18207039,16849
738961610,18207039,16850
736490399,18207039,16851
732856163,18207039,16852
730922299,18207039,16853
729556070,18207039,16854
728962005,18207039,16855
728591765,18207039,16856
728254185,18207039,16857
724746191,18207039,16858
713659606,18207039,16859
713106794,18207039,16860
749580594,12204583,16861
749276452,12204583,16862
746400830,12204583,16863
746233214,12204583,16864
743882826,12204583,16865
743032299,12204583,16866
741556367,12204583,16867
741501123,12204583,16868
741374317,12204583,16869
741308918,12204583,16870
741115065,12204583,16871
740910566,12204583,16872
740247234,12204583,16873
738144780,12204583,16874
736184912,12204583,16875
734134595,12204583,16876
734043865,12204583,16877
733005364,12204583,16878
730880161,12204583,16879
728359893,12204583,16880
726891538,12204583,16881
726223709,12204583,16882
726034324,12204583,16014
725405062,12204583,16883
724769578,12204583,16884
723712489,12204583,16885
716519900,12204583,16886
713791771,12204583,16887
712969540,12204583,16888
710329825,12204583,16889
710164396,12204583,16890
709161380,12204583,16891
705194852,12204583,16892
696034799,12204583,16893
695193318,12204583,16894
691250582,12204583,16895
689389579,12204583,16896
688552443,12204583,16897
686365827,12204583,16898
684088135,12204583,16899
679551891,12204583,16900
678757228,12204583,16901
676262950,12204583,16902
673387010,12204583,16903
673118765,12204583,16904
672121264,12204583,16905
671339698,12204583,16906
670685097,12204583,16907
670631254,12204583,16908
667943634,12204583,16909
665635686,12204583,1920
613722194,12204583,16910
604853408,12204583,16911
602969673,12204583,16912
600008285,12204583,16913
599083589,12204583,16914
599042372,12204583,16915
598803807,12204583,16916
598334436,12204583,16917
595980351,12204583,16918
594924508,12204583,16919
926114662,26830472,16920
907094050,11612118,16921
863210435,11612118,16922
755714395,11612118,16923
751728829,11612118,16924
750938847,11612118,16925
750395938,11612118,16926
749879562,11612118,16927
749369279,11612118,16928
744777184,11612118,16929
743858343,11612118,16930
742244473,11612118,16931
738793512,11612118,16932
737240187,11612118,16933
736242860,11612118,16934
736183798,11612118,16935
731746544,11612118,16936
730397986,11612118,16937
726616762,11612118,16938
726553690,11612118,16939
726215994,11612118,16940
724828673,11612118,16941
723264698,11612118,16942
722448128,11612118,16943
722322048,11612118,16944
722062944,11612118,16945
721642595,11612118,16946
720976406,11612118,16947
720344832,11612118,16948
720054928,11612118,16949
712895768,11612118,16950
711287358,11612118,16951
708183757,11612118,16952
708047943,11612118,16953
704151916,11612118,16954
702672056,11612118,16955
702029718,11612118,16956
697926163,11612118,16957
697476311,11612118,16958
694603212,11612118,16959
690293735,11612118,16960
688329772,11612118,16961
688095993,11612118,16962
688001699,11612118,16963
687972689,11612118,16964
686111689,11612118,10719
685906326,11612118,16965
685674044,11612118,16966
683672973,11612118,16967
683541383,11612118,16968
682085330,11612118,16969
682054535,11612118,16970
681571465,11612118,16971
681387039,11612118,16972
680647137,11612118,16973
680174812,11612118,16974
679671790,11612118,16975
677517440,11612118,16976
674302600,11612118,16977
673564577,11612118,16978
673395581,11612118,16979
672967417,11612118,16980
671468544,11612118,16981
671006226,11612118,16982
670835670,11612118,16983
670115583,11612118,16984
669762035,11612118,16985
666836683,11612118,16986
608777950,11612118,16987
608674966,11612118,16988
605124125,11612118,16989
595867431,11612118,16990
595857997,11612118,16991
590491366,11612118,16992
588860708,11612118,16993
584270463,11612118,16994
583187171,11612118,16995
737749116,12508941,16996
734074777,12508941,16997
733147559,12508941,16998
728917920,12508941,4360
711096085,12508941,16999
710808391,12508941,17000
710808253,12508941,17001
710807430,12508941,17002
710805084,12508941,17003
709833710,12508941,17004
705877551,12508941,17005
698553005,12508941,17006
697755031,12508941,17007
684906481,12508941,17008
681675258,12508941,17009
601305639,12508941,17010
601170028,12508941,17011
596871535,12508941,17012
594908866,12508941,17013
594731833,12508941,17014
587645676,12508941,17015
587426249,12508941,17016
584334143,12508941,17017
584303007,12508941,17018
584114891,12508941,17019
740196859,14025564,17020
739728525,14025564,17021
734058223,14025564,17022
723431797,14025564,17023
619952534,14025564,17024
605341096,14025564,17025
605335099,14025564,17026
604340168,14025564,17027
584364000,14025564,17028
582914641,14025564,17029
582401817,14025564,17030
696606341,1997306,17031
695130151,1997306,17032
694115731,1997306,17033
693603338,1997306,17034
673324638,1997306,17035
476703628,1997306,17036
726538446,17762416,17037
697079787,17762416,17038
693416160,17762416,17039
693299606,17762416,17040
691590940,17762416,17041
1059031306,28110943,17042
1057123019,28110943,17043
955093839,28043812,17044
1052233121,23470134,17045
985648036,23470134,17046
894800600,23470134,17047
870385315,23470134,17048
870384510,23470134,17049
870374926,23470134,17050
867975248,23470134,17051
866618062,23470134,17052
866290713,23470134,17053
864169264,23470134,17054
864168990,23470134,17055
751787627,7065652,17056
749141249,7065652,14014
745373244,7065652,17057
733148122,7065652,17058
728753998,7065652,17059
728346335,7065652,17060
702421110,7065652,17061
701258252,7065652,17062
696966686,7065652,17063
695139619,7065652,7783
692251924,7065652,17064
688620320,7065652,17065
676697576,7065652,4996
675699006,7065652,17066
675465591,7065652,17067
673856913,7065652,17068
672688251,7065652,17069
613746207,7065652,17070
612325358,7065652,7627
610056110,7065652,17071
605893295,7065652,17072
595710791,7065652,17073
583765464,7065652,17074
578638206,7065652,17075
576515771,7065652,17076
569194274,7065652,17077
568356573,7065652,17078
567414006,7065652,17079
567409863,7065652,17080
566430492,7065652,17081
556459933,7065652,17082
741317043,12250546,17083
740560935,12250546,17084
730325449,12250546,17085
692294886,12250546,17086
686587094,12250546,17087
679917297,12250546,17088
679217903,12250546,17089
669563064,12250546,17090
583341443,12250546,17091
570754004,12250546,17092
560073247,12250546,17093
555985480,12250546,17094
550603134,12250546,17095
550469313,12250546,17096
540706513,12250546,17097
535109663,12250546,17098
727613330,17600319,17099
704807507,17600319,17100
956771982,26867653,17101
933982707,15592663,17102
890643652,15592663,17103
1068226489,34418206,17104
1068222683,34418206,17105
1068055209,34418206,17106
1068054088,34418206,17107
1068047395,34418206,17108
1067943317,34418206,17109
1067753122,34418206,17110
1067500599,34418206,17111
1067500500,34418206,17112
1068746200,34495164,17113
1068647281,34495164,17114
1068491894,34495164,17115
1068198831,34495164,17116
1068182072,34495164,17117
1067727365,34495164,17118
1067481614,34495164,17119
1066945518,34495164,17120
1066945286,34495164,17121
1066817647,34495164,17122
1066797869,34495164,17123
1066787334,34495164,17124
1066783061,34495164,17125
1066782110,34495164,17126
1066781251,34495164,17127
1066781072,34495164,17128
1066780704,34495164,17129
1066780097,34495164,17130
1066779290,34495164,17131
1066777446,34495164,17132
1066775460,34495164,17133
1066773788,34495164,17134
1066773301,34495164,17135
1066773055,34495164,17136
1066772839,34495164,17137
1066811116,25406507,17138
1055276514,25406507,17139
1055276422,25406507,17139
1047128401,25406507,17140
973970091,25406507,17141
971823114,25406507,17142
887702500,25406507,17143
1044067062,33007917,17144
1044066425,33007917,17145
1027151360,33007917,17146
1017621578,33007917,17147
1017468842,33007917,17148
1015667900,33007917,17149
1014900321,33007917,17150
1012532520,33007917,17151
1010918278,33007917,17152
1010578719,33007917,17153
1010578417,33007917,17154
1009966167,33007917,17155
1008774661,33007917,2697
1008515396,33007917,17156
1007650356,33007917,17157
1007436777,33007917,17158
1006662100,33007917,17159
1005981277,33007917,17160
1005628825,33007917,17161
1005591273,33007917,17162
1004349662,33007917,17163
1002179603,33007917,17164
1002168175,33007917,17165
1002165352,33007917,2709
1001934895,33007917,17166
1001152580,33007917,17167
1001149763,33007917,17168
1001003822,33007917,6686
760381491,8810040,17169
750716790,8810040,17170
749963988,8810040,17171
744223899,8810040,17172
743683968,8810040,17173
742931147,8810040,17174
736248391,8810040,17175
726951126,8810040,17176
712034732,8810040,17177
674132481,8810040,17178
671227158,8810040,17179
588281778,8810040,17180
580972662,8810040,17181
580025784,8810040,17182
578246526,8810040,17183
578236042,8810040,17184
578232037,8810040,17185
578179298,8810040,17186
573654597,8810040,17187
573627848,8810040,17188
490860216,8810040,17189
1045688405,30236236,17190
1042461308,30236236,17191
1040871681,30236236,17192
998214651,30236236,17193
998101364,30236236,17194
998101055,30236236,11189
994811258,30236236,11192
993894998,30236236,17195
993865874,30236236,17196
993860901,30236236,17197
993746508,30236236,10433
870574697,16159007,17198
727830091,16159007,1731
710457547,16159007,395
616586301,16159007,17199
589643526,16159007,17200
719314447,4237570,17201
717878674,4237570,17202
602618099,4237570,17203
601663142,4237570,17204
594839395,4237570,17205
561393917,4237570,17206
561250104,4237570,17207
561127343,4237570,17208
547505127,4237570,17209
475508610,4237570,17210
470417880,4237570,17211
936142815,12150062,1846
742989020,12150062,17212
742572080,12150062,17213
714663320,12150062,17214
690964653,12150062,17215
688842300,12150062,17216
687012686,12150062,1230
676466938,12150062,17217
665723449,12150062,17218
613428064,12150062,17219
611152777,12150062,17220
610316153,12150062,17221
609045692,12150062,2549
607925412,12150062,17222
606399380,12150062,17223
605631037,12150062,17224
597178332,12150062,17225
594841957,12150062,17226
594359394,12150062,17227
957378659,27105186,17228
957376903,27105186,17229
956818658,27105186,17230
956185273,27105186,17231
956168708,27105186,17232
954976079,27105186,17233
954885705,27105186,17234
954628680,27105186,17235
954532959,27105186,17236
954520427,27105186,17237
953843701,27105186,17238
953829399,27105186,17239
953695746,27105186,17240
953682392,27105186,17241
953681611,27105186,17242
953652065,27105186,17243
952730715,27105186,17244
952730399,27105186,17245
952669034,27105186,17246
952434896,27105186,17247
952256281,27105186,17248
952153019,27105186,17249
951867847,27105186,17250
951711618,27105186,17251
951706178,27105186,17252
951699317,27105186,17253
951599230,27105186,17254
951344565,27105186,17255
950934276,27105186,17256
950917763,27105186,17257
949958071,27105186,17258
948867676,27105186,17259
948250459,27105186,17260
932742346,27105186,17261
742988050,14086619,17262
732400503,14086619,17263
731983057,14086619,17264
729974280,14086619,17265
722408797,14086619,17266
722324861,14086619,17267
714465792,14086619,17268
711604183,14086619,17269
707951947,14086619,17270
703561772,14086619,17271
701491248,14086619,17272
698186834,14086619,17273
693689059,14086619,17265
692760721,14086619,17274
688074475,14086619,17275
682334672,14086619,17276
682332908,14086619,17277
674346575,14086619,17278
672048156,14086619,17279
668540172,14086619,17280
608251365,14086619,17281
601642013,14086619,17282
599774944,14086619,17283
597128303,14086619,17284
595457950,14086619,17285
593181399,14086619,17286
588193783,14086619,17287
587324930,14086619,17288
586815013,14086619,17289
581134956,14086619,17290
732673014,12387550,717
684341175,12387550,1235
604683376,12387550,17291
598328839,12387550,17292
583531054,12387550,17293
583236322,12387550,17294
582770109,12387550,17295
581966710,12387550,17296
580763792,12387550,17297
576394429,12387550,17298
499069957,12387550,17299
488744038,12387550,17300
760328838,19331065,17301
738371607,19331065,17302
734395440,19331065,17303
729019221,19331065,17304
728583806,19331065,17305
728499254,19331065,17306
725890355,19331065,17307
961002734,12829824,16569
960999591,12829824,16571
956635879,12829824,16577
956630997,12829824,17308
732769763,12829824,17309
728783368,12829824,17310
728715560,12829824,17311
726798450,12829824,17312
726772300,12829824,17313
724867117,12829824,17314
724394472,12829824,17315
723427320,12829824,17316
723155382,12829824,17317
723008612,12829824,17318
723000651,12829824,17319
717824283,12829824,17320
716508684,12829824,17321
714027487,12829824,17322
710694370,12829824,17323
703590414,12829824,17324
702388616,12829824,17325
702034262,12829824,17326
702008737,12829824,17327
700112220,12829824,17328
697063780,12829824,17329
696372178,12829824,17330
696085278,12829824,17331
695230220,12829824,17332
692828846,12829824,17333
692297306,12829824,17334
691594312,12829824,17335
689596562,12829824,17336
688296341,12829824,17337
684143307,12829824,17338
682938158,12829824,17339
681918432,12829824,17340
681879921,12829824,17341
680059033,12829824,17342
678292486,12829824,17343
675477728,12829824,17344
675227731,12829824,17345
673956027,12829824,17346
672348392,12829824,17347
671050883,12829824,17348
667318943,12829824,17349
666218949,12829824,8847
665989777,12829824,17350
605991303,12829824,17351
601993517,12829824,17352
599862615,12829824,17353
597569746,12829824,17354
594811858,12829824,17355
591662134,12829824,17356
582538040,12829824,17357
576335250,12829824,17358
748242362,8009540,17359
747093687,8009540,12441
733227727,8009540,17360
731932670,8009540,17361
731871406,8009540,12474
730509310,8009540,17362
717858512,8009540,17363
695908600,8009540,17364
591314368,8009540,17365
573835611,8009540,17366
572763981,8009540,17367
568491206,8009540,17368
567708325,8009540,17369
566249050,8009540,17370
565963142,8009540,17371
558718901,8009540,17372
553746370,8009540,17373
536497837,8009540,17374
726548451,17282150,17375
704269315,17282150,17376
700198578,17282150,4744
691922437,17282150,17377
682165230,17282150,17378
682162943,17282150,17379
679678140,17282150,17380
679676630,17282150,17381
673204127,17282150,17382
667627591,17282150,17383
665835835,17282150,17384
716693913,11435831,7611
708076881,11435831,17385
668933576,11435831,17386
610357830,11435831,17387
610210438,11435831,17388
608882886,11435831,17389
590702646,11435831,17390
563075181,11435831,17391
542572866,11435831,17392
541883854,11435831,17393
528461176,11435831,17394
477049687,11435831,17395
468864633,11435831,7611
455498343,11435831,312
989647890,32811188,17396
989358512,32811188,17397
988720528,32811188,17398
988707592,32811188,17399
988469378,32811188,17400
988469239,32811188,17401
988468658,32811188,17402
988382048,32811188,17403
988254206,32811188,17404
988248661,32811188,17405
972601886,27926877,17406
972091575,27926877,17407
972085156,27926877,17408
954896815,27926877,17409
1043697443,25257326,17410
878328109,25257326,17411
875029719,25257326,17412
1052785686,34262636,8227
977077739,28016792,17413
967202075,28016792,17414
748088583,16698454,17415
743873299,16698454,17416
740368106,16698454,17417
738854578,16698454,17418
736910076,16698454,2833
732620515,16698454,17419
729968093,16698454,17420
728746638,16698454,17421
728531354,16698454,17422
726710053,16698454,17423
726612324,16698454,17424
718850317,16698454,17425
714152837,16698454,17426
711922483,16698454,17427
702407727,16698454,17428
693397435,16698454,17429
693153260,16698454,17430
688588200,16698454,17431
687444042,16698454,17432
683093253,16698454,11486
676982735,16698454,17433
675846799,16698454,17434
673200877,16698454,17435
671491089,16698454,17436
670798564,16698454,821
667157975,16698454,17437
1068733058,33116956,17438
1068033762,33116956,17439
1067895236,33116956,17440
1067895109,33116956,17441
1067458079,33116956,17442
1065821235,33116956,17443
1064958019,33116956,17444
1064954550,33116956,17445
1064953322,33116956,17446
1064952879,33116956,17447
1064018667,33116956,17448
961862033,26923954,17449
961861335,26923954,17450
961860233,26923954,17451
961859801,26923954,17452
961859325,26923954,17453
957377272,26923954,17229
956676469,26923954,17454
956675845,26923954,17455
955647491,26923954,17456
955078898,26923954,17457
954223301,26923954,17458
953700331,26923954,17459
953561566,26923954,17460
953378733,26923954,17461
952826283,26923954,17462
952811345,26923954,17463
952811087,26923954,17464
952708614,26923954,17465
952370922,26923954,17466
952136379,26923954,17467
952106546,26923954,17468
951987605,26923954,17469
951490735,26923954,17470
948866847,26923954,17259
948730505,26923954,17471
948722159,26923954,17472
948721716,26923954,17473
702536195,4223482,17474
694260353,4223482,17475
687048869,4223482,17476
608496773,4223482,17477
601110744,4223482,17478
552601279,4223482,17479
519723839,4223482,17480
499083493,4223482,17481
493209982,4223482,17482
472537751,4223482,17483
472138668,4223482,17484
465886735,4223482,17485
734539035,17427697,17486
734530282,17427697,17487
734289885,17427697,17488
715758110,5991449,17489
703942558,5991449,17490
597197132,5991449,17491
587352735,5991449,17492
581662899,5991449,17493
579010103,5991449,17494
577535804,5991449,17495
568273066,5991449,17496
567807011,5991449,17497
562621172,5991449,17498
562421891,5991449,17499
561897721,5991449,17500
997997228,27951546,17501
1068526103,34389096,17502
1064014421,34389096,17503
1064003361,34389096,17504
1064003347,34389096,17505
1064002725,34389096,17506
749290372,9754912,17507
729475805,9754912,17508
676043495,9754912,17509
673353101,9754912,17510
667568476,9754912,17511
601695275,9754912,17512
592766815,9754912,17513
572882211,9754912,17514
571462782,9754912,17515
570066399,9754912,17516
562398238,9754912,17517
561040183,9754912,17518
553043152,9754912,17519
546462667,9754912,17520
541897483,9754912,17521
709368603,10794820,17522
666677365,10794820,17523
610383360,10794820,17524
597510913,10794820,17525
577160987,10794820,17526
571638587,10794820,17527
560512399,10794820,17528
556217632,10794820,17529
540929570,10794820,17530
534208550,10794820,17531
529578204,10794820,17532
994541650,24970697,17533
1068763735,28029827,17534
1068464649,28029827,17535
1068464638,28029827,17536
1068371292,28029827,17537
1066559698,28029827,17538
1064078857,28029827,17539
1063024015,28029827,17540
1062673609,28029827,17541
1062492501,28029827,17542
1059276328,28029827,17543
1054406046,28029827,17544
1052947381,28029827,17545
1052408135,28029827,17536
1052406947,28029827,17546
1037412745,28029827,17547
1033764101,28029827,17548
1028632725,28029827,17549
1019692586,28029827,17550
1013545831,28029827,17551
1012931616,28029827,17552
972098800,28029827,17553
969262393,28029827,17554
969234383,28029827,17555
969128491,28029827,17556
967765198,28029827,17557
967764877,28029827,17558
964423971,28029827,17559
750247498,8445328,17560
748286976,8445328,17561
739635465,8445328,17562
733016028,8445328,17563
721390454,8445328,17564
719577354,8445328,16652
718155919,8445328,17565
716910227,8445328,17566
716873685,8445328,17567
714695936,8445328,17568
714525927,8445328,17569
706656069,8445328,17570
704945182,8445328,17571
699864981,8445328,13171
674306189,8445328,16835
594849848,8445328,17572
545158646,8445328,17573
522475530,8445328,17574
502146524,8445328,17575
495810524,8445328,17561
492862792,8445328,17576
492175978,8445328,17577
477833359,8445328,17578
475506411,8445328,17579
750675662,12878764,17580
736465160,12878764,17581
736464577,12878764,17582
682552198,12878764,17583
606049402,12878764,17584
593125988,12878764,17585
581387319,12878764,17586
575763654,12878764,17587
573622672,12878764,17588
573451492,12878764,17589
573178118,12878764,17590
571715755,12878764,17591
568825197,12878764,17592
555389174,12878764,17593
1068046487,34311620,17594
1067816846,34311620,17595
1067095059,34311620,17596
1066671253,34311620,17597
1063450709,34311620,17598
1063299566,34311620,17599
1061477406,34311620,17600
1061476067,34311620,17601
571799275,7228353,17602
464761634,7228353,17603
923275240,24125688,17604
919825834,24125688,17605
950795962,26877580,17606
950794583,26877580,17607
888106461,25009311,17608
882292386,25009311,17609
878803826,25009311,17610
878388522,25009311,17611
876759479,25009311,17612
876759332,25009311,17613
876756553,25009311,17614
874655227,25009311,17615
872293364,25009311,17616
872053220,25009311,17617
871162162,25009311,17618
871161968,25009311,17619
870947394,25009311,17620
870941091,25009311,17621
870940485,25009311,17622
870909823,25009311,17623
862721850,25009311,17624
733823043,14767124,17625
733556773,14767124,17626
733555812,14767124,17627
729913549,14767124,17628
726342840,14767124,17629
713626346,14767124,17630
709879798,14767124,17631
707758940,14767124,17632
707482438,14767124,17633
691087390,14767124,17634
689084198,14767124,17635
688898222,14767124,17636
688898196,14767124,17637
687429877,14767124,17638
677512496,14767124,17639
677512086,14767124,17640
676541162,14767124,17641
667854975,14767124,11502
593780936,14767124,17642
748395967,13322086,17643
742556813,13322086,17644
732775614,13322086,17645
732762208,13322086,17646
732032072,13322086,17647
732030790,13322086,17648
731540708,13322086,17649
691278987,13322086,2871
688381486,13322086,17650
610871266,13322086,17651
609434515,13322086,17652
600932768,13322086,2942
594732766,13322086,17653
590106984,13322086,17654
584726900,13322086,17655
583297470,13322086,17656
580590132,13322086,17657
572992614,13322086,17658
565568734,13322086,17659
588816546,8040226,17660
566276860,8040226,17661
557032619,8040226,17662
530921254,8040226,17663
525940278,8040226,17664
524263390,8040226,17665
524043712,8040226,17666
523929003,8040226,17667
509509306,8040226,17668
507289962,8040226,17669
1014232158,33265191,17670
1030761844,33133859,17671
1017598252,33133859,17672
1016449413,33133859,17673
1013413594,33133859,17674
849328332,24155502,17675
956963251,25388349,17676
900566550,25388349,17677
895360083,25388349,17678
892727734,25388349,17679
892726554,25388349,17680
892649087,25388349,17681
892648319,25388349,17682
945793503,6131915,17683
748130114,6131915,17684
742999029,6131915,17685
722765344,6131915,17686
711857090,6131915,17687
700222562,6131915,17688
692790225,6131915,17689
689089756,6131915,17690
684876406,6131915,17691
675147530,6131915,17692
670329367,6131915,17687
614291255,6131915,17693
606067643,6131915,17694
604138673,6131915,17695
558086790,6131915,17696
551908077,6131915,17697
548535754,6131915,17698
546134975,6131915,17699
512210795,6131915,17700
510824022,6131915,17701
731138450,8851161,17702
680397069,8851161,17703
666226989,8851161,17704
600337432,8851161,17705
586942713,8851161,17706
571443910,8851161,17707
539636013,8851161,17708
482072459,8851161,17709
480240091,8851161,17710
600841620,6876742,17711
589746174,6876742,17712
578949215,6876742,17713
576807597,6876742,17714
573941877,6876742,17715
570646502,6876742,17716
564777028,6876742,17717
559740229,6876742,17718
549856121,6876742,17719
548630621,6876742,17720
899623105,25454511,17721
898344793,25454511,17722
896720745,25454511,17723
895999561,25454511,17724
895544998,25454511,17725
895544935,25454511,17726
895227492,25454511,17727
894270307,25454511,17728
893705734,25454511,17729
893499339,25454511,17730
893472886,25454511,17731
893369022,25454511,17732
893363680,25454511,17733
893175702,25454511,17734
893170293,25454511,17735
892932709,25454511,17736
892761962,25454511,17737
892587306,25454511,17738
891581769,25454511,17739
891534100,25454511,17740
890693841,25454511,17741
890487745,25454511,17742
890382974,25454511,17743
890261237,25454511,17744
1033329050,33440442,17745
1033305634,33440442,17746
1033293780,33440442,17747
1033286184,33440442,17748
1033284609,33440442,17749
1033238710,33440442,17750
1033220921,33440442,17751
1033197962,33440442,17752
1033192384,33440442,17753
1033191658,33440442,17754
749463482,16835208,17755
746684291,16835208,17756
744065484,16835208,17757
739742148,16835208,17758
739028204,16835208,17759
737656576,16835208,17760
732640918,16835208,17761
726426498,16835208,17762
721215947,16835208,17763
712590841,16835208,17764
711914263,16835208,17765
711102151,16835208,17766
698796913,16835208,17767
693722024,16835208,17768
693719887,16835208,17769
691621780,16835208,17770
690274680,16835208,17771
690274673,16835208,17772
690273571,16835208,17773
687732866,16835208,17774
687243369,16835208,17775
683172550,16835208,17776
683121910,16835208,17777
682083873,16835208,17778
673730331,16835208,17779
673664850,16835208,5462
671563510,16835208,17780
670840878,16835208,17781
670582306,16835208,17782
669778482,16835208,17783
669777097,16835208,17784
669581690,16835208,17785
669349846,16835208,17767
669310820,16835208,17786
668339645,16835208,17787
668339173,16835208,17788
667621960,16835208,17789
1033108736,29014463,17790
941307637,27094243,17791
941305974,27094243,17792
941298858,27094243,17793
936890999,27094243,17794
936890672,27094243,17795
721481783,5501649,17796
1026519067,33413371,17797
1026407230,33413371,17798
743837255,10844679,17799
743264713,10844679,17800
742182016,10844679,17801
741940104,10844679,17802
739953888,10844679,17803
739407614,10844679,17804
739215895,10844679,17805
734567879,10844679,17806
731603838,10844679,1158
730042054,10844679,17807
728685785,10844679,17808
723597720,10844679,17809
723128074,10844679,17810
719060544,10844679,17811
715832024,10844679,17812
714952800,10844679,11036
711497692,10844679,17813
706327219,10844679,17814
698728998,10844679,17815
687693623,10844679,17816
684518771,10844679,17817
679616611,10844679,17818
678206905,10844679,17819
671311690,10844679,1574
670634171,10844679,17820
667112974,10844679,17821
613987927,10844679,17822
608485360,10844679,17823
607213880,10844679,2240
606184251,10844679,17824
602906461,10844679,17825
599497774,10844679,17826
598804393,10844679,17827
595546560,10844679,17828
580245675,10844679,17829
575344980,10844679,17830
680358155,17332813,17831
676458204,17332813,17832
675698808,17332813,17833
598094732,2233150,17834
580588571,2233150,17835
580073824,2233150,17836
569405414,2233150,17837
557478562,2233150,17838
556451449,2233150,17839
552795833,2233150,17840
551474636,2233150,17841
549390858,2233150,17842
549223610,2233150,17843
678430778,2216808,17844
677852097,2216808,17845
611214794,2216808,17846
583554568,2216808,17847
583523294,2216808,17845
573338942,2216808,17848
567604333,2216808,17849
552671462,2216808,17850
539081655,2216808,17851
534497645,2216808,17852
523481474,2216808,17853
522760110,2216808,17854
747413829,33951141,17855
733122792,33951141,17856
678744075,33951141,17857
737465246,19526685,17858
737464352,19526685,17859
737460433,19526685,17860
737427916,19526685,17861
737331879,19526685,17862
737327835,19526685,17863
723186855,2100931,17864
605824254,2100931,17865
571237384,2100931,17866
532776769,2100931,17867
1068210408,33161085,17868
1068182343,33161085,17869
1038554416,33161085,17870
1037162140,33161085,17871
1020694348,25191918,17872
1018719599,25191918,17873
1018704572,25191918,17874
1018147942,25191918,11188
1014351572,25191918,17875
986448336,25191918,17876
967354582,25191918,17877
930467211,25191918,17878
929550792,25191918,17197
925811085,25191918,17879
925810697,25191918,17880
909004030,25191918,17881
751462778,12968833,1383
725558674,12968833,17882
681122635,11624295,17883
666260779,11624295,17884
590426323,11624295,17885
575758284,11624295,17886
549224766,11624295,17887
548026494,11624295,17888
544349534,11624295,17889
536074079,11624295,17890
504386636,11624295,17891
476799735,11624295,17892
471818776,11624295,17891
471789854,11624295,17893
1024272410,26725728,17894
1007945161,26725728,17895
995346322,26725728,17896
971642482,26725728,17897
971526508,26725728,17898
971522256,26725728,17899
971522210,26725728,17900
928383917,26725728,17901
928263845,26725728,17902
1028027878,17220125,17903
1025972735,17220125,17904
1013708234,17220125,17905
823898270,17220125,17906
823768633,17220125,17907
823407759,17220125,17908
823267287,17220125,17909
822890353,17220125,17910
822885119,17220125,17911
822884363,17220125,17912
822820279,17220125,17913
822806756,17220125,17914
822797153,17220125,17915
822797143,17220125,17916
822751822,17220125,17917
822697804,17220125,17918
822623094,17220125,17919
822622249,17220125,17920
822528402,17220125,17921
822218875,17220125,17922
822143446,17220125,17923
821748580,17220125,17924
821444747,17220125,17925
821425238,17220125,17926
821367900,17220125,17927
821324123,17220125,17928
821250494,17220125,17929
821233475,17220125,17930
750718541,17220125,17931
749055955,17220125,17932
748800517,17220125,17933
748225009,17220125,17934
746958120,17220125,17935
744780651,17220125,17936
744778235,17220125,17937
744664929,17220125,17938
744344697,17220125,17939
679916077,17220125,17940
674393974,17220125,17908
673830397,17220125,17941
673822439,17220125,17942
673607161,17220125,17943
672722922,17220125,247
672720184,17220125,17944
672017270,17220125,17945
938337099,26819524,17946
924734493,26819524,17947
924733659,26819524,17948
924732563,26819524,17949
738021990,12698554,17950
736776195,12698554,17951
727691915,12698554,1166
725650538,12698554,17952
716577360,12698554,17953
711132734,12698554,17954
708813975,12698554,17955
708306939,12698554,17956
702383907,12698554,1208
677531814,12698554,1633
612166245,12698554,1341
604217131,12698554,17957
603134446,12698554,17958
594917887,12698554,17959
591474871,12698554,17960
582993607,12698554,17961
578229012,12698554,17962
574568293,12698554,17963
569800941,12698554,17964
556246082,12698554,17965
1057700594,27796521,17966
1051372179,27796521,17967
1047661557,27796521,17968
1030782199,27796521,17969
1029703694,27796521,17970
1029703551,27796521,17971
1019347090,27796521,17972
1007948945,27796521,17973
992499082,27796521,17974
990151077,27796521,17975
985029813,27796521,17976
746424147,15300727,17977
731678717,15300727,17978
729683354,15300727,17979
720808256,15300727,17980
706769939,15300727,17981
690779065,15300727,17982
690568698,15300727,17983
679676925,15300727,17984
678225036,15300727,17985
670288707,15300727,17986
669803840,15300727,17987
956738268,7942420,17988
740595057,7942420,10264
733846915,7942420,17989
720793166,7942420,13768
709213941,7942420,17990
687160138,7942420,17991
675937931,7942420,17992
614346593,7942420,17993
606324259,7942420,17994
595407546,7942420,17995
594670927,7942420,17996
592578311,7942420,1667
581924095,7942420,17997
579767506,7942420,17998
570917685,7942420,17999
563445271,7942420,18000
516275040,7942420,18001
492917878,7942420,18002
479862365,7942420,18003
470188642,7942420,18004
337124352,7942420,2196
1033329417,33444435,17745
1033293914,33444435,17747
1033290068,33444435,18005
1033287091,33444435,17748
1033285070,33444435,17749
1033285001,33444435,18006
1033241275,33444435,17750
1033214577,33444435,18007
1033209301,33444435,18008
1033198401,33444435,17752
1033192263,33444435,17753
576198770,12455663,18009
573744180,12455663,9446
573492459,12455663,18010
572782205,12455663,18011
569534474,12455663,18012
567640759,12455663,18013
566972786,12455663,16860
566248258,12455663,18014
565570560,12455663,18015
565372402,12455663,18016
753504566,20888254,18017
753407288,20888254,18018
751726824,16770255,18019
739503488,16770255,18020
731755141,16770255,18021
697993021,16770255,18022
695676180,16770255,18023
680691248,16770255,10062
676470670,16770255,18024
676429240,16770255,18025
667954234,16770255,18026
728316479,12945904,18027
726333517,12945904,18028
607573166,12945904,18029
599088222,12945904,18030
591062704,12945904,18031
554694774,12945904,18032
749988855,19102846,1364
729568679,19102846,18033
728716531,19102846,18034
723667360,19102846,2886
722236398,19102846,18035
718139007,19102846,18036
716205238,19102846,18037
715714196,19102846,16229
923284468,26345967,18038
921078078,26345967,18039
920763032,26345967,18040
920426586,26345967,18041
920426131,26345967,18042
920364532,26345967,18043
936492749,25295190,18044
934977333,25295190,18045
934740782,25295190,18046
934740673,25295190,18047
958036907,27979964,18048
957936932,27979964,18049
956897830,27979964,18050
848013268,13961526,18051
713374409,13961526,18052
675642942,13961526,18053
617621575,13961526,18054
604839713,13961526,18055
604837922,13961526,18056
604152945,13961526,15265
594353423,13961526,18057
593774042,13961526,10221
593256731,13961526,18058
579011194,13961526,18059
578449390,13961526,18060
574775083,13961526,18061
574770467,13961526,18062
1010790313,15746074,18063
1010762923,15746074,18064
1010739308,15746074,18065
1008437991,15746074,18066
1005986842,15746074,18067
1005591625,15746074,18068
978772350,15746074,18069
978772231,15746074,18070
978771876,15746074,18071
725405844,15746074,18072
674746555,15746074,18073
674399040,15746074,18074
666304807,15746074,18075
710789718,1977231,18076
693911842,1977231,18077
578696014,1977231,18078
553651908,1977231,18079
547787088,1977231,18080
529759912,1977231,18081
482833477,1977231,18082
475399710,1977231,18083
1016770455,12585051,18084
1008074067,12585051,18085
1007945264,12585051,18086
1007921651,12585051,18087
980363444,12585051,18088
979317258,12585051,18089
979099969,12585051,18090
973988355,12585051,18091
581698553,12585051,18092
845051046,14440775,18093
770984065,14440775,18094
710998189,14440775,18095
710838259,14440775,18096
710760868,14440775,18097
709553860,14440775,18098
709372152,14440775,18099
709273448,14440775,18100
670879218,14440775,18101
670643261,14440775,18102
1067747905,34335309,18103
1066276392,34335309,18104
1064875247,34335309,18105
1061416878,34335309,18106
1061288340,34335309,18107
1058266337,34335309,18108
736448615,7948289,18109
720557988,7948289,18110
714460960,7948289,18111
712804453,7948289,18112
674733983,7948289,18113
591527595,7948289,18114
591043402,7948289,18115
586227878,7948289,18116
584450410,7948289,18117
554557587,7948289,18118
552824225,7948289,18119
524328441,7948289,18120
523448000,7948289,18121
470417207,7948289,18122
468096246,7948289,18123
982481498,25310391,18124
952296664,25310391,18125
950774663,25310391,18126
950773912,25310391,18127
947956046,25310391,18128
947952903,25310391,18129
931140903,25310391,18130
931140701,25310391,18131
931140414,25310391,18132
931140250,25310391,18133
931140195,25310391,18134
931131954,25310391,18135
752460004,17838756,18136
752429212,17838756,18137
723028015,17838756,18138
722947894,17838756,18139
708175731,17838756,18140
707122505,17838756,18141
706726815,17838756,18142
706715280,17838756,18143
706294916,17838756,18144
703869252,17838756,18145
750165929,2622636,18146
749579982,2622636,18147
746206036,2622636,18148
730681965,2622636,11197
668981097,2622636,18149
608666868,2622636,18150
582939735,2622636,18151
565242238,2622636,18152
550664827,2622636,18153
545152080,2622636,18154
543556682,2622636,18155
503694933,2622636,18156
502065808,2622636,18157
785065981,23198719,18158
785014178,23198719,18159
784946739,23198719,18160
784923262,23198719,18161
784749387,23198719,18162
784690873,23198719,18163
784687072,23198719,18164
784640514,23198719,18165
784615966,23198719,18166
784577279,23198719,18167
784553659,23198719,18168
784553064,23198719,18169
784458100,23198719,18170
784457116,23198719,18171
784456311,23198719,18172
784455819,23198719,18173
784396710,23198719,18174
784349530,23198719,18175
784273360,23198719,18176
784237692,23198719,18177
784226024,23198719,18178
784225226,23198719,18179
784095738,23198719,16475
784095421,23198719,18180
784009800,23198719,18181
784009465,23198719,18182
784000181,23198719,18183
1047361234,33249100,18184
1027768881,33249100,18185
1027258776,33249100,18186
1026749157,33249100,18187
1021405603,33249100,18188
747435261,15106363,18189
732699574,15106363,18190
728162389,15106363,18191
715882922,15106363,18192
695250290,15106363,18193
675789380,15106363,18194
672469971,15106363,18195
672463617,15106363,18196
1066412075,28879585,18197
1022154989,28879585,18198
751283898,6963268,18199
750956368,6963268,18200
750948891,6963268,18201
750383279,6963268,18202
749832625,6963268,18203
749616104,6963268,18204
749171495,6963268,18205
749170431,6963268,18206
570770599,6963268,2842
557734573,6963268,18207
541470681,6963268,18208
521601674,6963268,18209
521525426,6963268,18210
507275794,6963268,18211
504500651,6963268,11776
497412527,6963268,18212
475525131,6963268,18213
985101757,15197318,18214
984526717,15197318,18215
980578118,15197318,18216
963606794,15197318,18217
716916437,15197318,18218
713506580,15197318,18219
710505863,15197318,18220
708088956,15197318,18221
707476817,15197318,18222
711090650,18509987,18223
704639668,18509987,18224
704517747,18509987,18225
703430597,18509987,18226
580308722,2424560,18227
561602526,2424560,18228
557256175,2424560,18229
533642531,2424560,18230
527324964,2424560,18231
522783027,2424560,18232
484080939,2424560,18233
475159526,2424560,18234
465899077,2424560,18235
527828397,6372027,18236
1011002825,5498786,18237
907917368,5498786,550
907118759,5498786,18238
844660281,5498786,18239
788085308,5498786,18240
748651470,5498786,18241
720643679,5498786,18242
676225118,5498786,18243
668984404,5498786,18149
619908612,5498786,18244
598071628,5498786,18245
593909429,5498786,18246
593680050,5498786,18247
589632518,5498786,18248
584653310,5498786,18249
580526397,5498786,18250
579200415,5498786,18251
579133298,5498786,18252
578850934,5498786,18253
574227146,5498786,18254
573065495,5498786,18255
573000657,5498786,18256
572768462,5498786,18257
572409515,5498786,18258
505949687,5498786,18259
473361335,5498786,18260
732276102,7075819,18261
720375944,7075819,18262
576353287,7075819,18263
574474209,7075819,18264
558783593,7075819,16928
555099144,7075819,18265
555059651,7075819,18266
543276439,7075819,18267
506668832,7075819,18268
496548258,7075819,18269
493408982,7075819,18270
492321182,7075819,18271
892603984,21254427,18272
890005987,21254427,18273
885275984,21254427,18274
767480453,21254427,18275
1033241025,33368818,18276
1033108993,33368818,17790
935109435,25312593,18277
934870668,25312593,18278
884742772,25312593,18279
884742654,25312593,18280
878359354,25312593,18281
747234437,12409628,18282
722281536,12409628,18283
716062773,12409628,18284
701457082,12409628,18285
698567855,12409628,18286
611619343,12409628,18287
601642136,12409628,15995
574465045,12409628,18288
573369693,12409628,18289
572430049,12409628,18290
571085631,12409628,18291
547206832,12409628,18292
484844798,12409628,18293
474105453,10024752,18294
468229136,10024752,18295
464530160,10024752,18296
724117986,4752380,18297
680844874,4752380,18298
576658468,4752380,18299
1036910873,27127577,18300
1000797037,27127577,18301
744951963,3319960,18302
740149917,3319960,18303
738268594,3319960,18304
738259583,3319960,18305
726376625,3319960,18306
713838540,3319960,18307
708689348,3319960,18308
702765114,3319960,18309
695161177,3319960,1689
675674088,3319960,6494
588793539,3319960,17965
586589872,3319960,2374
557829762,3319960,18310
556194418,3319960,18311
522465279,3319960,18312
502499369,3319960,18313
493857593,3319960,18314
488127196,3319960,18315
488103986,3319960,18316
488103225,3319960,18317
220980363,3319960,18318
742901698,11964774,1137
738070575,11964774,18319
724807023,11964774,18320
719396515,11964774,18321
716527688,11964774,18322
712515810,11964774,3801
688341231,11964774,18323
668592459,11964774,18324
608713412,11964774,18325
603380244,11964774,18326
599497114,11964774,18327
574458962,11964774,18328
569686149,11964774,18329
565239657,11964774,18330
554486911,11964774,18331
554397101,11964774,18328
553872695,11964774,18332
551879094,11964774,18333
885745322,23812095,18334
866004080,23812095,1962
837317710,23812095,18335
1030450252,27523746,18336
1030449868,27523746,18337
1003156317,27523746,18338
956633372,27523746,18339
950915219,27523746,18340
949173355,8627400,18341
737481275,8627400,18342
706507945,8627400,18343
694768928,8627400,18344
549276020,8627400,18345
640828576,12851481,18346
640270292,12851481,18347
640268280,12851481,18348
559917015,12851481,18349
559765653,12851481,18350
559734589,12851481,18351
559578374,12851481,18352
559516497,12851481,18353
558727684,12851481,18354
558569075,12851481,18355
558482306,12851481,18356
558479176,12851481,18357
553376206,12851481,18358
1039081867,33989524,18359
1038800853,33989524,18360
1038800780,33989524,18361
1038800693,33989524,18362
1038800610,33989524,18363
1038799057,33989524,18364
690448907,17422380,18365
967037875,26260077,18366
900334957,26260077,18367
974014587,28501591,18368
973966468,28501591,18369
973965203,28501591,18370
973960918,28501591,2080
973187313,28501591,18371
973186195,28501591,18372
973179901,28501591,18373
972627380,28501591,18374
1054740464,33879377,18375
1035173027,33879377,18376
1035172065,33879377,18377
1046130450,33000429,18378
693357657,12906805,18379
693076245,12906805,18380
693075091,12906805,18381
692790973,12906805,18382
692787978,12906805,18383
692787634,12906805,18384
692786677,12906805,18385
692501072,12906805,18386
691300807,12906805,18387
691068958,12906805,18388
691068159,12906805,18389
691064430,12906805,18390
691063975,12906805,18391
690801348,12906805,18392
690799747,12906805,13901
690799629,12906805,18309
690552383,12906805,18393
690549068,12906805,18394
690548885,12906805,18395
690254862,12906805,18396
690021907,12906805,18397
689685812,12906805,18398
689684962,12906805,18399
689684529,12906805,18400
689684511,12906805,18401
689683945,12906805,18402
689114480,12906805,18403
689114148,12906805,18404
689112815,12906805,18405
689111990,12906805,18406
688882952,12906805,18407
688873155,12906805,18408
688869843,12906805,18409
688868599,12906805,18410
688602950,12906805,18411
688602080,12906805,18412
688014152,12906805,18413
688004472,12906805,18414
688003718,12906805,18415
687155298,12906805,18416
687154991,12906805,18417
687150357,12906805,18418
687149257,12906805,18419
686916937,12906805,18420
686690424,12906805,18421
686658187,12906805,18422
686649046,12906805,18423
590217637,12906805,18424
974100158,24037055,18425
724066776,15224749,18426
1021827116,27994790,18427
1006362248,27994790,18428
1005992698,27994790,18429
1005628530,27994790,18430
963765867,27994790,18431
962511696,27994790,18432
726459385,6508927,18433
725840136,6508927,18434
724765199,6508927,18435
694864804,6508927,18436
692230533,6508927,18437
689779977,6508927,18438
685913167,6508927,18439
666234496,6508927,18440
1064069828,27687121,18441
1054380449,27687121,18442
1047403043,27687121,18443
706525611,10791855,18444
692542347,10791855,18445
682063672,10791855,18446
681617102,10791855,18447
669589752,10791855,18448
605194233,10791855,18449
602417110,10791855,18450
558929626,10791855,18451
535814410,10791855,18452
513704978,10791855,18453
502824678,10791855,18454
497169383,10791855,18455
476772457,10791855,18456
748061031,6439796,18457
696940090,6439796,18458
589048429,6439796,18459
575600459,6439796,18460
510300140,6439796,18461
373599103,6439796,18462
712950978,7266967,18463
566195298,7266967,18464
469990990,7266967,18465
971830127,27973731,18466
971827922,27973731,18467
971824577,27973731,18468
964774888,27973731,18469
958548447,27973731,18470
958523752,27973731,18471
958194094,27973731,18472
958193883,27973731,10634
958192228,27973731,18473
958191518,27973731,18474
956784944,27973731,18475
956294309,27973731,18476
956282074,27973731,18477
1066964301,33131266,18478
1066849022,33131266,18479
1066625594,33131266,18480
1066319472,33131266,18481
1066066072,33131266,18482
1065931357,33131266,18483
1063816693,33131266,18484
1063561165,33131266,18485
1063000318,33131266,18486
1062914481,33131266,18487
1062630404,33131266,18488
908025358,25370585,18489
908016477,25370585,18490
750809018,17853334,18491
750561672,17853334,18492
749991461,17853334,5820
749636691,17853334,11928
749008035,17853334,18493
729221530,17853334,18494
728566048,17853334,18495
728548027,17853334,18496
728525525,17853334,18497
726382649,17853334,18498
724183494,17853334,18499
720358828,17853334,18500
717854762,17853334,18501
717627015,17853334,18502
716979293,17853334,18503
714153581,17853334,18504
707446796,17853334,18505
707060837,17853334,18506
706400615,17853334,5858
743746668,19104967,18507
741893018,19104967,18508
728887810,19104967,18509
723893982,19104967,18510
1040638156,19773589,18511
932076609,19773589,18512
932029110,19773589,18513
927929486,19773589,18514
917853981,19773589,18515
917374087,19773589,18516
904440317,19773589,18517
898834158,19773589,18518
888754571,19773589,18519
747925398,19773589,18520
747684722,19773589,18521
747679028,19773589,18522
747678753,19773589,18523
747676113,19773589,18524
741678077,17582591,18525
737244178,17582591,18526
998890384,27120129,18527
977849824,23963250,18528
725823720,15667291,18529
751799254,9882491,18530
750310926,9882491,18531
723647797,9882491,18532
723646254,9882491,18533
713545137,9882491,18534
709195823,9882491,18535
703058312,9882491,18536
701788810,9882491,18537
695344739,9882491,18538
694937416,9882491,18539
694326911,9882491,18540
690559055,9882491,18541
690091547,9882491,18542
690072458,9882491,18543
686643761,9882491,18544
686642881,9882491,18545
676715530,9882491,1634
666573967,9882491,18546
585118079,9882491,18547
572974402,9882491,18548
567178687,9882491,18549
551504450,9882491,18550
544535971,9882491,18551
542078234,9882491,18552
512266510,9882491,18553
510907418,9882491,18554
510903045,9882491,18555
983867680,29037205,18556
983866463,29037205,18557
983796304,29037205,18558
983506816,29037205,18559
983432835,29037205,18560
983338384,29037205,18561
983320389,29037205,18562
983035753,29037205,18563
983009215,29037205,18564
982883997,29037205,18565
980818444,29037205,18566
1022030723,28040154,18567
1000373877,32824795,18568
999024177,32824795,18569
999024031,32824795,18570
1065843671,34469716,18571
1058837601,27497551,18572
995380745,27497551,18573
954810811,27497551,18574
995196299,24992593,18575
877606640,24992593,18576
870229149,24992593,18577
861768054,24992593,18578
861451116,24992593,555
861216238,24992593,18579
861207255,24992593,18580
861205372,24992593,18581
745374689,19620493,18582
617208108,24967809,18583
1032941854,33369597,18584
1032938192,33369597,18585
1032936763,33369597,18586
893025730,16694960,18587
891251858,16694960,18588
889162504,16694960,18589
889151156,16694960,18590
884346628,16694960,18591
834948356,16694960,18592
777667150,16694960,18593
773730433,16694960,18594
767653842,16694960,18595
767648534,16694960,7921
767628509,16694960,18596
763294931,16694960,18597
757508090,16694960,18598
753165127,16694960,18599
753165118,16694960,18600
743836582,16694960,18601
726760293,16694960,18587
718795342,16694960,18596
710209236,16694960,18602
707409064,16694960,18603
707408783,16694960,18604
697460161,16694960,18605
696074681,16694960,18606
656747789,16694960,18607
733749453,14947946,10396
723688096,14947946,11333
722850806,14947946,18608
722602980,14947946,18609
722597386,14947946,18610
722583454,14947946,18611
717230555,14947946,18612
710164845,14947946,18613
709892633,14947946,396
708840938,14947946,18614
692190222,14947946,18615
664958366,14947946,18616
652497276,14947946,18617
643804029,14947946,18618
637057685,14947946,18619
633129243,14947946,18620
632476277,14947946,18621
631831917,14947946,18622
630927444,14947946,18623
630817493,14947946,18624
630679473,14947946,18625
630619418,14947946,18626
630615388,14947946,18627
605203228,14947946,11031
603047444,14947946,9786
600948097,14947946,18628
1008820345,33117442,18629
1008815518,33117442,18630
1008766412,33117442,18631
1008760792,33117442,18632
1006848103,33117442,18633
1041053979,33968282,18634
1041053808,33968282,18635
1041053715,33968282,18636
1064489004,11622536,18637
1057212377,11622536,18638
1053287829,11622536,18639
1051137449,11622536,18640
1051026576,11622536,18641
1049158331,11622536,18642
1047765761,11622536,18643
922742288,11622536,18644
919112774,11622536,18645
917153663,11622536,18646
898461005,11622536,18647
892386505,11622536,18648
892385840,11622536,18649
892385520,11622536,18650
892385144,11622536,18651
892329489,11622536,18652
892233737,11622536,18653
892174297,11622536,18654
892119209,11622536,18655
892117272,11622536,18656
892039346,11622536,18657
878773633,11622536,18658
863557388,11622536,18659
853171013,11622536,18660
840984482,11622536,18661
834398339,11622536,18662
834394627,11622536,18663
821746166,11622536,18664
821447092,11622536,18665
750839969,13225175,18666
678709141,13225175,18667
672710631,13225175,18668
601173878,13225175,18669
593020655,13225175,18670
593011305,13225175,18671
585053190,13225175,18672
579565186,13225175,18673
576211202,13225175,18674
568781182,13225175,18675
565553308,13225175,18676
564868350,13225175,18677
558723894,13225175,18678
1049644149,33056335,18679
697651524,13358373,18680
595135017,13358373,18681
587813978,13358373,18682
586384664,13358373,18683
570485546,13358373,18684
561901464,13358373,18685
555149583,13358373,18686
553348027,13358373,18687
553327563,13358373,18688
1044714039,29616717,18689
1044713915,29616717,18690
1043744352,27730319,18691
992021561,27730319,18692
988746225,27730319,18693
986349102,27730319,18694
985636435,27730319,18695
729568978,6890386,8491
706198511,6890386,18696
680338601,6890386,2782
674748131,6890386,18697
611325227,6890386,2256
594333221,6890386,18698
574964079,6890386,18699
552432875,6890386,18700
550560231,6890386,18701
549222271,6890386,18702
535269884,6890386,18703
532214394,6890386,18704
529474194,6890386,18705
999918867,26660834,18706
981275334,26660834,18707
932526417,26660834,18708
966968372,27687827,18709
959915566,27687827,18710
959118502,27687827,18711
957066659,27687827,18712
956166725,27687827,18713
714944354,15275858,18714
703608261,15275858,18715
605486623,12559538,18716
561856323,12559538,18717
505794568,12559538,18718
498474535,12559538,18719
498445519,12559538,18720
498410533,12559538,18721
497103239,12559538,18722
497020276,12559538,18723
925646024,25576930,18724
924603418,25576930,18725
924477509,25576930,18726
923149724,25576930,18727
922987816,25576930,18728
919911742,25576930,18729
1054067765,27946064,18730
966643404,27946064,18731
966127669,27946064,18732
1054750414,25559891,18733
923645717,25559891,18734
918881995,24081716,18735
918840131,24081716,18736
918599864,24081716,18737
918496779,24081716,18738
918495904,24081716,18739
918313762,24081716,18740
917633031,24081716,18741
863734998,24081716,18742
863695180,24081716,18743
853127786,24081716,18744
853125185,24081716,18745
853124653,24081716,18746
885864826,20141060,18747
751078072,20141060,18748
750561409,20141060,18749
747825951,20141060,18750
747725190,20141060,18751
1068465831,26694543,18752
1068347563,26694543,18753
1066771493,26694543,18754
1001699722,26694543,18755
947965214,26694543,18756
946765311,26694543,18757
945771969,26694543,18758
945419226,26694543,990
931113017,26694543,1846
930462648,26694543,18759
930359460,26694543,18760
930286037,26694543,18761
930199342,26694543,18762
930133232,26694543,18763
929520557,26694543,18764
926414968,26694543,18765
919707893,26694543,18766
1042189975,33261436,18767
1024116754,33261436,18768
1016920401,33261436,18769
1016919466,33261436,18770
1016129349,33261436,18771
1013761045,33261436,18772
1013759461,33261436,18773
1013755534,33261436,18774
798020664,19492961,18775
745397311,19492961,18776
745397277,19492961,18777
738112897,19492961,18778
734526291,19492961,18779
734387718,19492961,18780
731773024,19492961,18781
730828982,19492961,18782
730743758,19492961,18783
730635390,19492961,18784
730154075,19492961,18785
729916780,19492961,18786
729737840,19492961,18787
729182176,19492961,18788
728773103,19492961,18789
728737053,19492961,18790
728726863,19492961,18791
1020916012,33323508,18792
994678553,27954461,18793
970131057,27954461,18794
961965650,27954461,18795
960446806,27954461,18796
958836714,27954461,18797
956916794,27954461,18798
955579213,27954461,18799
955018270,27954461,18800
533948568,7141991,18801
486763431,7141991,18802
748016280,12924148,18803
747539816,12924148,18804
729476525,12924148,18805
729408884,12924148,18806
729244793,12924148,18807
726737424,12924148,18808
722335568,12924148,18809
715295250,12924148,18810
711096199,12924148,18811
710295754,12924148,18812
709648485,12924148,18813
689964704,12924148,18814
689837655,12924148,2430
687151159,12924148,18815
669314485,12924148,1541
614156216,12924148,18816
613351065,12924148,18817
611282138,12924148,18818
604153042,12924148,18819
600160427,12924148,18820
593655706,12924148,18821
588764418,12924148,18822
573891778,12924148,18823
355820787,12924148,18814
999390214,27983269,18824
999387126,27983269,18825
957032165,27983269,18826
957028535,27983269,18827
570445031,10065772,18828
565033504,10065772,18829
548129086,10065772,18830
478147233,10065772,18831
987803106,27826290,18832
987802588,27826290,18833
978457062,27826290,18834
954496072,27826290,18835
953004455,27826290,18834
952981415,27826290,18836
952979643,27826290,18837
952835450,27826290,18838
952835128,27826290,18839
952834768,27826290,18840
780886125,13837663,18841
744756883,13837663,18842
738847576,13837663,18843
722941992,13837663,18844
722443733,13837663,18845
719561430,13837663,18846
717241370,13837663,18847
716939642,13837663,18848
716934647,13837663,18849
699848125,13837663,18850
699508567,13837663,18851
699508091,13837663,18852
696435900,13837663,18853
1031868150,32840761,18854
1016128700,32840761,18855
1008416589,32840761,18856
991810860,32840761,18857
990850081,32840761,18858
990692277,32840761,18859
990568471,32840761,18860
990509576,32840761,18861
990232235,32840761,18862
989464575,32840761,18856
988933027,32840761,18863
929237010,25076525,18864
929138376,25076525,18865
928076427,25076525,18866
928068614,25076525,18867
928057460,25076525,18868
927737284,25076525,18869
927734864,25076525,10439
927706925,25076525,18870
927660340,25076525,10441
927585675,25076525,18871
927583082,25076525,18872
902808292,25076525,10436
833934003,17695818,18873
785007525,17695818,18874
780959688,17695818,18875
755380696,17695818,18876
732647781,17695818,18877
725426024,17695818,18878
722756499,17695818,18879
721751373,17695818,18880
721248822,17695818,18881
717897922,17695818,18882
715763092,17695818,18883
715715037,17695818,18884
711900352,17695818,18885
694574525,17695818,18886
693365575,17695818,18887
693112174,17695818,18888
689439459,17695818,18889
689436872,17695818,18890
689432583,17695818,18879
689430267,17695818,18891
687674824,17695818,18892
687522862,17695818,18893
730641813,19176251,18894
729887595,19176251,507
729013339,19176251,18895
728914110,19176251,18896
728846987,19176251,18897
689645383,14216965,18898
629285808,14216965,18899
614269260,14216965,18900
613018739,14216965,18901
612890704,14216965,18902
612800411,14216965,18903
612130777,14216965,18904
601300241,14216965,18905
596285140,14216965,18906
595286447,14216965,18907
594370205,14216965,18908
1023703433,33318501,18909
1023425782,33318501,18910
1018083658,33318501,18911
996626093,31599667,18912
996625927,31599667,18913
996442396,31599667,18914
994704710,31599667,18915
994537327,31599667,18916
994401172,31599667,18917
981827435,31599667,18918
738183647,14790330,18919
694887316,14790330,18920
693156265,14790330,18921
689165770,8854959,18922
608803558,8854959,18923
577376243,8854959,18924
576162161,8854959,18925
567618269,8854959,2843
547802019,8854959,18926
475456477,8854959,18927
472116459,8854959,18928
716847792,17430860,18929
702151511,17430860,18930
701057626,17430860,18931
697385771,17430860,18932
689665096,17430860,18933
733403178,3700540,18934
696542422,3700540,18935
599741196,3700540,18936
588031390,3700540,18937
574729664,3700540,18938
568609698,3700540,18939
542559578,3700540,1996
518613441,3700540,8522
510547032,3700540,18940
510297029,3700540,18941
720272080,17464318,18942
684911964,17464318,18943
681637702,17464318,18944
681635963,17464318,18945
675902101,17464318,18946
675664048,17464318,18947
675488798,17464318,18948
1055076879,28099091,18949
608998302,6983400,18950
596883025,6983400,18951
488118287,6983400,18952
482784658,6983400,18953
480900174,6983400,18954
465209191,6983400,18955
1057678592,32812885,18956
990362864,32812885,18957
581107061,13119384,18958
568706346,13119384,18959
565782833,13119384,18960
564869639,13119384,18961
556896750,13119384,18962
550087047,13119384,18963
543127582,13119384,18964
541052152,13119384,18965
541046165,13119384,18966
540102265,13119384,18967
732628592,14000258,18968
728147459,14000258,18969
727518212,14000258,18970
726132873,14000258,18971
722712153,14000258,18972
722554907,14000258,18973
722543799,14000258,18974
721727597,14000258,18975
721646147,14000258,18976
715656279,14000258,1037
676704625,14000258,18977
676117984,14000258,18978
676071680,14000258,18979
676031815,14000258,18980
662930725,14000258,18981
580719870,14000258,18982
578958089,14000258,18983
578821106,14000258,18984
575354952,14000258,280
573178611,14000258,1037
1031857904,15334746,18985
746136595,19736333,18986
873153448,24932763,18987
873153332,24932763,18988
869941204,24932763,18989
869941163,24932763,18990
584441347,11443715,18991
584006228,11443715,18992
548317663,11443715,18993
544699579,11443715,18994
543088876,11443715,18995
541690586,11443715,18996
518919875,11443715,18997
1020443302,27979967,18998
956905632,27979967,18999
750351259,12140418,19000
749527306,12140418,19001
560959306,12140418,19002
557481016,12140418,19003
543733245,12140418,19004
528864319,12140418,19005
476649481,12140418,19006
468544911,12140418,19007
466263548,12140418,19008
460555084,12140418,19009
600744475,6563470,19010
470260788,6563470,19011
935487432,25806494,19012
699140617,16913859,19013
699138492,16913859,19014
690793480,16913859,19015
674949404,16913859,19016
670869312,16913859,19017
670812865,16913859,19018
670087112,16913859,19019
670065882,16913859,19020
670065295,16913859,19021
670063780,16913859,19022
667416556,16913859,19023
665846787,16913859,19024
1065169840,28029875,19025
967432400,28029875,19026
964195687,28029875,19027
960819435,28029875,19028
960697785,28029875,19029
1037117969,26756226,19030
1027781350,26756226,19031
1025853383,26756226,19032
982497831,26756226,19033
977077024,26756226,19034
974356797,26756226,19035
974150257,26756226,19036
965071055,26756226,19037
915963252,26518214,19038
740333426,10794875,19039
738428011,10794875,19040
724866059,10794875,19041
707701645,10794875,19042
685878635,10794875,19043
685878005,10794875,19044
682559128,10794875,19045
642341546,10794875,19046
642140489,10794875,19047
610696371,10794875,19048
595473453,10794875,19049
586724426,10794875,19050
586120307,10794875,19051
586094397,10794875,19052
585769988,10794875,19053
585095931,10794875,19054
583523395,10794875,19055
581693587,10794875,19056
984558267,6725553,19057
591299508,6725553,19058
591100864,6725553,19059
568917329,6725553,19060
501471867,6725553,19061
744058030,4773063,19062
693962501,4773063,19063
690586972,4773063,19064
671557670,4773063,19065
595717027,4773063,19066
595166090,4773063,19067
540279566,4773063,19068
969253737,28108972,19069
1063712450,34239536,19070
1061971552,34239536,19071
1061582008,34239536,19072
1061571520,34239536,19073
741076126,11548838,19074
731701876,11548838,1963
729843911,11548838,19075
720927882,11548838,19076
713066308,11548838,19077
706782388,11548838,19078
705608832,11548838,1747
702458259,11548838,1749
694307592,11548838,1056
694274089,11548838,1057
681588917,11548838,19079
598775944,11548838,19080
589391901,11548838,19081
583520565,11548838,1840
570333454,11548838,11362
567675256,11548838,19082
556761697,11548838,10246
545664854,11548838,19083
528616876,11548838,181
528250287,11548838,181
503030555,11548838,19084
496070079,11548838,145
924998346,26491848,19085
1065012954,15593990,19086
1037027203,15593990,19087
1023564017,15593990,19088
1023391459,15593990,19089
665195261,15593990,19090
742412420,15113071,19091
736281623,15113071,19092
728605169,15113071,19093
714154584,15113071,19094
706473384,15113071,19095
688144695,15113071,19096
675048764,15113071,19097
1066256350,34167009,19098
964040633,27322712,19099
739390248,11426865,19100
733378624,11426865,19101
720649260,11426865,19102
685331913,11426865,19103
679084886,11426865,19104
594716897,11426865,19105
590760260,11426865,8917
559319323,11426865,19106
558739288,11426865,19107
542946248,11426865,19108
542943913,11426865,19109
542943658,11426865,19110
542943647,11426865,19111
1060824050,33712421,19112
1058511695,33712421,19113
1057140351,32701502,19114
1057095437,32701502,19115
1055801015,32701502,19116
1035016468,33355300,19117
1030758630,33355300,19118
1027074448,33355300,19119
1026932383,33355300,19120
1026149221,33355300,19121
1025990901,33355300,19122
1011754670,4706254,19123
614030024,4706254,2223
930569573,25325345,19124
928722864,25325345,19125
896077759,25325345,19126
894433829,25325345,19127
744264307,12460676,19128
946636476,14000167,19129
723971292,14000167,19130
693074358,14000167,2428
670241301,14000167,16604
603235934,14000167,19131
589697036,14000167,19132
574077762,14000167,19133
996097784,8114866,27
748243669,8114866,19134
689684935,8114866,19135
672902484,8114866,19136
668225699,8114866,839
586298647,8114866,19137
552769726,8114866,19138
522082062,8114866,19139
480711070,8114866,19140
477566528,8114866,19141
473069593,8114866,19142
1023196122,33270948,19143
1022006176,33270948,19144
1022004463,33270948,19145
1021416498,33270948,19146
484275008,12314832,19147
996590114,32908008,19148
759582040,4723736,19149
759484418,4723736,19150
751796914,4723736,1308
742527012,4723736,19151
699226707,4723736,19152
609393613,4723736,19153
597868525,4723736,10826
597803725,4723736,16732
596806790,4723736,19154
586842251,4723736,19155
583155865,4723736,19156
572326389,4723736,19157
571042839,4723736,19158
562827319,4723736,19159
562610435,4723736,19160
1048460634,33004239,19161
857329469,12830045,19162
702695787,12830045,19163
701320993,12830045,19164
698889121,12830045,19165
693142881,12830045,19166
689721220,12830045,3646
590174979,12830045,19167
589196292,12830045,19168
581562040,12830045,19169
515544172,12830045,19170
740109907,8114539,19171
731955175,8114539,19172
594897731,8114539,17959
592049139,8114539,19173
587612546,8114539,11165
544943022,8114539,19174
542398784,8114539,19175
952102374,24066683,19176
948783434,24066683,19177
956818917,26877583,17230
954966164,26877583,19178
953937954,26877583,17236
953833042,26877583,19179
953796388,26877583,19180
953535126,26877583,19181
951707427,26877583,19182
949955712,26877583,19183
949034016,26877583,17261
578416601,13358387,19184
567016057,13358387,19185
744256850,11625919,19186
719707867,11625919,7677
719578849,11625919,19187
693352257,11625919,19188
475406167,11625919,19189
944790419,19183827,19190
926370812,19183827,19191
880872354,19183827,19192
873134675,19183827,19193
842963540,19183827,19194
994412496,28018637,19195
961446974,28018637,19196
961428459,28018637,19197
8109,28018637,19198
4587,28018637,19199
959592783,28018637,19200
959592713,28018637,19201
750548410,17382563,19202
750428482,17382563,19203
749641459,17382563,19204
749507954,17382563,19205
714682286,17382563,19206
675901753,17382563,19207
613745365,15009868,19208
610197983,15009868,19209
609479159,15009868,19210
608262738,15009868,19211
692815918,11677471,19212
692530199,11677471,19213
689414528,11677471,19214
678793201,11677471,19215
611765220,11677471,19216
768674756,2218023,1714
740563181,2218023,10707
730053197,2218023,1797
688311721,2218023,19217
607877327,2218023,19218
595267069,2218023,19219
559703532,2218023,19220
558925316,2218023,19221
549649368,2218023,19222
549068850,2218023,19223
536820333,2218023,19224
533589269,2218023,19225
495782337,2218023,17809
413003914,2218023,19226
613038078,13737675,19227
613037451,13737675,19228
602424729,13737675,2355
600049968,13737675,10726
600049862,13737675,19229
594245995,13737675,19230
594245060,13737675,19231
591110323,13737675,19232
587851198,13737675,19233
586924120,13737675,19234
479016794,2284697,19235
729389758,13002142,724
728132707,13002142,19236
724668727,13002142,9927
713120906,13002142,19237
652477083,13002142,19238
652278601,13002142,19239
644861876,13002142,19240
644175545,13002142,19241
597880569,13002142,19242
588337197,13002142,19243
582320367,13002142,19241
581600617,13002142,607
567880084,13002142,19244
535902944,13002142,19245
535894534,13002142,19246
535803718,13002142,19247
588581296,3257231,19248
582803695,3257231,19249
997352238,32812698,8988
996323058,32812698,19250
995474564,32812698,19251
994954677,32812698,19252
994794152,32812698,19253
988383946,25332831,19254
879794221,25332831,19255
1047031151,1949590,19256
739850602,1949590,697
737322107,1949590,19257
736668863,1949590,19258
732465077,1949590,19259
728171103,1949590,1168
727839656,1949590,19260
726727670,1949590,19261
723120423,1949590,12267
712558779,1949590,5322
705589232,1949590,19262
689236450,1949590,2232
686664871,1949590,17431
683984617,1949590,19263
679306860,1949590,19264
678296017,1949590,19265
673560963,1949590,19266
670565702,1949590,10108
670445678,1949590,19267
600312715,1949590,12297
591841472,1949590,19268
580080331,1949590,19269
579061250,1949590,19270
573870389,1949590,19271
570337516,1949590,19272
563629952,1949590,19273
557423260,1949590,19274
544442567,1949590,19275
542336831,1949590,19276
787163730,11881273,19277
787037339,11881273,19278
787036903,11881273,19279
779478052,11881273,19280
779169159,11881273,19281
779168562,11881273,19282
767644084,11881273,19283
766135689,11881273,19284
759483688,11881273,19285
759177631,11881273,19282
759175310,11881273,19286
758545782,11881273,19287
644727941,11881273,19288
590143129,11881273,19289
924392444,26782828,19290
923597448,26782828,19291
923514552,26782828,19292
922863075,26782828,19293
922859958,26782828,19294
922836448,26782828,19295
922693240,26782828,19296
922532385,26782828,19297
922531834,26782828,19298
922410437,26782828,19299
882142181,25347980,19300
882129596,25347980,19301
986421243,31213598,19302
982451485,11824497,19303
981671248,11824497,19304
968230098,11824497,19305
963605175,11824497,6449
726507214,11824497,19306
707060300,11824497,19307
695108439,11824497,19308
943765064,27509612,19309
982667008,29011460,19310
979078863,29011460,19311
979066620,29011460,19312
979066602,29011460,19313
978962598,29011460,19314
978962200,29011460,19315
979481410,28660919,19316
979480901,28660919,19317
979444530,28660919,19318
979351602,28660919,19319
712217394,10815330,19320
693964337,10815330,19321
674938515,10815330,19322
668563803,10815330,19323
505003686,10815330,19324
504995031,10815330,19325
707622351,12607002,19326
675591380,12607002,19327
599447776,12607002,19328
581120261,12607002,19329
578253081,12607002,19330
575073925,12607002,19331
571004859,12607002,19332
568591550,12607002,19333
567380915,12607002,19334
556789823,12607002,19335
554217763,12607002,19336
552906771,12607002,19337
1057640756,33271066,19338
1057572653,33271066,19339
741878082,8730021,19340
728129279,8730021,19341
666833337,8730021,19342
581371843,8730021,15888
571640158,8730021,19343
555313606,8730021,19344
552795190,8730021,19342
546137656,8730021,19345
544532093,8730021,19346
544380476,8730021,19347
543860270,8730021,19348
517979965,8730021,19349
441934215,8730021,19349
732242312,5894992,19350
728760460,5894992,19351
701282721,5894992,1985
675585942,5894992,2309
579140080,5894992,19352
578209348,5894992,19353
555730720,5894992,19354
549647036,5894992,19222
534980574,5894992,19355
528287908,5894992,19356
524723299,5894992,19357
501456669,5894992,19358
479296049,5894992,19359
467439486,5894992,19360
731976623,11437094,19361
696637957,11437094,19362
677868745,11437094,19363
581172839,11437094,19364
543726453,11437094,19365
543725955,11437094,19366
515443245,11437094,19367
486274234,11437094,19368
484856648,11437094,19369
465229389,11437094,19370
557343165,4795441,19371
551490899,4795441,19372
532932993,4795441,19373
498025095,4795441,19374
496714003,4795441,19375
490362827,4795441,19376
485235120,4795441,19377
478207670,4795441,19378
476273867,4795441,19379
468854657,4795441,19380
749987609,15363189,19381
674914387,15363189,19382
674535843,15363189,19383
674531329,15363189,19384
669564450,15363189,19385
732605106,2306621,13865
725412055,2306621,511
679150932,2306621,19386
670835845,2306621,19387
607612425,2306621,19388
598064126,2306621,19389
590487587,2306621,16992
578485216,2306621,19390
572558245,2306621,19391
553119799,2306621,19392
551716352,2306621,19393
530372839,2306621,19394
508970939,2306621,19395
505809374,2306621,19396
614040470,12652015,19397
610090323,12652015,19398
604237490,12652015,19399
604114247,12652015,19400
601687396,12652015,19401
585562150,12652015,19402
578795307,12652015,19403
576351953,12652015,19404
574310219,12652015,19405
554320355,12652015,19406
674722507,7915226,19407
674295674,7915226,19408
601927795,7915226,19409
601594487,7915226,19410
588687215,7915226,19411
580015706,7915226,19412
529323477,7915226,2806
518234128,7915226,19413
672062523,11876124,19414
613138457,11876124,19415
573877275,11876124,2275
553831103,11876124,19416
553069859,11876124,19417
516523665,11876124,19418
494747755,11876124,19419
494277993,11876124,1308
845052519,23706438,19420
1013277171,33227697,19421
1013242320,33227697,19422
1011794951,33227697,19423
944910773,19736910,19424
738069963,17637422,19425
737063554,17637422,19426
730984511,17637422,19427
730982187,17637422,19428
730804249,17637422,19429
730546606,17637422,19430
730404217,17637422,19431
728389064,17637422,19432
728376757,17637422,19433
727938610,17637422,19434
724928637,17637422,19435
722785561,17637422,19436
722365190,17637422,19437
721694883,17637422,19438
721653398,17637422,19439
999778584,8727234,19440
995241023,8727234,19441
956154968,8727234,19442
915829405,8727234,19443
915808981,8727234,19444
971524574,19093517,19445
962248579,19093517,19446
828769653,19093517,19447
725907362,19093517,19448
717203774,19093517,19449
715921210,19093517,19450
1037938444,26257824,19451
1037824167,26257824,19452
1037326116,26257824,19453
926546944,26257824,19454
984673702,8591213,19455
980970681,8591213,19456
668829765,8591213,19457
593143610,8591213,19458
571908782,8591213,19459
559991020,8591213,19460
523293534,8591213,19461
484005508,8591213,19462
320395072,8591213,191
1043705842,34081808,19463
1043549326,34081808,19464
1063200063,34276978,19465
717971342,17678546,19466
712542232,17678546,19467
708371956,17678546,19468
707231141,17678546,19469
699671424,17678546,19470
699454781,17678546,19471
698787676,17678546,19472
698595787,17678546,19473
1065939285,33012304,19474
1041637706,33012304,19475
1021283639,33012304,19476
920133153,26532607,19477
920130145,26532607,19478
912753345,26532607,19479
933374619,23944054,19480
930966129,23944054,19481
930132516,23944054,19482
831818653,23944054,19483
831817959,23944054,19484
972372910,28556217,19485
736647290,14134877,19486
733466617,14134877,19487
732068835,14134877,19488
729035676,14134877,19489
727726189,14134877,19490
726802738,14134877,19491
699935769,14134877,19492
686322895,14134877,19493
751789515,15274545,19494
729305894,15274545,19495
691121113,15274545,19496
691047515,15274545,19497
690850595,15274545,19498
690740349,15274545,19499
690627160,15274545,19500
747895448,16639582,19501
739401657,2457852,19502
577537446,2457852,19503
568797846,2457852,19504
557684854,2457852,19505
549365845,2457852,19506
544314783,2457852,19507
523726048,2457852,19508
505813737,2457852,19509
504621043,2457852,19510
501028410,2457852,19511
913377001,15588908,1372
736510713,15588908,19512
580536289,12565264,19513
559923011,12565264,19514
554521607,12565264,19515
532369637,12565264,19516
530904230,12565264,19517
520321247,12565264,19518
519159278,12565264,19519
909479219,25190755,19520
909420612,25190755,19521
909292820,25190755,19522
909282604,25190755,19523
909235313,25190755,19524
707420723,12254007,9007
530920286,12254007,19394
523434805,12254007,19525
499569593,12254007,19526
499531173,12254007,19527
498866832,12254007,19528
498484054,12254007,19529
498476728,12254007,19530
498462527,12254007,19531
497479646,12254007,19532
497360054,12254007,19533
942471554,26868074,19534
928493075,26868074,1105
854396621,23484446,19535
829079338,23484446,19536
829076697,23484446,19537
829075667,23484446,19538
828493347,23484446,19539
828493181,23484446,19540
828480975,23484446,19541
1018864504,32979882,19542
750559828,15334083,19543
670143684,15334083,19544
1068347197,27702645,18753
1066771348,27702645,18754
1065820200,27702645,19545
1065817040,27702645,19546
1001699973,27702645,18755
952668510,27702645,19547
950652953,27702645,18758
949145124,27702645,19548
998882670,25191132,19549
909000489,25191132,19520
908998728,25191132,19550
667274172,14942510,19551
607293882,14942510,19552
605847450,14942510,19553
605844074,14942510,2942
605820588,14942510,19554
604889363,14942510,19555
604838132,14942510,17650
603254744,14942510,19556
758534593,15000476,19557
654451977,15000476,19558
933763334,27109832,19559
932232462,27109832,19560
932222579,27109832,19561
932222222,27109832,19562
932222171,27109832,19563
932215175,27109832,19564
1006270733,32981220,19565
1006269885,32981220,19566
999525892,33023622,19567
695695557,11729112,10597
685724115,11729112,19568
673479630,11729112,19569
597453453,11729112,19570
570044111,11729112,19571
567941334,11729112,19572
560405374,11729112,19573
504379456,11729112,19574
479632833,11729112,19575
472506098,11729112,19576
472408988,11729112,19577
472332195,11729112,19574
465740853,11729112,19578
351583339,9748309,19579
980808637,28983390,19580
980798475,28983390,19581
733629810,5972878,1605
602574881,5972878,19582
572052139,5972878,19583
527046055,5972878,19584
491845743,5972878,19585
980606536,27801812,19586
740793372,14080652,19587
739461534,14080652,19588
739434498,14080652,19589
734504318,19458000,19590
734504109,19458000,19591
734398006,19458000,19592
733877530,19458000,19593
732975943,19458000,19594
790057328,23384189,19595
790057195,23384189,19596
790055629,23384189,19278
789949524,23384189,19597
789941351,23384189,19598
789941065,23384189,19279
788569064,23384189,19599
846773829,24133019,19600
690835217,6672374,17982
748135998,16855050,19601
736395768,16855050,19602
679116722,16855050,19603
700333492,17464979,19604
697846339,17464979,19605
692519667,17464979,19606
692499073,17464979,19607
692190802,17464979,19608
691431670,17464979,19609
691078117,17464979,19610
691025418,17464979,19611
690786318,17464979,19612
690781768,17464979,19613
670633362,6973994,19614
569578611,6973994,19615
590889180,7722307,19616
563116809,7722307,19617
551998703,7722307,19618
544624012,7722307,19619
512569011,7722307,19620
492325041,7722307,19621
488072958,7722307,19622
471582403,7722307,19623
948170788,27648721,19624
947921592,27648721,19625
670469335,12419842,3938
670069170,12419842,3941
576987681,12419842,19626
576662810,12419842,19627
576445571,12419842,19628
575601740,12419842,19629
571551514,12419842,19630
570796221,12419842,19631
558201334,12419842,19632
547815764,12419842,19633
503020075,12419842,19634
494195917,12419842,19635
738891017,19501573,19636
732415164,19501573,19637
730942929,19501573,19638
730939070,19501573,19639
730372109,19501573,19640
729597538,19501573,19641
729388043,19501573,19642
724698934,28482997,19643
720824611,28482997,19644
960148068,28019476,19645
960020628,28019476,19646
959732834,28019476,19647
959492084,28019476,19648
959489912,28019476,19649
1056996546,34075184,19650
1056989342,34075184,19651
1042609087,34075184,19652
956134530,26924226,17230
955741941,26924226,19653
954628902,26924226,17235
954502239,26924226,17236
953825808,26924226,19654
988247288,27479213,19655
943340388,27479213,19656
942281999,27479213,19657
1039436786,33237724,19658
699855285,7950999,19659
672742917,7950999,19660
536153392,7950999,19661
469334708,7950999,19662
1039874063,33993929,19663
1013265685,31270817,19664
985193145,31270817,19665
983800834,31270817,19666
981543477,31270817,19667
981543258,31270817,19668
596870352,12202673,19669
550405343,12202673,19670
508066547,12202673,19671
495469729,12202673,19672
477487889,12202673,19673
475554523,12202673,19674
475171502,12202673,19675
473948402,12202673,19676
467743812,12202673,19677
467123020,12202673,19678
1054042300,33335556,19679
1029291650,33335556,19680
1020739220,33335556,18574
732958955,5999378,19681
697745195,5999378,19682
595764398,5999378,19683
573231662,5999378,19684
573043901,5999378,19685
572598213,5999378,19686
566587027,5999378,19687
565746551,5999378,19688
556656731,5999378,19689
551462802,5999378,19690
549743717,5999378,19691
536880195,5999378,19692
1043074809,33230573,19693
1034731769,33230573,19694
746032339,15661497,19695
742533078,15661497,19696
742141589,15661497,19697
741245908,15661497,19698
739760149,15661497,19699
733603324,15661497,19700
726273102,15661497,19701
693277885,15661497,19702
693090532,15661497,19703
688305965,15661497,19704
683350021,15661497,19705
671755384,15661497,19706
688035405,7080138,19707
507306680,7080138,19708
737939822,6131895,19709
519753136,6131895,19710
747151698,19095463,4040
744107073,19095463,19711
744107056,19095463,19712
733687824,19095463,19713
724944336,19095463,19714
716222568,19095463,19715
521559350,11443974,19716
714139984,12635189,19717
580103955,12635189,19718
524786106,12635189,19719
733028193,3338621,19720
552344523,3338621,19721
1008921288,28666147,19722
1008921136,28666147,19723
986462047,28666147,19722
1061569891,25290852,19724
964561527,6364047,19725
964539014,6364047,19726
964247925,6364047,19727
963958556,6364047,19728
959777341,6364047,19729
781304535,6364047,19730
728588433,6364047,19731
716601397,6364047,19732
713809155,6364047,1033
704463011,6364047,5918
683495828,6364047,19733
562536777,6364047,7592
562149637,6364047,19734
560722256,6364047,19735
557613802,6364047,19736
555989455,6364047,19737
551031280,6364047,19738
1055275436,19070225,19739
563512651,12833082,19740
559907652,12833082,19741
559758740,12833082,19742
554770051,12833082,19743
533694545,12833082,19744
533690935,12833082,19745
533579328,12833082,19746
524322340,12833082,19747
521579550,12833082,19748
702060613,14089966,19749
702057318,14089966,19750
684650465,14089966,19751
678031739,14089966,19752
669786420,14089966,19753
585681370,14089966,19754
585654700,14089966,985
584117169,14089966,19755
583519780,14089966,19756
725356874,17739323,19757
1022042952,33358764,19758
932091773,26027120,19759
988065460,24060471,19760
887074801,24060471,19761
883214603,24060471,19762
870374289,24060471,19763
870195595,24060471,19762
673017366,15180218,19764
1025477908,32699733,19765
1025477103,32699733,19766
1025476356,32699733,19767
985510140,32699733,19768
750451322,4498781,2201
732409273,4498781,711
488452484,4498781,19769
550103788,8734774,19770
549871375,8734774,19771
549854500,8734774,19772
543126098,8734774,19773
533362138,8734774,19774
530957559,8734774,19775
512459400,8734774,863
932419862,26399823,19776
906175314,26399823,19777
906175111,26399823,19778
906172140,26399823,19779
737728931,11872607,19780
727749100,11872607,18970
711357272,11872607,19781
685766115,11872607,9786
674881386,11872607,19782
673565730,11872607,19783
657091586,11872607,19784
657091423,11872607,19785
591967488,11872607,19786
577575950,11872607,19787
575597178,11872607,19788
570944084,11872607,19789
568468851,11872607,19790
566947235,11872607,19791
560994966,11872607,19792
555989819,11872607,19737
551031116,11872607,19738
869726336,25114346,19793
869636551,25114346,19794
869301572,25114346,19795
484555335,11631362,19796
472569769,11631362,19797
472568425,11631362,19798
1012949685,14170068,19799
593009463,14170068,19800
591801812,14170068,19801
588749305,14170068,19802
587816498,14170068,19799
587801365,14170068,1868
1053583535,27720989,19803
1053157959,27720989,19804
1046566218,27720989,19805
1044958998,27720989,19806
1040480674,27720989,19807
1036638306,27720989,19808
978214753,27720989,19809
950087215,27720989,19810
737931740,11851425,19811
725587152,11851425,19812
723244425,11851425,19813
611313458,11851425,19814
588256158,11851425,19815
580795090,11851425,19816
538628178,11851425,19817
505786918,11851425,19818
1042533414,32727880,19819
680169909,6974469,3134
1053786633,13979531,19820
727484952,15586262,19821
684928472,15586262,19822
679941279,15586262,19823
678072367,15586262,19824
688660104,15804312,19825
684935469,15804312,19826
675201012,15804312,19827
648644824,15804312,19828
647939974,15804312,19829
647754964,15804312,19830
613200721,10859374,19831
610105896,10859374,16342
558295372,10859374,19832
613073590,12874672,19833
608796783,12874672,19834
542940611,12874672,19835
528164905,12874672,19836
525024232,12874672,19837
524193659,12874672,19838
522993402,12874672,19839
522455406,12874672,19840
1057778900,24049653,2074
992473600,32808463,19841
990020594,32808463,19842
989526553,32808463,19843
988937372,32808463,19844
1039030468,28262224,19845
972360080,28262224,19846
972356908,28262224,19847
972344111,28262224,19848
747298877,17607265,19849
746690092,17607265,19850
745103720,17607265,19851
725657768,17607265,19852
722744275,17607265,377
711027592,17607265,19853
1033623466,33287310,19854
1052534542,19565105,19855
1035027648,25327079,19856
981255200,25327079,19857
1008699384,26447728,19858
1008691486,26447728,19859
985417832,28035599,19860
985415368,28035599,19861
985412153,28035599,19862
961801278,28035599,19863
466551782,9721849,19864
706811938,6796019,19865
568717557,6796019,19866
542565691,6796019,19867
528646491,6796019,19868
520080652,6796019,19869
490839191,6796019,19870
466665330,6796019,19871
742653371,17823008,19872
739045410,17823008,19873
730941800,17823008,19874
725421067,17823008,19875
715747756,17823008,19876
712603873,17823008,19877
707485883,17823008,19878
697532763,17823008,19879
1002302778,25290803,19880
723258637,1987511,19881
719369666,1987511,19882
610386282,1987511,19883
589413586,1987511,19884
586664034,1987511,19885
578695880,1987511,19886
539532615,1987511,19887
475961986,1987511,19888
953282735,27670851,19889
953250979,27670851,19890
953071570,27670851,19891
564969416,12968900,19892
557005811,12968900,19893
555533629,12968900,19894
550774336,12968900,19895
550370358,12968900,19896
549863696,12968900,19897
532434644,12968900,19898
953498497,27921094,19899
538980622,2317850,19900
1066391456,34259287,19901
1054703816,34259287,19902
948574807,27517807,19903
948574054,27517807,19904
948573464,27517807,19905
946925907,27517807,19906
740731035,16828808,19907
731909194,16828808,19908
725682666,16828808,19909
724414046,16828808,19910
724411216,16828808,19911
684239899,16828808,19912
1061417227,34365134,19913
1060508761,34365134,3977
1060091787,34365134,19914
716725114,15667287,19915
682567208,15667287,19916
680689899,15667287,19917
651605326,15667287,19918
651594900,15667287,19919
571193516,11437097,19920
550735597,11437097,19921
547050815,11437097,19922
526672003,11437097,1166
525670685,11437097,19923
511393940,11437097,19924
511391441,11437097,19925
493178197,11437097,19926
1006114926,27730582,19927
1036517776,33883309,19928
1036303367,33883309,19929
939714450,27414257,19930
591674916,13113361,19931
590198198,13113361,19932
577885099,13113361,19933
573670191,13113361,19934
568358312,13113361,19935
563299823,13113361,19936
540329659,13113361,19933
540329038,13113361,19937
539580245,13113361,19938
539348628,13113361,19939
545177445,11805666,19940
540186857,11805666,19941
518276481,11805666,19942
504098545,11805666,19943
503855250,11805666,19944
496047365,11805666,19945
474860614,11805666,19946
549099778,11708077,19947
438196424,11708077,19948
433188773,11708077,19949
1050446860,34226066,19950
934650739,27135890,19951
934649693,27135890,19952
934648691,27135890,19953
934645892,27135890,19954
1057939122,34096259,19955
1045544268,34096259,19956
1044546572,34096259,19957
674072443,17282143,19958
727178869,17337852,927
726797693,17337852,19959
1064253404,33103550,19960
1063439150,33103550,19961
1005616497,33103550,19962
986713898,26355295,19963
904183449,26355295,19964
252844253,6774393,19965
469226620,10801866,19966
832917799,23920420,19967
832577522,23920420,19968
1054963466,32871555,19969
1054405533,32871555,19970
542141383,12530053,19971
522186365,12530053,2970
515357951,12530053,19972
572915766,12874736,19973
569003037,12874736,19974
566402796,12874736,19975
549859222,12874736,1736
547472998,12874736,19976
533274089,12874736,19977
527784338,12874736,19978
526164654,12874736,19979
526160950,12874736,19980
1030130461,13335965,19981
1009949944,13335965,19982
1009949531,13335965,19983
784298993,13335965,19984
657933031,13335965,19985
627624227,13335965,19986
581699750,13335965,19987
667549071,8602636,19988
562478144,8602636,19989
552345738,8602636,19990
535289814,8602636,19991
494762346,8602636,19992
488644352,8602636,19993
1022890504,32704739,19994
1003769996,32704739,19995
1026864483,32793965,19996
1026852617,32793965,19997
1026670918,32793965,19998
913885007,25174905,19999
679655510,13873247,20000
672341654,13873247,17187
578247218,13873247,20001
573860540,13873247,20002
573627478,13873247,17188
573621030,13873247,20003
573620183,13873247,17189
568997786,13873247,13082
1025209978,16827815,20004
1025209732,16827815,20005
1025209625,16827815,20006
1022150838,33332069,20007
901652732,25454406,20008
901645480,25454406,20009
898507640,25454406,20010
750212481,19408025,20011
743045417,19408025,20012
736238908,19408025,20013
789593364,17558611,20014
746971564,17558611,20015
746906228,17558611,20016
697496242,17558611,20016
713787631,13195619,20017
676695185,13195619,20018
672410223,13195619,20019
667808585,13195619,20020
667804637,13195619,20021
678723050,8071799,20022
590780337,8071799,20023
574106977,8071799,20024
544330802,8071799,20025
505290356,8071799,20026
693747818,5113272,20027
554968135,5113272,20028
1014012392,28665841,20029
1014012012,28665841,20030
1014010086,28665841,20031
891093800,25564935,20032
1006619774,33110501,20033
1006511317,33110501,20034
689279555,17415212,20035
676718048,17415212,20036
737568541,18970135,20037
715917537,18970135,20038
1004470216,33057125,20039
1004220269,33057125,20040
1004037235,33057125,20041
891986886,23544470,20042
891982435,23544470,20043
703091547,12613794,20044
594925425,12613794,17959
693432749,2433197,12049
669327429,2433197,20045
527610198,2433197,20046
523327168,2433197,20047
1011536841,33236865,20048
1011536382,33236865,20049
1010947604,33236865,20050
709027321,10165830,20051
690097631,10165830,20052
676258896,10165830,20053
675157190,10165830,20054
1018159829,27107162,20055
996023407,32797386,20056
705887470,4049421,20057
699791430,4049421,4752
695301250,4049421,2997
693107911,4049421,8668
674530971,4049421,20058
614045593,4049421,20059
611304482,4049421,20060
605850564,4049421,20061
555728522,4049421,19505
528396123,4049421,20062
503155628,4049421,20063
481135496,4049421,20064
477722140,4049421,20065
468244414,4049421,20066
713910566,7950997,1408
609438233,7950997,20067
557056392,7950997,20068
469502978,7950997,20069
951588362,9986381,20070
951587277,9986381,20071
944744526,9986381,20072
954162546,27415211,20073
476721634,8385963,20074
878721588,25089830,20075
869567674,25089830,10540
869567214,25089830,20076
866353212,25089830,20077
714692483,19086070,20078
1036668958,33988252,20079
583166186,11124045,2825
539391978,11124045,8484
524557311,11124045,20080
510912570,11124045,20081
1064079396,31085963,20082
978998033,28046392,20083
986416561,28653969,20084
973457011,28653969,20085
578731182,8532676,20086
859751905,24834206,20087
859750984,24834206,20088
853379718,24834206,20089
946025234,26651228,20090
945914578,26651228,20091
674381424,6523110,20092
497007552,6523110,20093
465308473,6523110,20094
444181958,6523110,181
611861836,14067894,20095
596948539,14067894,20096
595454104,14067894,20097
593152149,14067894,20098
593033476,14067894,20099
565878999,7659428,2312
558452420,7659428,20100
504156425,7659428,20101
502450394,7659428,20102
487242850,7659428,20103
474829199,7659428,3533
469326571,7659428,20104
431081742,7659428,181
1035734670,28931647,20105
970084628,14187194,2267
970084537,14187194,2268
714353559,14187194,20106
647936528,14187194,20107
607586671,14187194,20108
589732136,14187194,20109
589031389,14187194,20110
707446169,16656504,20111
693061749,16656504,20112
674986376,16656504,20113
527981053,1964479,20114
476983219,1964479,20115
282900743,1964479,2340
731795356,4235303,20116
731599407,4235303,20117
715081489,4235303,1739
672765530,4235303,20118
672391408,4235303,1736
504814333,4235303,20119
504808091,4235303,20120
463996407,4235303,20121
751776709,15296019,20122
704138359,15296019,20123
697399522,15296019,20124
696915960,15296019,20125
1032891214,33234943,20126
1030418651,33234943,20127
668551444,11816951,20128
552943461,11816951,20129
551657518,11816951,20130
489240360,11816951,20131
930272544,26866574,20132
930269962,26866574,18872
930269841,26866574,10449
1017916202,33308814,20133
1029343631,33422352,20134
1029340257,33422352,20135
988357912,32822135,20136
1025464560,33400530,20137
1000139319,32998021,20138
704557350,9882201,20139
608949903,9882201,9786
577629086,9882201,11916
548972311,9882201,20140
545870647,9882201,20141
542835833,9882201,20142
536089678,9882201,20143
523125709,9882201,20144
932816840,26161059,20145
740910569,6620563,20146
551030003,6620563,20147
468312174,6620563,20148
571948375,11487920,20149
548972127,11487920,20150
483748216,11487920,20151
856053029,25000171,20152
855913305,24495424,20153
850023746,24495424,20154
850012911,24495424,20155
686312549,2082354,20156
851861518,24164802,20157
851860790,24164802,20158
847286103,24164802,20159
1016430829,33253996,20160
1013428097,33253996,20161
517945343,2624562,20162
1011311872,33111686,20163
1010877600,33066095,20164
1011020894,33223928,20165
593201862,4737694,20166
1014871128,32716121,20167
997080831,32716121,20168
565175874,11741470,3512
557662128,11741470,20169
469536345,11741470,20170
1054824326,8415862,20171
679370805,8415862,20172
677279321,8415862,20173
671970410,8415862,20174
551078498,8415862,20175
548134851,8415862,20176
546178841,8415862,20177
533426855,8415862,20178
505353990,8415862,20179
476270644,8415862,20180
1002616906,33029989,20181
1002298885,33029989,20182
713417718,12500777,20183
588834991,12500777,20184
509504931,12500777,20185
492930858,12500777,20186
838018839,14074123,20187
694911821,14074123,20188
744973132,12878922,20189
676174081,12878922,20190
564281376,12878922,20191
731139523,6902487,20192
713843018,6902487,20193
713841882,6902487,20194
712497319,6902487,20195
712496384,6902487,20196
712491494,6902487,20197
712184744,6902487,20198
712119569,6902487,20199
712106759,6902487,20200
609286270,6902487,1166
603795027,6902487,20201
591422135,6902487,20202
590078288,6902487,20203
589974673,6902487,20204
589146956,6902487,20205
571494326,6902487,20206
569280232,6902487,20207
559405670,6902487,20208
559024205,6902487,20209
749962492,20199962,20210
748066778,20199962,20211
747905064,20199962,20212
936115517,23000709,20213
996948606,32800829,215
973168750,27146902,20214
603198828,14175795,20215
745818153,19298477,20216
745107585,19298477,20217
733534409,19298477,20218
726411682,19298477,20219
905383170,25375419,20220
760266060,15296091,20221
986963880,26230267,19844
984530583,26230267,20222
614025127,13365886,20223
734191320,19509369,20224
733234032,19509369,20225
733000176,19509369,20226
732010678,19509369,20227
688621198,13217248,20228
666275301,13217248,2886
558187680,13217248,20229
979107044,28913245,20230
714730136,17301432,20231
954332204,27101366,20232
741709193,17581560,20233
725139703,17581560,20234
722545191,17581560,20235
680662205,17581560,20236
573611898,7192950,3542
481344488,7192950,20237
970361815,28252666,20238
718149946,17559281,20239
1066838829,34324178,20240
969498211,27455780,20241
962552025,27455780,20242
575845643,7915234,20243
561150255,7915234,12375
553038600,7915234,20244
505332033,7915234,20245
517446619,4474246,181
1039670938,33355229,20246
1039609730,33355229,20247
983341602,26577423,20248
959309137,28016783,20249
959291203,28016783,20250
956930519,27930171,20251
577748250,1809062,20252
416696767,1809062,474
1068358385,20988203,20253
1011798765,11670703,20254
540832868,11670703,20255
666259070,12607031,20256
543653364,12607031,20257
948467222,26861541,20258
669667980,17375520,20259
669659107,17375520,20260
517247716,12821591,20261
516992770,12821591,20262
516931727,12821591,20263
516886991,12821591,20264
516587440,12821591,20265
946745468,8262980,20266
946282734,8262980,20267
944931036,27500879,20268
943487477,27500879,20269
746306029,19982426,20270
936574241,27166057,20271
1068461665,29788062,20272
499348856,8807637,11076
471376274,8807637,11076
525163143,1222235,20273
664935229,12906682,20274
546531741,12906682,20275
538617229,12906682,20276
1038009236,33996522,20277
1038006814,33996522,20278
1046124491,33960254,20279
483444263,8089368,20280
945522094,26899566,20281
930714544,26899566,20282
929620534,26899566,2362
953282197,25439649,20283
473740744,10005982,20284
690514064,9454760,20285
602262933,9454760,20286
559107133,9454760,20286
523350612,9454760,20287
642377399,9831882,20288
590477922,9831882,20289
574509925,9831882,281
502909608,9831882,20290
1065675230,12913033,20291
905405939,12913033,20292
749012011,12913033,20293
684930156,12913033,585
627608076,12913033,20294
581833136,12913033,20295
537528110,12913033,20296
535529852,12913033,20297
531975783,12913033,20298
531974576,12913033,20299
531974551,12913033,20300
733695161,17807027,20301
711900033,17807027,20302
705708534,17807027,20303
696079716,17807027,20304
695805484,17807027,20305
605475186,14956555,20306
605475116,14956555,20307
604908731,14956555,20308
604904731,14956555,20309
555450302,11772175,20310
469519083,11772175,306
1055910392,34295376,20311
497295571,7937872,2632
698982546,10813344,3167
515407779,10813344,2886
734108410,8021652,20312
589901940,8021652,20313
562752533,8021652,20314
544125712,8021652,20315
280888708,8021652,20316
1040072602,17624006,20317
747542429,17624006,20318
745097154,17624006,20319
737568161,17624006,20320
721199278,17624006,20321
700117119,17624006,20322
695141800,17624006,20323
845941452,20145724,20324
885812017,25415797,20325
884633721,25415797,20326
574090206,13567666,20327
569843633,13567666,20328
569841867,13567666,283
569835741,13567666,20329
746215461,18719480,20330
887565190,25179484,20331
871471410,25179484,20332
970076335,28040137,20333
551641153,12254061,20334
551441504,12254061,20335
468121012,12254061,20336
742734491,19546696,20337
737806086,19546696,20338
465712375,11893943,20339
603788805,11677684,1166
498406911,11677684,20340
482171384,11677684,20341
736725203,19745724,20342
736711541,19745724,20343
736448409,19745724,20344
737740327,19625594,20345
736514677,19625594,20346
868005314,15122395,20347
868004625,15122395,20348
719895591,17817078,20349
705882404,17817078,20350
721667173,18544295,20351
719257802,18544295,1568
706724708,18378709,20352
559541707,5566638,20353
702197461,17838710,20354
701283780,17838710,20355
750273098,14802289,20356
597150466,14802289,20357
736744356,15576751,20358
699440792,15576751,20359
553668131,2432358,20360
730483462,17337862,20361
667067658,17337862,20362
822503485,13993341,20363
776802197,13993341,20364
661970088,13993341,20365
573441492,13993341,20366
667200778,6931525,20367
512218120,11636268,20368
476645375,11636268,20369
470445032,11636268,20370
469972897,11636268,20371
468412050,11636268,20372
736920330,8523263,20358
311165307,8523263,20373
987872620,32761853,352
945645692,26856619,20374
680173194,13485044,20375
558720753,13485044,20376
654463540,16666055,20377
654058451,16666055,20378
653842525,16666055,20379
568393320,7276713,20380
675665526,15134987,20381
749519269,19723152,20382
736225615,19723152,20383
610766375,7940439,20384
362689402,7940439,20385
563253619,968072,20386
550869156,5993308,20387
533609826,5993308,20388
197927401,3200029,20389
570018965,13195362,20390
619105677,14028229,20391
697143553,17661179,20392
941622922,2049260,20393
1067926606,11535750,20394
1066589879,34449487,20395
728315719,19121631,20396
726797422,19121631,20397
1066236942,26502465,20398
1065298569,34466366,20399
594182346,14781340,20400
594182273,14781340,20401
594182069,14781340,20402
1062974123,33026912,20403
1061054633,34308641,20404
578914623,14067722,20405
572807730,12907110,2129
670805642,15608745,20406
670581947,15608745,20407
1057720186,34013998,20408
1055446417,26618999,19762
1023470024,26618999,19762
1054379073,27426698,20409
695387026,11853028,3541
538068018,11853028,20410
469399412,11853028,460
1055523762,33036153,20411
577298211,13476950,20412
563638364,13476950,20413
562842882,13476950,20414
750122737,17695826,20415
749222520,17695826,20416
737022090,17695826,10329
728515293,17695826,1459
715530479,17695826,20417
604262003,14109000,20418
587316994,14109000,20419
586541432,14109000,20420
585787720,14109000,20421
781395982,21319667,20422
1045223061,25340352,20423
842208552,24066153,20424
842149150,24066153,20425
1043220868,28161684,20426
669080101,15074352,20427
742429606,11908024,20428
568359211,11908024,20429
505644040,11908024,20430
504395543,11908024,20431
468640167,11908024,20432
1037935653,33995169,8995
940176851,11548216,20433
442852530,6963235,20434
1036577501,33987507,20079
1036281249,33973175,20435
1036141848,33178389,20436
1035029239,33677544,20437
730387323,15709055,20438
717029084,15709055,20439
717028268,15709055,20440
715937487,15709055,1303
703433533,15709055,1054
837549150,15179830,20441
720678081,13859736,20442
581351783,13859736,20443
734436129,8814986,8522
733867823,8814986,20444
521632458,8814986,20445
503771140,8814986,20446
1032148202,33733987,20447
558074398,12480163,20448
491844573,12480163,20449
1029508919,33593284,20450
1026520694,33042237,20451
1023708692,33393854,20452
1022179168,33334188,20453
1017570180,33316084,20454
1017276729,33285166,20455
758774249,19413589,20456
758448467,19413589,20457
1016352857,33222097,20458
1014179059,33190581,20459
1013713035,33257676,20460
1012501933,33234929,20461
1011307366,33230363,20462
1010083136,27745969,20463
710755333,18898175,20464
1008191333,33131194,20465
744602541,12480148,20466
487543146,12480148,20467
1007068723,33102394,20468
1006080932,21007691,20469
539572550,8263526,20470
480753404,8263526,20471
395050856,8263526,20472
999918330,27834437,18706
556954518,11950118,20473
514716461,11950118,20474
1031719957,28655813,20475
1000747370,28655813,20476
994816200,11733420,20477
994785940,28311584,20478
752105501,19481226,20479
761147273,18218424,20480
701657262,18218424,20481
739091021,19449206,5831
992336668,29037198,20482
992460023,32900614,20483
592290054,12387673,20484
499401481,12387673,20485
746244244,19685787,20486
734746274,19685787,20487
740357381,9806485,20488
740357085,9806485,20489
736170664,19459009,20490
678195602,1809060,2309
984506851,32720718,20491
983278712,31396257,20492
983007359,28653245,20493
553578333,11948078,20494
551919176,11948078,20495
980421187,30118358,20496
725871967,19116110,20497
726380965,19255369,20498
721148763,19255369,20499
719369755,19103310,20500
733305396,17826430,20501
973054142,28029571,20502
683915104,17642713,20503
713037458,17653657,20504
969222644,27159278,20505
744782868,8471366,20506
604215993,8471366,20507
599418645,8471366,20508
594786001,8471366,20509
571241208,8471366,8300
549214856,8471366,20510
545657550,8471366,608
543918221,8471366,20511
499799766,8471366,20512
961737797,28046665,20496
713523090,17497728,20513
675374385,17497728,20514
535021007,6651155,20515
690531116,17722145,20516
570024338,12116949,20517
492894529,12116949,20518
956796442,27718784,20519
956014240,27948908,20520
691938190,15292453,20521
520606490,8380718,20522
518190919,8380718,20523
730393602,12473799,20524
685223725,12473799,20525
674894688,12473799,20526
602596884,12473799,2822
581028896,12473799,20527
566428654,12473799,20528
465459688,8555099,20529
951152900,27739471,20271
950780030,27733187,20530
715006286,15338329,11894
682801408,16797716,20531
659156949,16797716,20532
947776365,25130288,20533
685636029,11488943,20534
719728290,5961553,14653
603357332,5961553,20535
591108540,5961553,20536
466943780,6280983,20537
741120376,7915242,20538
674131482,12666309,20539
609237403,11741456,110
595994751,11741456,20540
504389253,11741456,20541
483469756,11741456,20542
934107245,27118347,20543
728196638,13354701,20544
554322951,13354701,20545
929056237,27004241,20546
929126500,26894148,2362
634536057,15327280,20547
673877696,14140769,20548
586554589,14140769,20549
922995314,26772195,20550
922603498,26790666,20551
919544041,19102676,20552
604858045,14121783,20553
733650927,8128439,20554
913980356,26536608,20555
607063033,11695843,20556
909251682,26450377,20557
902221080,25451870,20558
1011358259,28040588,20559
887937220,25437734,20560
577561032,13979482,20561
572706721,13979482,20562
885999514,25447663,20563
750697063,13455122,11019
747515465,13455122,20564
883708005,25409292,20565
882273303,25338450,20566
882141518,25352180,20567
881190234,24973320,20568
570673268,12996907,20569
558262149,12996907,20570
959101328,11039279,8515
712104863,11039279,8515
556741811,13412922,20571
556414173,13412922,20572
879375266,7370604,7087
712806042,7370604,20573
510571515,7370604,20574
481114231,7370604,481
427484153,7370604,633
873975311,21390152,20575
525904525,6662044,20576
872900378,25223013,20577
872251402,17836722,20578
871937399,25184748,20579
538607149,8180440,20580
744794918,16710665,20581
679935874,16710665,20582
678245852,16710665,20583
657938764,16710665,20584
657711692,16710665,20585
1007160167,28118264,20586
1007137035,28118264,20587
538177644,6632761,20588
518641623,6632761,20589
535545782,12500056,20590
493131818,12500056,20591
748170826,16959077,2383
844755038,24134294,20592
539631171,506280,20593
841892470,23914919,20594
838664196,23287842,20595
470042157,10818052,20596
469627896,10818052,20597
484250223,12073351,20598
743144963,10813505,20599
548762433,10813505,20600
1054486769,32799954,20601
653842678,6983495,437
430562772,6983495,1089
996482309,32842412,20602
1038030972,32842444,20603
784234252,23195941,20604
741692918,11677621,20605
705245898,11677621,20606
705241196,11677621,20607
627401721,11677621,12250
535308621,11677621,20608
486769147,11677621,20609
703921542,14790177,20610
598362025,14790177,20610
1023288189,2493165,20611
749019482,2493165,20612
744256884,2493165,20613
744235489,2493165,20614
744234791,2493165,20615
742817896,2493165,20616
741890060,2493165,20617
741681441,2493165,1719
738837749,2493165,20618
736788179,2493165,20619
734542201,2493165,20620
734257069,2493165,20621
733182202,2493165,20622
727180515,2493165,20623
726603140,2493165,20624
726331725,2493165,20625
721683901,2493165,20626
715170729,2493165,20627
712539009,2493165,20628
698776045,2493165,19015
694926329,2493165,20629
691714260,2493165,20630
690628763,2493165,20631
685329180,2493165,20632
683801896,2493165,13916
676350498,2493165,20633
674912203,2493165,20634
673878817,2493165,17178
669408925,2493165,7637
667069571,2493165,20635
666873199,2493165,20636
665854599,2493165,20637
610065747,2493165,20638
610052718,2493165,20639
609830474,2493165,20640
609024135,2493165,20641
608248960,2493165,20642
607738677,2493165,2299
605533042,2493165,20643
603415940,2493165,20644
596251050,2493165,20645
539088402,2493165,20646
376293247,2493165,20647
353770106,2493165,20648
1036578243,33393215,20079
741694430,12643528,20649
734592511,12643528,20650
721230717,12643528,20651
545674092,12643528,20652
700156470,6401503,20653
1023710919,16740664,20654
770246215,21248306,2906
758620293,21012921,20655
757675275,20376459,20656
490239963,10844805,20657
371303069,10844805,20658
608386749,2437849,2224
575426303,2437849,20659
533394679,2437849,20660
430567030,2437849,1089
427262050,2437849,469
560263339,11929810,2957
752613592,19274871,20661
541977406,8851172,20662
599552110,12296395,20663
481774989,12296395,20141
479350006,12296395,20664
473076989,12296395,20665
744772481,19900198,20666
744049516,17749596,20667
494279940,5960157,1308
930395672,15106411,20668
736225983,9715548,20669
732127814,19459687,20670
731244872,12860120,20671
726284690,19408022,20672
723173752,18178406,20673
722745417,19125869,20674
719789389,18978667,20675
718480675,18996024,20676
712863621,19041755,1037
695776799,17713575,20677
690788902,17632100,20678
688843303,11695391,20679
687952002,17632152,20680
684417468,17653187,20681
683320137,17623672,20682
547811647,12212100,20683
535845153,12212100,20684
509253986,12212100,20685
683567775,15661725,20686
672896102,17432329,20687
672618423,17427184,20688
658737688,16811460,20689
656676388,16724811,20690
654438600,16724834,20691
651902110,14120389,84
1063962079,34435229,20692
739999076,15232813,3131
617598462,15113015,20693
566990941,11648395,20694
562835765,11648395,20695
548314037,11648395,20696
459716141,11648395,20697
613334582,15058908,20698
610433624,13485265,12375
604851402,14986133,20699
597189853,14199295,20700
572183055,13934152,19501
866370921,25094305,20701
550204608,7112058,20702
746618660,14956572,20703
727845042,14956572,20704
727843307,14956572,20705
666630177,14956572,20706
944372341,14067872,20707
725816785,14067872,481
614481953,14067872,20708
613407939,14067872,20709
537044246,12821921,20710
526236702,12598378,20711
733505338,17376382,20621
502130698,10841527,20712
489512086,12454068,20713
739628832,15349040,20714
667139141,15349040,20715
665838031,15349040,20716
928131234,25273033,20717
734034643,19717967,20718
912055358,13518067,20719
581374564,13518067,20720
574548884,13518067,20721
567788061,13518067,20722
760989438,21023379,20723
715743737,12504892,20724
700540778,12504892,20725
523150906,12504892,20726
990803224,10388517,20727
741042854,10388517,20728
691407319,10388517,20729
670784439,10388517,20730
579231673,10388517,117
568363936,10388517,20429
529269587,10388517,985
472050211,10388517,2282
443507295,10388517,181
592897276,8783388,20731
574299619,8783388,20732
546750733,8783388,20733
553280919,11510519,20734
467059120,11443619,20735
676238571,10700975,1260
730531861,14928546,647
1058538268,34348392,20736
612430429,14795415,20737
564233596,8617840,20738
747125997,11733617,20739
707353985,11733617,20740
675422227,11733617,20360
674698082,11733617,2349
535325143,11733617,20741
497875815,11733617,20742
758761010,8444861,20743
741008118,8444861,20744
725506116,8444861,20745
675833548,8444861,1917
668008522,8444861,2790
603133061,8444861,20746
594722519,8444861,20747
593644932,8444861,20748
576415288,8444861,20749
567490701,8444861,20750
560141882,8444861,20751
537185958,8444861,20752
503824962,8444861,20753
482221331,8444861,20754
479647696,8444861,20755
349020503,8444861,20756
589366154,1809055,474
729044683,13934111,20757
589903650,4795421,20758
551656495,12906749,20759
528751978,7916284,2262
471278583,7916284,998
740687717,7043130,20760
614152812,7043130,20761
553561890,7043130,20762
527147144,7043130,20763
777971197,10815297,20764
1015172560,28319722,20765
1015171596,28319722,20766
770454087,13358578,20767
717435951,13358578,17283
715675400,13358578,20768
686858996,13358578,20769
586565081,13358578,20770
579635629,13358578,20771
570925675,13358578,20772
569562252,13358578,20773
553504341,11443792,20774
591687584,9996374,2129
900827825,19466077,20775
729712811,19466077,20776
729517889,19466077,20777
971560214,16780504,20778
668280011,13613302,20779
736473180,15146461,20780
732625188,15146461,3245
746426827,4153669,20781
718827500,4153669,20782
982800121,9996440,20783
612754947,9996440,20784
688341595,15019430,20785
610792581,15019430,20786
719897246,15125164,3131
715863420,15125164,20787
590751503,4552202,20788
574971051,4552202,20789
547947907,4552202,20790
547207771,4552202,20791
517688084,4552202,20792
517607446,4552202,20793
486684520,4552202,20794
468876652,4552202,1410
404498547,4552202,481
733872302,8317478,20795
596384399,8317478,20796
596260219,8317478,20797
576672552,8317478,20798
468326234,8317478,20799
612697801,14111778,20800
606888496,14111778,20801
583996072,14111778,20802
1068825310,34239306,18478
1068733055,34239306,20803
1068408567,34239306,20804
1067994951,34239306,20805
1067773437,34239306,20806
1067292898,34239306,20807
1067098787,34239306,20808
1066462970,34239306,20809
1064828933,34239306,20810
1063833155,34239306,15262
1062886511,34239306,20811
1062764863,34239306,20812
1062439252,34239306,20813
1061788452,34239306,20814
1060074810,34239306,20815
1056502373,34239306,20816
1056280726,34239306,20817
990638773,15273838,20818
741512596,14097738,20819
601354994,14097738,20820
674779715,14132672,20821
612429455,14132672,20822
730443587,10836471,20823
668281218,10836471,20779
548531723,10836471,20824
953704225,19449317,20825
970418092,25335358,20826
854365393,9715545,20827
743698575,9715545,20828
738811238,9715545,20829
737978882,9715545,20830
720909986,9715545,20831
710376679,9715545,20832
704942652,9715545,20833
692910693,9715545,2428
676243961,9715545,7581
673603206,9715545,20834
671944099,9715545,1276
670331789,9715545,20835
665918759,9715545,11499
631211109,9715545,20830
629868278,9715545,20836
627637008,9715545,20837
610343325,9715545,20838
603132942,9715545,20839
593188324,9715545,9222
581823990,9715545,20840
576631461,9715545,20841
574179623,9715545,20842
573062415,9715545,20843
572566666,9715545,20844
572083788,9715545,20845
566417965,9715545,20846
566019571,9715545,20847
563289323,9715545,20848
561002965,9715545,20849
557031766,9715545,20850
556936477,9715545,20851
551897669,9715545,20852
537784052,9715545,20853
528180061,9715545,20854
495555984,9715545,20855
466484250,9715545,20856
405293691,9715545,20857
998637617,33020222,20858
1030459526,33672474,4089
697675005,17791332,20859
730923420,2232886,20860
558746042,2232886,20861
538233765,2232886,20862
523731421,2232886,20863
1000377102,9806390,20864
983832195,9806390,20865
888021760,9806390,20866
760243590,9806390,20867
624333685,9806390,20868
551047150,9806390,1736
443013884,9806390,181
1051899502,12511664,20869
1016416875,12511664,20870
996100668,12511664,20871
984750128,12511664,20872
914016099,12511664,20873
912919239,12511664,20874
895797086,12511664,20875
888541351,12511664,20876
875197760,12511664,20877
869011403,12511664,20878
863781145,12511664,20879
863044680,12511664,20880
855570181,12511664,20881
748082516,12511664,20882
726571709,12511664,20883
574512293,12511664,20884
558948061,12511664,20885
543077457,12511664,20886
532269226,12511664,20887
491592380,12511664,20888
489949211,12511664,20889
685199677,11929801,20890
597514358,11929801,20891
582446764,11929801,20892
569806507,11929801,20893
468237064,11929801,20894
858283046,11547229,20895
827622016,11547229,20896
787085180,11547229,20897
781687075,11547229,20898
470384997,11547229,20899
466415060,11547229,181
516097889,11435998,20900
500580569,11435998,20901
499050504,11435998,20600
481737608,11435998,20902
667128430,11437239,20903
601448209,11437239,20904
427492563,11437239,20905
427490708,11437239,20906
427432424,11437239,20907
581867423,10068765,20908
575758534,10068765,20909
568090973,10068765,20910
552203285,10068765,20911
1016477126,26853903,20912
1008198506,26853903,20913
1030471071,33669397,20914
1029654756,33669397,4089
965248230,9996647,20915
878021672,9996647,20916
723249587,9996647,20917
657562832,9996647,435
983823089,24132166,20918
983735634,24132166,20919
1000075397,33018545,2181
998488462,33018545,20920
743661894,6983488,20921
742520764,6983488,20922
734531361,6983488,20923
733756601,6983488,20924
716266454,6983488,20925
713642249,6983488,20926
702528057,6983488,20927
688304994,6983488,20928
606692851,6983488,20929
569683720,6983488,20930
550382152,6983488,20931
509224626,6983488,20932
497871052,6983488,20933
491438774,6983488,20934
589420259,11443631,20935
551046695,11443631,20936
506852835,11443631,20937
1010149086,11698450,20938
970265406,11698450,20939
952342199,11698450,20940
801719308,11698450,20941
746246293,11698450,20942
737207057,11698450,10329
727665266,11698450,20943
724945402,11698450,20944
704061239,11698450,20945
692588496,11698450,20946
691976098,11698450,20947
685627722,11698450,10600
681396176,11698450,20948
666544833,11698450,20949
613372724,11698450,20950
611944749,11698450,10617
604627688,11698450,20951
602955576,11698450,20952
600717707,11698450,20953
600369964,11698450,20954
596899758,11698450,20955
595589381,11698450,20956
589490422,11698450,20957
577885909,9552996,20958
547963106,9552996,18830
520601762,9552996,20959
1010247937,12829864,20960
993969243,12829864,20961
964257677,12829864,20962
954175579,12829864,20963
920917543,12829864,20964
919071587,12829864,20965
903203567,12829864,20966
880928824,12829864,20967
880839587,12829864,20968
880832665,12829864,20969
880832659,12829864,20970
880787664,12829864,20971
880787016,12829864,20972
880786873,12829864,20973
880766116,12829864,20974
871463591,12829864,20975
734674453,12829864,20976
662219812,12829864,20977
644572154,12829864,1303
593733581,12829864,1416
551054756,12829864,481
536144050,12829864,20978
515406742,12829864,2886
577886769,6438519,20979
552666017,6438519,20980
551728280,6438519,20981
531485281,6438519,20982
496383042,6438519,20983
1024840198,27752784,20984
1000075260,27752784,2181
998987066,27752784,20985
998876273,27752784,2098
998502916,27752784,20986
952667886,27752784,914
951834031,27752784,2399
951025934,27752784,20987
1062912646,33012832,20988
1062523455,33012832,20989
1000075067,33012832,2181
998992263,33012832,20990
998986806,33012832,20985
998617507,33012832,2098
998087140,33012832,20920
747735556,9974597,20991
742976034,9974597,20992
739476959,9974597,20993
739431596,9974597,20994
734464148,9974597,20995
724671598,9974597,20996
722491809,9974597,4519
681013128,9974597,1246
673747977,9974597,9107
610673359,9974597,20997
609779720,9974597,20998
609662628,9974597,20999
578264075,9974597,8508
578225518,9974597,21000
577785854,9974597,21001
575984251,9974597,21002
572370913,9974597,21003
565559174,9974597,21004
565463062,9974597,21005
1057904484,15300685,21006
1045774344,15300685,21007
1045103862,15300685,21008
1028335214,15300685,21009
1017595793,15300685,21010
1006024477,15300685,21011
1001477561,15300685,21012
995959245,15300685,21013
992058248,15300685,21014
991804281,15300685,21015
990222165,15300685,21016
988771311,15300685,21017
988247927,15300685,21018
987453832,15300685,21019
986838975,15300685,21020
974335330,15300685,21021
970799203,15300685,21022
962536161,15300685,21023
962122026,15300685,21024
961899118,15300685,21025
959212685,15300685,21026
954961896,15300685,21027
950290292,15300685,21028
949045131,15300685,21029
944948571,15300685,21030
942711712,15300685,21031
942350242,15300685,21032
941465806,15300685,21033
940495381,15300685,21034
939001968,15300685,12930
936694950,15300685,21035
936036060,15300685,21036
934219300,15300685,21037
931886057,15300685,21038
930711827,15300685,21039
928015339,15300685,21040
922376632,15300685,21041
921509138,15300685,21042
914115320,15300685,21043
905012580,15300685,21044
902376820,15300685,21045
900730021,15300685,21046
897967372,15300685,21047
888748798,15300685,21048
888162222,15300685,21049
888098144,15300685,21050
886816200,15300685,21051
876453763,15300685,21052
873974676,15300685,21053
867533056,15300685,21054
859824635,15300685,21055
852156340,15300685,21056
849422576,15300685,21057
840478332,15300685,21058
836787377,15300685,21059
828270863,15300685,21060
787566289,15300685,21061
785691514,15300685,21062
768870650,15300685,21063
761596755,15300685,21064
759708702,15300685,21065
749847669,15300685,21066
748073612,15300685,21067
746025760,15300685,21068
745430087,15300685,21069
743965238,15300685,21070
737405412,15300685,21071
731547973,15300685,21072
729425880,15300685,21073
729243162,15300685,21074
709821467,15300685,21075
669525804,15300685,21076
668795041,15300685,21077
748301388,11887667,21078
744270851,11887667,21079
725345915,11887667,21080
721641582,11887667,21081
720727025,11887667,21082
702385922,11887667,21083
701732995,11887667,21084
692493090,11887667,21085
577675627,11887667,21086
1065131074,15129760,21087
1063807531,15129760,21088
1063298436,15129760,21089
1062767346,15129760,21090
1061306821,15129760,21091
1060127541,15129760,21092
1058375360,15129760,21093
1056612875,15129760,21094
1056168340,15129760,21095
1056160101,15129760,21096
1055862078,15129760,21097
1055660852,15129760,21098
1055209402,15129760,21099
1054380481,15129760,21100
1054283127,15129760,21101
1053974267,15129760,21102
1053062985,15129760,21103
1052930343,15129760,21104
1052079857,15129760,21105
1050604720,15129760,21106
1050454045,15129760,21107
1048565027,15129760,21108
1048359468,15129760,21109
1047816695,15129760,21110
1046681824,15129760,21111
1043390009,15129760,21112
1043193137,15129760,21113
1043087980,15129760,21114
1041310074,15129760,21115
1040686804,15129760,21116
1039315274,15129760,21117
1038707555,15129760,21118
1037846447,15129760,21119
1036200169,15129760,21120
1035584390,15129760,21121
1035430754,15129760,21122
1035233253,15129760,21123
1034901902,15129760,21124
1034345989,15129760,21125
1032903051,15129760,21126
1032738938,15129760,21127
1027962387,15129760,21128
1027358205,15129760,21129
1026386188,15129760,21130
1026322570,15129760,21131
1025971602,15129760,21132
1025951942,15129760,21133
1024898906,15129760,21134
1024618906,15129760,21135
1024572273,15129760,21136
1024506076,15129760,21137
1023878309,15129760,21138
1023292992,15129760,21139
1022770858,15129760,21140
1022711900,15129760,21141
1022711728,15129760,21142
1022585647,15129760,12821
1022534838,15129760,21143
1021981486,15129760,21144
1019892984,15129760,21145
1017755875,15129760,21146
1016669388,15129760,21147
1015455300,15129760,21148
1015047774,15129760,21149
1013734417,15129760,21150
1010549211,15129760,21151
1010215637,15129760,21152
1008254028,15129760,21153
1007637481,15129760,21154
1006975430,15129760,21155
1005909375,15129760,21156
1005518582,15129760,21157
1005456624,15129760,21158
1001128107,15129760,21159
999102616,15129760,21160
997990385,15129760,21161
997469205,15129760,21162
996589520,15129760,21163
993060404,15129760,21164
992046171,15129760,21165
992036686,15129760,21166
992031848,15129760,21167
991996151,15129760,21168
991975451,15129760,21169
991899739,15129760,21170
990351156,15129760,21171
989937968,15129760,21172
989643785,15129760,21173
989377331,15129760,21174
986647502,15129760,12856
986576718,15129760,21175
982957636,15129760,21176
981707811,15129760,21177
979680269,15129760,21178
979570212,15129760,21179
979528715,15129760,21180
978645590,15129760,21181
972589455,15129760,21182
972015714,15129760,21183
971687665,15129760,21184
969798037,15129760,21185
969170768,15129760,21186
969166670,15129760,21187
967953941,15129760,21188
967821199,15129760,21189
967488901,15129760,21190
967366833,15129760,21191
966640074,15129760,21192
966307533,15129760,21193
965393810,15129760,21194
964414278,15129760,21195
964336803,15129760,21196
964219016,15129760,21197
963652581,15129760,21198
963228693,15129760,21199
961575556,15129760,21200
960070924,15129760,21201
959456673,15129760,21202
959093481,15129760,21203
958469729,15129760,21204
958036364,15129760,21205
955424893,15129760,12894
955162678,15129760,21206
955029965,15129760,21207
954187444,15129760,21208
954160903,15129760,21209
953196275,15129760,21210
951136692,15129760,21211
949570686,15129760,21212
949072307,15129760,21213
949049224,15129760,21214
948509657,15129760,21215
948294689,15129760,21216
948080550,15129760,21217
946888163,15129760,21218
944675352,15129760,21219
942355171,15129760,21220
941246516,15129760,21221
940925009,15129760,21222
940878381,15129760,21223
940244562,15129760,21224
939200575,15129760,21225
938568953,15129760,21226
938516739,15129760,21227
938450555,15129760,21228
937803452,15129760,21229
937613903,15129760,21230
937246577,15129760,21231
936607551,15129760,21232
936164387,15129760,21233
935949137,15129760,21234
935698165,15129760,21235
934586557,15129760,21236
934237268,15129760,12924
931983391,15129760,21237
931610827,15129760,21238
931551742,15129760,21239
931517121,15129760,21240
931445426,15129760,21241
931426370,15129760,21242
929516902,15129760,21243
929239265,15129760,21244
928877909,15129760,21245
927301639,15129760,21246
926974880,15129760,21247
926751426,15129760,21248
926564542,15129760,21249
926436952,15129760,21250
925357153,15129760,21251
923493324,15129760,21252
923155570,15129760,21253
922843630,15129760,21254
921186171,15129760,21255
920322042,15129760,21256
920180239,15129760,21257
918087070,15129760,21258
915164613,15129760,21259
914775268,15129760,21260
914773884,15129760,21261
914169525,15129760,21262
913728752,15129760,21263
912583445,15129760,21264
909289005,15129760,21265
907669476,15129760,21266
907654950,15129760,21267
907397753,15129760,21268
907385222,15129760,21269
907103292,15129760,21270
907006761,15129760,21271
906653986,15129760,21272
906430553,15129760,21273
906382499,15129760,21274
906209850,15129760,21275
905046598,15129760,21276
904507346,15129760,21277
903852997,15129760,21278
902970223,15129760,21279
902258561,15129760,21280
900883711,15129760,21281
900491727,15129760,21282
899095835,15129760,21283
898312227,15129760,21284
897781148,15129760,21285
896351631,15129760,21286
895508832,15129760,21287
895306342,15129760,21288
894822013,15129760,21289
893665961,15129760,21290
892880455,15129760,21291
892294973,15129760,21292
892019611,15129760,21293
891555530,15129760,21294
891234013,15129760,21295
890048546,15129760,21296
889418387,15129760,21297
888435792,15129760,21298
887337220,15129760,21299
886673824,15129760,21300
886515958,15129760,21301
885037099,15129760,21302
884518569,15129760,21303
882223988,15129760,21304
882150845,15129760,21305
879645045,15129760,21306
872060918,15129760,21307
871456519,15129760,21308
866306350,15129760,21309
865234643,15129760,21310
824726918,15129760,21311
742021418,15129760,1004
686282816,15129760,21312
682973486,15129760,21313
655913535,15129760,21314
1068807761,34514717,21315
